============================================================================================== 
Warning! Mixing Conda and module environments may lead to corruption of the
user environment. 
We do not recommend users mixing those two environments unless absolutely
necessary. Note that 
SURF does not provide any support for Conda environment.
For more information, please refer to our software policy page:
https://servicedesk.surf.nl/wiki/display/WIKI/Software+policy+Snellius#SoftwarepolicySnellius-UseofAnacondaandMinicondaenvironmentsonSnellius 

Remember that many packages have already been installed on the system and can
be loaded using 
the 'module load <package__name>' command. If you are uncertain if a package is
already available 
on the system, please use 'module avail' or 'module spider' to search for it.
============================================================================================== 
[rank: 0] Seed set to 42
wandb: [wandb.login()] Loaded credentials for https://api.wandb.ai from /home/evergnano/.netrc.
wandb: Currently logged in as: evergnano49 (equivariant-drifting) to https://api.wandb.ai. Use `wandb login --relogin` to force relogin
wandb: setting up run kce8miig
wandb: Tracking run with wandb version 0.26.0
wandb: Run data is saved locally in /gpfs/home2/evergnano/drifting-experiments/wandb/run-20260510_114507-kce8miig
wandb: Run `wandb offline` to turn off syncing.
wandb: Syncing run solar-frost-34
wandb: ⭐️ View project at https://wandb.ai/equivariant-drifting/riemannian
wandb: 🚀 View run at https://wandb.ai/equivariant-drifting/riemannian/runs/kce8miig
Using bfloat16 Automatic Mixed Precision (AMP)
GPU available: True (cuda), used: True
TPU available: False, using: 0 TPU cores
💡 Tip: For seamless cloud logging and experiment tracking, try installing [litlogger](https://pypi.org/project/litlogger/) to enable LitLogger, which logs metrics and artifacts automatically to the Lightning Experiments platform.
💡 Tip: For seamless cloud uploads and versioning, try installing [litmodels](https://pypi.org/project/litmodels/) to enable LitModelCheckpoint, which syncs automatically with the Lightning model registry.
LOCAL_RANK: 0 - CUDA_VISIBLE_DEVICES: [0]
Loading `train_dataloader` to estimate number of stepping batches.
CUDA is available. Using GPU.
Deterministic: False
Benchmark: True
/home/evergnano/.conda/envs/equi/lib/python3.11/site-packages/lightning/pytorch/utilities/model_summary/model_summary.py:242: Precision bf16-mixed is not supported by the model summary.  Estimated model size in MB will not be accurate. Using 32 bits instead.

  | Name      | Type | Params | Mode  | FLOPs
---------------------------------------------------
0 | generator | EGNN | 254 K  | train | 0    
---------------------------------------------------
254 K     Trainable params
0         Non-trainable params
254 K     Total params
1.017     Total estimated model params size (MB)
106       Modules in train mode
0         Modules in eval mode
0         Total Flops
SLURM auto-requeueing enabled. Setting signal handlers.

Sanity Checking: |          | 0/? [00:00<?, ?it/s]
Sanity Checking: |          | 0/? [00:00<?, ?it/s]
Sanity Checking DataLoader 0:   0%|          | 0/2 [00:00<?, ?it/s]Started validation step
Started forward pass
Batch size for logging: 32
Sampled prior
Generated molecules
Computed forward pass in validation step
Reached here

Sanity Checking DataLoader 0:  50%|█████     | 1/2 [00:00<00:00,  1.14it/s]Started validation step
Started forward pass
Batch size for logging: 32
Sampled prior
Generated molecules
Computed forward pass in validation step
Reached here

Sanity Checking DataLoader 0: 100%|██████████| 2/2 [00:01<00:00,  1.96it/s]
                                                                           

Training: |          | 0/? [00:00<?, ?it/s]
Training: |          | 0/? [00:00<?, ?it/s]
Epoch 0:   0%|          | 0/172 [00:00<?, ?it/s]Started forward pass
Batch size for logging: 32
Sampled prior
Generated molecules

Epoch 0:   1%|          | 1/172 [00:00<00:59,  2.89it/s]
Epoch 0:   1%|          | 1/172 [00:00<00:59,  2.88it/s, v_num=miig]Started forward pass
Batch size for logging: 32
Sampled prior
Generated molecules

Epoch 0:   1%|          | 2/172 [00:00<00:44,  3.80it/s, v_num=miig]
Epoch 0:   1%|          | 2/172 [00:00<00:44,  3.80it/s, v_num=miig]Started forward pass
Batch size for logging: 32
Sampled prior
Generated molecules

Epoch 0:   2%|▏         | 3/172 [00:00<00:39,  4.27it/s, v_num=miig]
Epoch 0:   2%|▏         | 3/172 [00:00<00:39,  4.27it/s, v_num=miig]Started forward pass
Batch size for logging: 32
Sampled prior
Generated molecules

Epoch 0:   2%|▏         | 4/172 [00:00<00:36,  4.56it/s, v_num=miig]
Epoch 0:   2%|▏         | 4/172 [00:00<00:36,  4.56it/s, v_num=miig]Started forward pass
Batch size for logging: 32
Sampled prior
Generated molecules

Epoch 0:   3%|▎         | 5/172 [00:01<00:35,  4.73it/s, v_num=miig]
Epoch 0:   3%|▎         | 5/172 [00:01<00:35,  4.72it/s, v_num=miig]Started forward pass
Batch size for logging: 32
Sampled prior
Generated molecules

Epoch 0:   3%|▎         | 6/172 [00:01<00:34,  4.87it/s, v_num=miig]
Epoch 0:   3%|▎         | 6/172 [00:01<00:34,  4.86it/s, v_num=miig]Started forward pass
Batch size for logging: 32
Sampled prior
Generated molecules

Epoch 0:   4%|▍         | 7/172 [00:01<00:33,  4.97it/s, v_num=miig]
Epoch 0:   4%|▍         | 7/172 [00:01<00:33,  4.96it/s, v_num=miig]Started forward pass
Batch size for logging: 32
Sampled prior
Generated molecules

Epoch 0:   5%|▍         | 8/172 [00:01<00:32,  5.03it/s, v_num=miig]
Epoch 0:   5%|▍         | 8/172 [00:01<00:32,  5.03it/s, v_num=miig]Started forward pass
Batch size for logging: 32
Sampled prior
Generated molecules

Epoch 0:   5%|▌         | 9/172 [00:01<00:32,  5.04it/s, v_num=miig]
Epoch 0:   5%|▌         | 9/172 [00:01<00:32,  5.03it/s, v_num=miig]Started forward pass
Batch size for logging: 32
Sampled prior
Generated molecules

Epoch 0:   6%|▌         | 10/172 [00:01<00:31,  5.10it/s, v_num=miig]
Epoch 0:   6%|▌         | 10/172 [00:01<00:31,  5.09it/s, v_num=miig]Started forward pass
Batch size for logging: 32
Sampled prior
Generated molecules

Epoch 0:   6%|▋         | 11/172 [00:02<00:31,  5.14it/s, v_num=miig]
Epoch 0:   6%|▋         | 11/172 [00:02<00:31,  5.14it/s, v_num=miig]Started forward pass
Batch size for logging: 32
Sampled prior
Generated molecules

Epoch 0:   7%|▋         | 12/172 [00:02<00:30,  5.18it/s, v_num=miig]
Epoch 0:   7%|▋         | 12/172 [00:02<00:30,  5.18it/s, v_num=miig]Started forward pass
Batch size for logging: 32
Sampled prior
Generated molecules

Epoch 0:   8%|▊         | 13/172 [00:02<00:30,  5.21it/s, v_num=miig]
Epoch 0:   8%|▊         | 13/172 [00:02<00:30,  5.21it/s, v_num=miig]Started forward pass
Batch size for logging: 32
Sampled prior
Generated molecules

Epoch 0:   8%|▊         | 14/172 [00:02<00:30,  5.24it/s, v_num=miig]
Epoch 0:   8%|▊         | 14/172 [00:02<00:30,  5.24it/s, v_num=miig]Started forward pass
Batch size for logging: 32
Sampled prior
Generated molecules

Epoch 0:   9%|▊         | 15/172 [00:02<00:29,  5.27it/s, v_num=miig]
Epoch 0:   9%|▊         | 15/172 [00:02<00:29,  5.26it/s, v_num=miig]Started forward pass
Batch size for logging: 32
Sampled prior
Generated molecules

Epoch 0:   9%|▉         | 16/172 [00:03<00:29,  5.29it/s, v_num=miig]
Epoch 0:   9%|▉         | 16/172 [00:03<00:29,  5.29it/s, v_num=miig]Started forward pass
Batch size for logging: 32
Sampled prior
Generated molecules

Epoch 0:  10%|▉         | 17/172 [00:03<00:29,  5.30it/s, v_num=miig]
Epoch 0:  10%|▉         | 17/172 [00:03<00:29,  5.30it/s, v_num=miig]Started forward pass
Batch size for logging: 32
Sampled prior
Generated molecules

Epoch 0:  10%|█         | 18/172 [00:03<00:28,  5.32it/s, v_num=miig]
Epoch 0:  10%|█         | 18/172 [00:03<00:28,  5.32it/s, v_num=miig]Started forward pass
Batch size for logging: 32
Sampled prior
Generated molecules

Epoch 0:  11%|█         | 19/172 [00:03<00:28,  5.34it/s, v_num=miig]
Epoch 0:  11%|█         | 19/172 [00:03<00:28,  5.34it/s, v_num=miig]Started forward pass
Batch size for logging: 32
Sampled prior
Generated molecules

Epoch 0:  12%|█▏        | 20/172 [00:03<00:28,  5.35it/s, v_num=miig]
Epoch 0:  12%|█▏        | 20/172 [00:03<00:28,  5.35it/s, v_num=miig]Started forward pass
Batch size for logging: 32
Sampled prior
Generated molecules

Epoch 0:  12%|█▏        | 21/172 [00:03<00:28,  5.37it/s, v_num=miig]
Epoch 0:  12%|█▏        | 21/172 [00:03<00:28,  5.37it/s, v_num=miig]Started forward pass
Batch size for logging: 32
Sampled prior
Generated molecules

Epoch 0:  13%|█▎        | 22/172 [00:04<00:27,  5.38it/s, v_num=miig]
Epoch 0:  13%|█▎        | 22/172 [00:04<00:27,  5.38it/s, v_num=miig]Started forward pass
Batch size for logging: 32
Sampled prior
Generated molecules

Epoch 0:  13%|█▎        | 23/172 [00:04<00:27,  5.39it/s, v_num=miig]
Epoch 0:  13%|█▎        | 23/172 [00:04<00:27,  5.39it/s, v_num=miig]Started forward pass
Batch size for logging: 32
Sampled prior
Generated molecules

Epoch 0:  14%|█▍        | 24/172 [00:04<00:27,  5.40it/s, v_num=miig]
Epoch 0:  14%|█▍        | 24/172 [00:04<00:27,  5.40it/s, v_num=miig]Started forward pass
Batch size for logging: 32
Sampled prior
Generated molecules

Epoch 0:  15%|█▍        | 25/172 [00:04<00:27,  5.41it/s, v_num=miig]
Epoch 0:  15%|█▍        | 25/172 [00:04<00:27,  5.41it/s, v_num=miig]Started forward pass
Batch size for logging: 32
Sampled prior
Generated molecules

Epoch 0:  15%|█▌        | 26/172 [00:04<00:26,  5.42it/s, v_num=miig]
Epoch 0:  15%|█▌        | 26/172 [00:04<00:26,  5.42it/s, v_num=miig]Started forward pass
Batch size for logging: 32
Sampled prior
Generated molecules

Epoch 0:  16%|█▌        | 27/172 [00:04<00:26,  5.43it/s, v_num=miig]
Epoch 0:  16%|█▌        | 27/172 [00:04<00:26,  5.43it/s, v_num=miig]Started forward pass
Batch size for logging: 32
Sampled prior
Generated molecules

Epoch 0:  16%|█▋        | 28/172 [00:05<00:26,  5.44it/s, v_num=miig]
Epoch 0:  16%|█▋        | 28/172 [00:05<00:26,  5.44it/s, v_num=miig]Started forward pass
Batch size for logging: 32
Sampled prior
Generated molecules

Epoch 0:  17%|█▋        | 29/172 [00:05<00:26,  5.45it/s, v_num=miig]
Epoch 0:  17%|█▋        | 29/172 [00:05<00:26,  5.45it/s, v_num=miig]Started forward pass
Batch size for logging: 32
Sampled prior
Generated molecules

Epoch 0:  17%|█▋        | 30/172 [00:05<00:26,  5.46it/s, v_num=miig]
Epoch 0:  17%|█▋        | 30/172 [00:05<00:26,  5.46it/s, v_num=miig]Started forward pass
Batch size for logging: 32
Sampled prior
Generated molecules

Epoch 0:  18%|█▊        | 31/172 [00:05<00:25,  5.46it/s, v_num=miig]
Epoch 0:  18%|█▊        | 31/172 [00:05<00:25,  5.46it/s, v_num=miig]Started forward pass
Batch size for logging: 32
Sampled prior
Generated molecules

Epoch 0:  19%|█▊        | 32/172 [00:05<00:25,  5.47it/s, v_num=miig]
Epoch 0:  19%|█▊        | 32/172 [00:05<00:25,  5.47it/s, v_num=miig]Started forward pass
Batch size for logging: 32
Sampled prior
Generated molecules

Epoch 0:  19%|█▉        | 33/172 [00:06<00:25,  5.47it/s, v_num=miig]
Epoch 0:  19%|█▉        | 33/172 [00:06<00:25,  5.47it/s, v_num=miig]Started forward pass
Batch size for logging: 32
Sampled prior
Generated molecules

Epoch 0:  20%|█▉        | 34/172 [00:06<00:25,  5.48it/s, v_num=miig]
Epoch 0:  20%|█▉        | 34/172 [00:06<00:25,  5.48it/s, v_num=miig]Started forward pass
Batch size for logging: 32
Sampled prior
Generated molecules

Epoch 0:  20%|██        | 35/172 [00:06<00:24,  5.48it/s, v_num=miig]
Epoch 0:  20%|██        | 35/172 [00:06<00:24,  5.48it/s, v_num=miig]Started forward pass
Batch size for logging: 32
Sampled prior
Generated molecules

Epoch 0:  21%|██        | 36/172 [00:06<00:24,  5.49it/s, v_num=miig]
Epoch 0:  21%|██        | 36/172 [00:06<00:24,  5.49it/s, v_num=miig]Started forward pass
Batch size for logging: 32
Sampled prior
Generated molecules

Epoch 0:  22%|██▏       | 37/172 [00:06<00:24,  5.49it/s, v_num=miig]
Epoch 0:  22%|██▏       | 37/172 [00:06<00:24,  5.49it/s, v_num=miig]Started forward pass
Batch size for logging: 32
Sampled prior
Generated molecules

Epoch 0:  22%|██▏       | 38/172 [00:06<00:24,  5.49it/s, v_num=miig]
Epoch 0:  22%|██▏       | 38/172 [00:06<00:24,  5.49it/s, v_num=miig]Started forward pass
Batch size for logging: 32
Sampled prior
Generated molecules

Epoch 0:  23%|██▎       | 39/172 [00:07<00:24,  5.50it/s, v_num=miig]
Epoch 0:  23%|██▎       | 39/172 [00:07<00:24,  5.50it/s, v_num=miig]Started forward pass
Batch size for logging: 32
Sampled prior
Generated molecules

Epoch 0:  23%|██▎       | 40/172 [00:07<00:23,  5.50it/s, v_num=miig]
Epoch 0:  23%|██▎       | 40/172 [00:07<00:23,  5.50it/s, v_num=miig]Started forward pass
Batch size for logging: 32
Sampled prior
Generated molecules

Epoch 0:  24%|██▍       | 41/172 [00:07<00:23,  5.51it/s, v_num=miig]
Epoch 0:  24%|██▍       | 41/172 [00:07<00:23,  5.51it/s, v_num=miig]Started forward pass
Batch size for logging: 32
Sampled prior
Generated molecules

Epoch 0:  24%|██▍       | 42/172 [00:07<00:23,  5.51it/s, v_num=miig]
Epoch 0:  24%|██▍       | 42/172 [00:07<00:23,  5.51it/s, v_num=miig]Started forward pass
Batch size for logging: 32
Sampled prior
Generated molecules

Epoch 0:  25%|██▌       | 43/172 [00:07<00:23,  5.51it/s, v_num=miig]
Epoch 0:  25%|██▌       | 43/172 [00:07<00:23,  5.51it/s, v_num=miig]Started forward pass
Batch size for logging: 32
Sampled prior
Generated molecules

Epoch 0:  26%|██▌       | 44/172 [00:07<00:23,  5.51it/s, v_num=miig]
Epoch 0:  26%|██▌       | 44/172 [00:07<00:23,  5.51it/s, v_num=miig]Started forward pass
Batch size for logging: 32
Sampled prior
Generated molecules

Epoch 0:  26%|██▌       | 45/172 [00:08<00:23,  5.52it/s, v_num=miig]
Epoch 0:  26%|██▌       | 45/172 [00:08<00:23,  5.52it/s, v_num=miig]Started forward pass
Batch size for logging: 32
Sampled prior
Generated molecules

Epoch 0:  27%|██▋       | 46/172 [00:08<00:22,  5.52it/s, v_num=miig]
Epoch 0:  27%|██▋       | 46/172 [00:08<00:22,  5.52it/s, v_num=miig]Started forward pass
Batch size for logging: 32
Sampled prior
Generated molecules

Epoch 0:  27%|██▋       | 47/172 [00:08<00:22,  5.52it/s, v_num=miig]
Epoch 0:  27%|██▋       | 47/172 [00:08<00:22,  5.52it/s, v_num=miig]Started forward pass
Batch size for logging: 32
Sampled prior
Generated molecules

Epoch 0:  28%|██▊       | 48/172 [00:08<00:22,  5.53it/s, v_num=miig]
Epoch 0:  28%|██▊       | 48/172 [00:08<00:22,  5.53it/s, v_num=miig]Started forward pass
Batch size for logging: 32
Sampled prior
Generated molecules

Epoch 0:  28%|██▊       | 49/172 [00:08<00:22,  5.53it/s, v_num=miig]
Epoch 0:  28%|██▊       | 49/172 [00:08<00:22,  5.53it/s, v_num=miig]Started forward pass
Batch size for logging: 32
Sampled prior
Generated molecules

Epoch 0:  29%|██▉       | 50/172 [00:09<00:22,  5.53it/s, v_num=miig]
Epoch 0:  29%|██▉       | 50/172 [00:09<00:22,  5.53it/s, v_num=miig]Started forward pass
Batch size for logging: 32
Sampled prior
Generated molecules

Epoch 0:  30%|██▉       | 51/172 [00:09<00:21,  5.53it/s, v_num=miig]
Epoch 0:  30%|██▉       | 51/172 [00:09<00:21,  5.53it/s, v_num=miig]Started forward pass
Batch size for logging: 32
Sampled prior
Generated molecules

Epoch 0:  30%|███       | 52/172 [00:09<00:21,  5.54it/s, v_num=miig]
Epoch 0:  30%|███       | 52/172 [00:09<00:21,  5.54it/s, v_num=miig]Started forward pass
Batch size for logging: 32
Sampled prior
Generated molecules

Epoch 0:  31%|███       | 53/172 [00:09<00:21,  5.54it/s, v_num=miig]
Epoch 0:  31%|███       | 53/172 [00:09<00:21,  5.54it/s, v_num=miig]Started forward pass
Batch size for logging: 32
Sampled prior
Generated molecules

Epoch 0:  31%|███▏      | 54/172 [00:09<00:21,  5.54it/s, v_num=miig]
Epoch 0:  31%|███▏      | 54/172 [00:09<00:21,  5.54it/s, v_num=miig]Started forward pass
Batch size for logging: 32
Sampled prior
Generated molecules

Epoch 0:  32%|███▏      | 55/172 [00:09<00:21,  5.55it/s, v_num=miig]
Epoch 0:  32%|███▏      | 55/172 [00:09<00:21,  5.55it/s, v_num=miig]Started forward pass
Batch size for logging: 32
Sampled prior
Generated molecules

Epoch 0:  33%|███▎      | 56/172 [00:10<00:20,  5.55it/s, v_num=miig]
Epoch 0:  33%|███▎      | 56/172 [00:10<00:20,  5.55it/s, v_num=miig]Started forward pass
Batch size for logging: 32
Sampled prior
Generated molecules

Epoch 0:  33%|███▎      | 57/172 [00:10<00:20,  5.55it/s, v_num=miig]
Epoch 0:  33%|███▎      | 57/172 [00:10<00:20,  5.55it/s, v_num=miig]Started forward pass
Batch size for logging: 32
Sampled prior
Generated molecules

Epoch 0:  34%|███▎      | 58/172 [00:10<00:20,  5.55it/s, v_num=miig]
Epoch 0:  34%|███▎      | 58/172 [00:10<00:20,  5.55it/s, v_num=miig]Started forward pass
Batch size for logging: 32
Sampled prior
Generated molecules

Epoch 0:  34%|███▍      | 59/172 [00:10<00:20,  5.55it/s, v_num=miig]
Epoch 0:  34%|███▍      | 59/172 [00:10<00:20,  5.55it/s, v_num=miig]Started forward pass
Batch size for logging: 32
Sampled prior
Generated molecules

Epoch 0:  35%|███▍      | 60/172 [00:10<00:20,  5.56it/s, v_num=miig]
Epoch 0:  35%|███▍      | 60/172 [00:10<00:20,  5.56it/s, v_num=miig]Started forward pass
Batch size for logging: 32
Sampled prior
Generated molecules

Epoch 0:  35%|███▌      | 61/172 [00:10<00:19,  5.56it/s, v_num=miig]
Epoch 0:  35%|███▌      | 61/172 [00:10<00:19,  5.56it/s, v_num=miig]Started forward pass
Batch size for logging: 32
Sampled prior
Generated molecules

Epoch 0:  36%|███▌      | 62/172 [00:11<00:19,  5.56it/s, v_num=miig]
Epoch 0:  36%|███▌      | 62/172 [00:11<00:19,  5.56it/s, v_num=miig]Started forward pass
Batch size for logging: 32
Sampled prior
Generated molecules

Epoch 0:  37%|███▋      | 63/172 [00:11<00:19,  5.56it/s, v_num=miig]
Epoch 0:  37%|███▋      | 63/172 [00:11<00:19,  5.56it/s, v_num=miig]Started forward pass
Batch size for logging: 32
Sampled prior
Generated molecules

Epoch 0:  37%|███▋      | 64/172 [00:11<00:19,  5.57it/s, v_num=miig]
Epoch 0:  37%|███▋      | 64/172 [00:11<00:19,  5.56it/s, v_num=miig]Started forward pass
Batch size for logging: 32
Sampled prior
Generated molecules

Epoch 0:  38%|███▊      | 65/172 [00:11<00:19,  5.57it/s, v_num=miig]
Epoch 0:  38%|███▊      | 65/172 [00:11<00:19,  5.57it/s, v_num=miig]Started forward pass
Batch size for logging: 32
Sampled prior
Generated molecules

Epoch 0:  38%|███▊      | 66/172 [00:11<00:19,  5.57it/s, v_num=miig]
Epoch 0:  38%|███▊      | 66/172 [00:11<00:19,  5.57it/s, v_num=miig]Started forward pass
Batch size for logging: 32
Sampled prior
Generated molecules

Epoch 0:  39%|███▉      | 67/172 [00:12<00:18,  5.57it/s, v_num=miig]
Epoch 0:  39%|███▉      | 67/172 [00:12<00:18,  5.57it/s, v_num=miig]Started forward pass
Batch size for logging: 32
Sampled prior
Generated molecules

Epoch 0:  40%|███▉      | 68/172 [00:12<00:18,  5.57it/s, v_num=miig]
Epoch 0:  40%|███▉      | 68/172 [00:12<00:18,  5.57it/s, v_num=miig]Started forward pass
Batch size for logging: 32
Sampled prior
Generated molecules

Epoch 0:  40%|████      | 69/172 [00:12<00:18,  5.57it/s, v_num=miig]
Epoch 0:  40%|████      | 69/172 [00:12<00:18,  5.57it/s, v_num=miig]Started forward pass
Batch size for logging: 32
Sampled prior
Generated molecules

Epoch 0:  41%|████      | 70/172 [00:12<00:18,  5.57it/s, v_num=miig]
Epoch 0:  41%|████      | 70/172 [00:12<00:18,  5.57it/s, v_num=miig]Started forward pass
Batch size for logging: 32
Sampled prior
Generated molecules

Epoch 0:  41%|████▏     | 71/172 [00:12<00:18,  5.57it/s, v_num=miig]
Epoch 0:  41%|████▏     | 71/172 [00:12<00:18,  5.57it/s, v_num=miig]Started forward pass
Batch size for logging: 32
Sampled prior
Generated molecules

Epoch 0:  42%|████▏     | 72/172 [00:12<00:17,  5.58it/s, v_num=miig]
Epoch 0:  42%|████▏     | 72/172 [00:12<00:17,  5.58it/s, v_num=miig]Started forward pass
Batch size for logging: 32
Sampled prior
Generated molecules

Epoch 0:  42%|████▏     | 73/172 [00:13<00:17,  5.58it/s, v_num=miig]
Epoch 0:  42%|████▏     | 73/172 [00:13<00:17,  5.58it/s, v_num=miig]Started forward pass
Batch size for logging: 32
Sampled prior
Generated molecules

Epoch 0:  43%|████▎     | 74/172 [00:13<00:17,  5.58it/s, v_num=miig]
Epoch 0:  43%|████▎     | 74/172 [00:13<00:17,  5.58it/s, v_num=miig]Started forward pass
Batch size for logging: 32
Sampled prior
Generated molecules

Epoch 0:  44%|████▎     | 75/172 [00:13<00:17,  5.58it/s, v_num=miig]
Epoch 0:  44%|████▎     | 75/172 [00:13<00:17,  5.58it/s, v_num=miig]Started forward pass
Batch size for logging: 32
Sampled prior
Generated molecules

Epoch 0:  44%|████▍     | 76/172 [00:13<00:17,  5.58it/s, v_num=miig]
Epoch 0:  44%|████▍     | 76/172 [00:13<00:17,  5.58it/s, v_num=miig]Started forward pass
Batch size for logging: 32
Sampled prior
Generated molecules

Epoch 0:  45%|████▍     | 77/172 [00:13<00:17,  5.58it/s, v_num=miig]
Epoch 0:  45%|████▍     | 77/172 [00:13<00:17,  5.58it/s, v_num=miig]Started forward pass
Batch size for logging: 32
Sampled prior
Generated molecules

Epoch 0:  45%|████▌     | 78/172 [00:13<00:16,  5.58it/s, v_num=miig]
Epoch 0:  45%|████▌     | 78/172 [00:13<00:16,  5.58it/s, v_num=miig]Started forward pass
Batch size for logging: 32
Sampled prior
Generated molecules

Epoch 0:  46%|████▌     | 79/172 [00:14<00:16,  5.59it/s, v_num=miig]
Epoch 0:  46%|████▌     | 79/172 [00:14<00:16,  5.59it/s, v_num=miig]Started forward pass
Batch size for logging: 32
Sampled prior
Generated molecules

Epoch 0:  47%|████▋     | 80/172 [00:14<00:16,  5.59it/s, v_num=miig]
Epoch 0:  47%|████▋     | 80/172 [00:14<00:16,  5.59it/s, v_num=miig]Started forward pass
Batch size for logging: 32
Sampled prior
Generated molecules

Epoch 0:  47%|████▋     | 81/172 [00:14<00:16,  5.59it/s, v_num=miig]
Epoch 0:  47%|████▋     | 81/172 [00:14<00:16,  5.59it/s, v_num=miig]Started forward pass
Batch size for logging: 32
Sampled prior
Generated molecules

Epoch 0:  48%|████▊     | 82/172 [00:14<00:16,  5.59it/s, v_num=miig]
Epoch 0:  48%|████▊     | 82/172 [00:14<00:16,  5.59it/s, v_num=miig]Started forward pass
Batch size for logging: 32
Sampled prior
Generated molecules

Epoch 0:  48%|████▊     | 83/172 [00:14<00:15,  5.59it/s, v_num=miig]
Epoch 0:  48%|████▊     | 83/172 [00:14<00:15,  5.59it/s, v_num=miig]Started forward pass
Batch size for logging: 32
Sampled prior
Generated molecules

Epoch 0:  49%|████▉     | 84/172 [00:15<00:15,  5.59it/s, v_num=miig]
Epoch 0:  49%|████▉     | 84/172 [00:15<00:15,  5.59it/s, v_num=miig]Started forward pass
Batch size for logging: 32
Sampled prior
Generated molecules

Epoch 0:  49%|████▉     | 85/172 [00:15<00:15,  5.60it/s, v_num=miig]
Epoch 0:  49%|████▉     | 85/172 [00:15<00:15,  5.59it/s, v_num=miig]Started forward pass
Batch size for logging: 32
Sampled prior
Generated molecules

Epoch 0:  50%|█████     | 86/172 [00:15<00:15,  5.60it/s, v_num=miig]
Epoch 0:  50%|█████     | 86/172 [00:15<00:15,  5.60it/s, v_num=miig]Started forward pass
Batch size for logging: 32
Sampled prior
Generated molecules

Epoch 0:  51%|█████     | 87/172 [00:15<00:15,  5.60it/s, v_num=miig]
Epoch 0:  51%|█████     | 87/172 [00:15<00:15,  5.60it/s, v_num=miig]Started forward pass
Batch size for logging: 32
Sampled prior
Generated molecules

Epoch 0:  51%|█████     | 88/172 [00:15<00:15,  5.60it/s, v_num=miig]
Epoch 0:  51%|█████     | 88/172 [00:15<00:15,  5.60it/s, v_num=miig]Started forward pass
Batch size for logging: 32
Sampled prior
Generated molecules

Epoch 0:  52%|█████▏    | 89/172 [00:15<00:14,  5.60it/s, v_num=miig]
Epoch 0:  52%|█████▏    | 89/172 [00:15<00:14,  5.60it/s, v_num=miig]Started forward pass
Batch size for logging: 32
Sampled prior
Generated molecules

Epoch 0:  52%|█████▏    | 90/172 [00:16<00:14,  5.60it/s, v_num=miig]
Epoch 0:  52%|█████▏    | 90/172 [00:16<00:14,  5.60it/s, v_num=miig]Started forward pass
Batch size for logging: 32
Sampled prior
Generated molecules

Epoch 0:  53%|█████▎    | 91/172 [00:16<00:14,  5.60it/s, v_num=miig]
Epoch 0:  53%|█████▎    | 91/172 [00:16<00:14,  5.60it/s, v_num=miig]Started forward pass
Batch size for logging: 32
Sampled prior
Generated molecules

Epoch 0:  53%|█████▎    | 92/172 [00:16<00:14,  5.60it/s, v_num=miig]
Epoch 0:  53%|█████▎    | 92/172 [00:16<00:14,  5.60it/s, v_num=miig]Started forward pass
Batch size for logging: 32
Sampled prior
Generated molecules

Epoch 0:  54%|█████▍    | 93/172 [00:16<00:14,  5.60it/s, v_num=miig]
Epoch 0:  54%|█████▍    | 93/172 [00:16<00:14,  5.60it/s, v_num=miig]Started forward pass
Batch size for logging: 32
Sampled prior
Generated molecules

Epoch 0:  55%|█████▍    | 94/172 [00:16<00:13,  5.60it/s, v_num=miig]
Epoch 0:  55%|█████▍    | 94/172 [00:16<00:13,  5.60it/s, v_num=miig]Started forward pass
Batch size for logging: 32
Sampled prior
Generated molecules

Epoch 0:  55%|█████▌    | 95/172 [00:16<00:13,  5.60it/s, v_num=miig]
Epoch 0:  55%|█████▌    | 95/172 [00:16<00:13,  5.60it/s, v_num=miig]Started forward pass
Batch size for logging: 32
Sampled prior
Generated molecules

Epoch 0:  56%|█████▌    | 96/172 [00:17<00:13,  5.60it/s, v_num=miig]
Epoch 0:  56%|█████▌    | 96/172 [00:17<00:13,  5.60it/s, v_num=miig]Started forward pass
Batch size for logging: 32
Sampled prior
Generated molecules

Epoch 0:  56%|█████▋    | 97/172 [00:17<00:13,  5.60it/s, v_num=miig]
Epoch 0:  56%|█████▋    | 97/172 [00:17<00:13,  5.60it/s, v_num=miig]Started forward pass
Batch size for logging: 32
Sampled prior
Generated molecules

Epoch 0:  57%|█████▋    | 98/172 [00:17<00:13,  5.61it/s, v_num=miig]
Epoch 0:  57%|█████▋    | 98/172 [00:17<00:13,  5.61it/s, v_num=miig]Started forward pass
Batch size for logging: 32
Sampled prior
Generated molecules

Epoch 0:  58%|█████▊    | 99/172 [00:17<00:13,  5.61it/s, v_num=miig]
Epoch 0:  58%|█████▊    | 99/172 [00:17<00:13,  5.61it/s, v_num=miig]Started forward pass
Batch size for logging: 32
Sampled prior
Generated molecules

Epoch 0:  58%|█████▊    | 100/172 [00:17<00:12,  5.61it/s, v_num=miig]
Epoch 0:  58%|█████▊    | 100/172 [00:17<00:12,  5.61it/s, v_num=miig]Started forward pass
Batch size for logging: 32
Sampled prior
Generated molecules

Epoch 0:  59%|█████▊    | 101/172 [00:18<00:12,  5.54it/s, v_num=miig]
Epoch 0:  59%|█████▊    | 101/172 [00:18<00:12,  5.54it/s, v_num=miig]Started forward pass
Batch size for logging: 32
Sampled prior
Generated molecules

Epoch 0:  59%|█████▉    | 102/172 [00:18<00:12,  5.55it/s, v_num=miig]
Epoch 0:  59%|█████▉    | 102/172 [00:18<00:12,  5.54it/s, v_num=miig]Started forward pass
Batch size for logging: 32
Sampled prior
Generated molecules

Epoch 0:  60%|█████▉    | 103/172 [00:18<00:12,  5.55it/s, v_num=miig]
Epoch 0:  60%|█████▉    | 103/172 [00:18<00:12,  5.55it/s, v_num=miig]Started forward pass
Batch size for logging: 32
Sampled prior
Generated molecules

Epoch 0:  60%|██████    | 104/172 [00:18<00:12,  5.55it/s, v_num=miig]
Epoch 0:  60%|██████    | 104/172 [00:18<00:12,  5.55it/s, v_num=miig]Started forward pass
Batch size for logging: 32
Sampled prior
Generated molecules

Epoch 0:  61%|██████    | 105/172 [00:18<00:12,  5.55it/s, v_num=miig]
Epoch 0:  61%|██████    | 105/172 [00:18<00:12,  5.55it/s, v_num=miig]Started forward pass
Batch size for logging: 32
Sampled prior
Generated molecules

Epoch 0:  62%|██████▏   | 106/172 [00:19<00:11,  5.55it/s, v_num=miig]
Epoch 0:  62%|██████▏   | 106/172 [00:19<00:11,  5.55it/s, v_num=miig]Started forward pass
Batch size for logging: 32
Sampled prior
Generated molecules

Epoch 0:  62%|██████▏   | 107/172 [00:19<00:11,  5.55it/s, v_num=miig]
Epoch 0:  62%|██████▏   | 107/172 [00:19<00:11,  5.55it/s, v_num=miig]Started forward pass
Batch size for logging: 32
Sampled prior
Generated molecules

Epoch 0:  63%|██████▎   | 108/172 [00:19<00:11,  5.55it/s, v_num=miig]
Epoch 0:  63%|██████▎   | 108/172 [00:19<00:11,  5.55it/s, v_num=miig]Started forward pass
Batch size for logging: 32
Sampled prior
Generated molecules

Epoch 0:  63%|██████▎   | 109/172 [00:19<00:11,  5.55it/s, v_num=miig]
Epoch 0:  63%|██████▎   | 109/172 [00:19<00:11,  5.55it/s, v_num=miig]Started forward pass
Batch size for logging: 32
Sampled prior
Generated molecules

Epoch 0:  64%|██████▍   | 110/172 [00:19<00:11,  5.55it/s, v_num=miig]
Epoch 0:  64%|██████▍   | 110/172 [00:19<00:11,  5.55it/s, v_num=miig]Started forward pass
Batch size for logging: 32
Sampled prior
Generated molecules

Epoch 0:  65%|██████▍   | 111/172 [00:19<00:10,  5.55it/s, v_num=miig]
Epoch 0:  65%|██████▍   | 111/172 [00:19<00:10,  5.55it/s, v_num=miig]Started forward pass
Batch size for logging: 32
Sampled prior
Generated molecules

Epoch 0:  65%|██████▌   | 112/172 [00:20<00:10,  5.56it/s, v_num=miig]
Epoch 0:  65%|██████▌   | 112/172 [00:20<00:10,  5.56it/s, v_num=miig]Started forward pass
Batch size for logging: 32
Sampled prior
Generated molecules

Epoch 0:  66%|██████▌   | 113/172 [00:20<00:10,  5.56it/s, v_num=miig]
Epoch 0:  66%|██████▌   | 113/172 [00:20<00:10,  5.56it/s, v_num=miig]Started forward pass
Batch size for logging: 32
Sampled prior
Generated molecules

Epoch 0:  66%|██████▋   | 114/172 [00:20<00:10,  5.56it/s, v_num=miig]
Epoch 0:  66%|██████▋   | 114/172 [00:20<00:10,  5.56it/s, v_num=miig]Started forward pass
Batch size for logging: 32
Sampled prior
Generated molecules

Epoch 0:  67%|██████▋   | 115/172 [00:20<00:10,  5.56it/s, v_num=miig]
Epoch 0:  67%|██████▋   | 115/172 [00:20<00:10,  5.56it/s, v_num=miig]Started forward pass
Batch size for logging: 32
Sampled prior
Generated molecules

Epoch 0:  67%|██████▋   | 116/172 [00:20<00:10,  5.56it/s, v_num=miig]
Epoch 0:  67%|██████▋   | 116/172 [00:20<00:10,  5.56it/s, v_num=miig]Started forward pass
Batch size for logging: 32
Sampled prior
Generated molecules

Epoch 0:  68%|██████▊   | 117/172 [00:21<00:09,  5.56it/s, v_num=miig]
Epoch 0:  68%|██████▊   | 117/172 [00:21<00:09,  5.56it/s, v_num=miig]Started forward pass
Batch size for logging: 32
Sampled prior
Generated molecules

Epoch 0:  69%|██████▊   | 118/172 [00:21<00:09,  5.56it/s, v_num=miig]
Epoch 0:  69%|██████▊   | 118/172 [00:21<00:09,  5.56it/s, v_num=miig]Started forward pass
Batch size for logging: 32
Sampled prior
Generated molecules

Epoch 0:  69%|██████▉   | 119/172 [00:21<00:09,  5.56it/s, v_num=miig]
Epoch 0:  69%|██████▉   | 119/172 [00:21<00:09,  5.56it/s, v_num=miig]Started forward pass
Batch size for logging: 32
Sampled prior
Generated molecules

Epoch 0:  70%|██████▉   | 120/172 [00:21<00:09,  5.57it/s, v_num=miig]
Epoch 0:  70%|██████▉   | 120/172 [00:21<00:09,  5.57it/s, v_num=miig]Started forward pass
Batch size for logging: 32
Sampled prior
Generated molecules

Epoch 0:  70%|███████   | 121/172 [00:21<00:09,  5.57it/s, v_num=miig]
Epoch 0:  70%|███████   | 121/172 [00:21<00:09,  5.57it/s, v_num=miig]Started forward pass
Batch size for logging: 32
Sampled prior
Generated molecules

Epoch 0:  71%|███████   | 122/172 [00:21<00:08,  5.57it/s, v_num=miig]
Epoch 0:  71%|███████   | 122/172 [00:21<00:08,  5.57it/s, v_num=miig]Started forward pass
Batch size for logging: 32
Sampled prior
Generated molecules

Epoch 0:  72%|███████▏  | 123/172 [00:22<00:08,  5.57it/s, v_num=miig]
Epoch 0:  72%|███████▏  | 123/172 [00:22<00:08,  5.57it/s, v_num=miig]Started forward pass
Batch size for logging: 32
Sampled prior
Generated molecules

Epoch 0:  72%|███████▏  | 124/172 [00:22<00:08,  5.57it/s, v_num=miig]
Epoch 0:  72%|███████▏  | 124/172 [00:22<00:08,  5.57it/s, v_num=miig]Started forward pass
Batch size for logging: 32
Sampled prior
Generated molecules

Epoch 0:  73%|███████▎  | 125/172 [00:22<00:08,  5.57it/s, v_num=miig]
Epoch 0:  73%|███████▎  | 125/172 [00:22<00:08,  5.57it/s, v_num=miig]Started forward pass
Batch size for logging: 32
Sampled prior
Generated molecules

Epoch 0:  73%|███████▎  | 126/172 [00:22<00:08,  5.57it/s, v_num=miig]
Epoch 0:  73%|███████▎  | 126/172 [00:22<00:08,  5.57it/s, v_num=miig]Started forward pass
Batch size for logging: 32
Sampled prior
Generated molecules

Epoch 0:  74%|███████▍  | 127/172 [00:22<00:08,  5.57it/s, v_num=miig]
Epoch 0:  74%|███████▍  | 127/172 [00:22<00:08,  5.57it/s, v_num=miig]Started forward pass
Batch size for logging: 32
Sampled prior
Generated molecules

Epoch 0:  74%|███████▍  | 128/172 [00:22<00:07,  5.57it/s, v_num=miig]
Epoch 0:  74%|███████▍  | 128/172 [00:22<00:07,  5.57it/s, v_num=miig]Started forward pass
Batch size for logging: 32
Sampled prior
Generated molecules

Epoch 0:  75%|███████▌  | 129/172 [00:23<00:07,  5.57it/s, v_num=miig]
Epoch 0:  75%|███████▌  | 129/172 [00:23<00:07,  5.57it/s, v_num=miig]Started forward pass
Batch size for logging: 32
Sampled prior
Generated molecules

Epoch 0:  76%|███████▌  | 130/172 [00:23<00:07,  5.57it/s, v_num=miig]
Epoch 0:  76%|███████▌  | 130/172 [00:23<00:07,  5.57it/s, v_num=miig]Started forward pass
Batch size for logging: 32
Sampled prior
Generated molecules

Epoch 0:  76%|███████▌  | 131/172 [00:23<00:07,  5.57it/s, v_num=miig]
Epoch 0:  76%|███████▌  | 131/172 [00:23<00:07,  5.57it/s, v_num=miig]Started forward pass
Batch size for logging: 32
Sampled prior
Generated molecules

Epoch 0:  77%|███████▋  | 132/172 [00:23<00:07,  5.57it/s, v_num=miig]
Epoch 0:  77%|███████▋  | 132/172 [00:23<00:07,  5.57it/s, v_num=miig]Started forward pass
Batch size for logging: 32
Sampled prior
Generated molecules

Epoch 0:  77%|███████▋  | 133/172 [00:23<00:06,  5.58it/s, v_num=miig]
Epoch 0:  77%|███████▋  | 133/172 [00:23<00:06,  5.58it/s, v_num=miig]Started forward pass
Batch size for logging: 32
Sampled prior
Generated molecules

Epoch 0:  78%|███████▊  | 134/172 [00:24<00:06,  5.58it/s, v_num=miig]
Epoch 0:  78%|███████▊  | 134/172 [00:24<00:06,  5.58it/s, v_num=miig]Started forward pass
Batch size for logging: 32
Sampled prior
Generated molecules

Epoch 0:  78%|███████▊  | 135/172 [00:24<00:06,  5.58it/s, v_num=miig]
Epoch 0:  78%|███████▊  | 135/172 [00:24<00:06,  5.58it/s, v_num=miig]Started forward pass
Batch size for logging: 32
Sampled prior
Generated molecules

Epoch 0:  79%|███████▉  | 136/172 [00:24<00:06,  5.58it/s, v_num=miig]
Epoch 0:  79%|███████▉  | 136/172 [00:24<00:06,  5.58it/s, v_num=miig]Started forward pass
Batch size for logging: 32
Sampled prior
Generated molecules

Epoch 0:  80%|███████▉  | 137/172 [00:24<00:06,  5.58it/s, v_num=miig]
Epoch 0:  80%|███████▉  | 137/172 [00:24<00:06,  5.58it/s, v_num=miig]Started forward pass
Batch size for logging: 32
Sampled prior
Generated molecules

Epoch 0:  80%|████████  | 138/172 [00:24<00:06,  5.58it/s, v_num=miig]
Epoch 0:  80%|████████  | 138/172 [00:24<00:06,  5.58it/s, v_num=miig]Started forward pass
Batch size for logging: 32
Sampled prior
Generated molecules

Epoch 0:  81%|████████  | 139/172 [00:24<00:05,  5.58it/s, v_num=miig]
Epoch 0:  81%|████████  | 139/172 [00:24<00:05,  5.58it/s, v_num=miig]Started forward pass
Batch size for logging: 32
Sampled prior
Generated molecules

Epoch 0:  81%|████████▏ | 140/172 [00:25<00:05,  5.58it/s, v_num=miig]
Epoch 0:  81%|████████▏ | 140/172 [00:25<00:05,  5.58it/s, v_num=miig]Started forward pass
Batch size for logging: 32
Sampled prior
Generated molecules

Epoch 0:  82%|████████▏ | 141/172 [00:25<00:05,  5.58it/s, v_num=miig]
Epoch 0:  82%|████████▏ | 141/172 [00:25<00:05,  5.58it/s, v_num=miig]Started forward pass
Batch size for logging: 32
Sampled prior
Generated molecules

Epoch 0:  83%|████████▎ | 142/172 [00:25<00:05,  5.58it/s, v_num=miig]
Epoch 0:  83%|████████▎ | 142/172 [00:25<00:05,  5.58it/s, v_num=miig]Started forward pass
Batch size for logging: 32
Sampled prior
Generated molecules

Epoch 0:  83%|████████▎ | 143/172 [00:25<00:05,  5.58it/s, v_num=miig]
Epoch 0:  83%|████████▎ | 143/172 [00:25<00:05,  5.58it/s, v_num=miig]Started forward pass
Batch size for logging: 32
Sampled prior
Generated molecules

Epoch 0:  84%|████████▎ | 144/172 [00:25<00:05,  5.58it/s, v_num=miig]
Epoch 0:  84%|████████▎ | 144/172 [00:25<00:05,  5.58it/s, v_num=miig]Started forward pass
Batch size for logging: 32
Sampled prior
Generated molecules

Epoch 0:  84%|████████▍ | 145/172 [00:25<00:04,  5.58it/s, v_num=miig]
Epoch 0:  84%|████████▍ | 145/172 [00:25<00:04,  5.58it/s, v_num=miig]Started forward pass
Batch size for logging: 32
Sampled prior
Generated molecules

Epoch 0:  85%|████████▍ | 146/172 [00:26<00:04,  5.58it/s, v_num=miig]
Epoch 0:  85%|████████▍ | 146/172 [00:26<00:04,  5.58it/s, v_num=miig]Started forward pass
Batch size for logging: 32
Sampled prior
Generated molecules

Epoch 0:  85%|████████▌ | 147/172 [00:26<00:04,  5.58it/s, v_num=miig]
Epoch 0:  85%|████████▌ | 147/172 [00:26<00:04,  5.58it/s, v_num=miig]Started forward pass
Batch size for logging: 32
Sampled prior
Generated molecules

Epoch 0:  86%|████████▌ | 148/172 [00:26<00:04,  5.58it/s, v_num=miig]
Epoch 0:  86%|████████▌ | 148/172 [00:26<00:04,  5.58it/s, v_num=miig]Started forward pass
Batch size for logging: 32
Sampled prior
Generated molecules

Epoch 0:  87%|████████▋ | 149/172 [00:26<00:04,  5.58it/s, v_num=miig]
Epoch 0:  87%|████████▋ | 149/172 [00:26<00:04,  5.58it/s, v_num=miig]Started forward pass
Batch size for logging: 32
Sampled prior
Generated molecules

Epoch 0:  87%|████████▋ | 150/172 [00:26<00:03,  5.58it/s, v_num=miig]
Epoch 0:  87%|████████▋ | 150/172 [00:26<00:03,  5.58it/s, v_num=miig]Started forward pass
Batch size for logging: 32
Sampled prior
Generated molecules

Epoch 0:  88%|████████▊ | 151/172 [00:27<00:03,  5.58it/s, v_num=miig]
Epoch 0:  88%|████████▊ | 151/172 [00:27<00:03,  5.58it/s, v_num=miig]Started forward pass
Batch size for logging: 32
Sampled prior
Generated molecules

Epoch 0:  88%|████████▊ | 152/172 [00:27<00:03,  5.58it/s, v_num=miig]
Epoch 0:  88%|████████▊ | 152/172 [00:27<00:03,  5.58it/s, v_num=miig]Started forward pass
Batch size for logging: 32
Sampled prior
Generated molecules

Epoch 0:  89%|████████▉ | 153/172 [00:27<00:03,  5.58it/s, v_num=miig]
Epoch 0:  89%|████████▉ | 153/172 [00:27<00:03,  5.58it/s, v_num=miig]Started forward pass
Batch size for logging: 32
Sampled prior
Generated molecules

Epoch 0:  90%|████████▉ | 154/172 [00:27<00:03,  5.59it/s, v_num=miig]
Epoch 0:  90%|████████▉ | 154/172 [00:27<00:03,  5.59it/s, v_num=miig]Started forward pass
Batch size for logging: 32
Sampled prior
Generated molecules

Epoch 0:  90%|█████████ | 155/172 [00:27<00:03,  5.59it/s, v_num=miig]
Epoch 0:  90%|█████████ | 155/172 [00:27<00:03,  5.59it/s, v_num=miig]Started forward pass
Batch size for logging: 32
Sampled prior
Generated molecules

Epoch 0:  91%|█████████ | 156/172 [00:27<00:02,  5.59it/s, v_num=miig]
Epoch 0:  91%|█████████ | 156/172 [00:27<00:02,  5.59it/s, v_num=miig]Started forward pass
Batch size for logging: 32
Sampled prior
Generated molecules

Epoch 0:  91%|█████████▏| 157/172 [00:28<00:02,  5.59it/s, v_num=miig]
Epoch 0:  91%|█████████▏| 157/172 [00:28<00:02,  5.59it/s, v_num=miig]Started forward pass
Batch size for logging: 32
Sampled prior
Generated molecules

Epoch 0:  92%|█████████▏| 158/172 [00:28<00:02,  5.59it/s, v_num=miig]
Epoch 0:  92%|█████████▏| 158/172 [00:28<00:02,  5.59it/s, v_num=miig]Started forward pass
Batch size for logging: 32
Sampled prior
Generated molecules

Epoch 0:  92%|█████████▏| 159/172 [00:28<00:02,  5.59it/s, v_num=miig]
Epoch 0:  92%|█████████▏| 159/172 [00:28<00:02,  5.59it/s, v_num=miig]Started forward pass
Batch size for logging: 32
Sampled prior
Generated molecules

Epoch 0:  93%|█████████▎| 160/172 [00:28<00:02,  5.59it/s, v_num=miig]
Epoch 0:  93%|█████████▎| 160/172 [00:28<00:02,  5.59it/s, v_num=miig]Started forward pass
Batch size for logging: 32
Sampled prior
Generated molecules

Epoch 0:  94%|█████████▎| 161/172 [00:28<00:01,  5.59it/s, v_num=miig]
Epoch 0:  94%|█████████▎| 161/172 [00:28<00:01,  5.59it/s, v_num=miig]Started forward pass
Batch size for logging: 32
Sampled prior
Generated molecules

Epoch 0:  94%|█████████▍| 162/172 [00:28<00:01,  5.59it/s, v_num=miig]
Epoch 0:  94%|█████████▍| 162/172 [00:28<00:01,  5.59it/s, v_num=miig]Started forward pass
Batch size for logging: 32
Sampled prior
Generated molecules

Epoch 0:  95%|█████████▍| 163/172 [00:29<00:01,  5.59it/s, v_num=miig]
Epoch 0:  95%|█████████▍| 163/172 [00:29<00:01,  5.59it/s, v_num=miig]Started forward pass
Batch size for logging: 32
Sampled prior
Generated molecules

Epoch 0:  95%|█████████▌| 164/172 [00:29<00:01,  5.59it/s, v_num=miig]
Epoch 0:  95%|█████████▌| 164/172 [00:29<00:01,  5.59it/s, v_num=miig]Started forward pass
Batch size for logging: 32
Sampled prior
Generated molecules

Epoch 0:  96%|█████████▌| 165/172 [00:29<00:01,  5.59it/s, v_num=miig]
Epoch 0:  96%|█████████▌| 165/172 [00:29<00:01,  5.59it/s, v_num=miig]Started forward pass
Batch size for logging: 32
Sampled prior
Generated molecules

Epoch 0:  97%|█████████▋| 166/172 [00:29<00:01,  5.59it/s, v_num=miig]
Epoch 0:  97%|█████████▋| 166/172 [00:29<00:01,  5.59it/s, v_num=miig]Started forward pass
Batch size for logging: 32
Sampled prior
Generated molecules

Epoch 0:  97%|█████████▋| 167/172 [00:29<00:00,  5.59it/s, v_num=miig]
Epoch 0:  97%|█████████▋| 167/172 [00:29<00:00,  5.59it/s, v_num=miig]Started forward pass
Batch size for logging: 32
Sampled prior
Generated molecules

Epoch 0:  98%|█████████▊| 168/172 [00:30<00:00,  5.59it/s, v_num=miig]
Epoch 0:  98%|█████████▊| 168/172 [00:30<00:00,  5.59it/s, v_num=miig]Started forward pass
Batch size for logging: 32
Sampled prior
Generated molecules

Epoch 0:  98%|█████████▊| 169/172 [00:30<00:00,  5.59it/s, v_num=miig]
Epoch 0:  98%|█████████▊| 169/172 [00:30<00:00,  5.59it/s, v_num=miig]Started forward pass
Batch size for logging: 32
Sampled prior
Generated molecules

Epoch 0:  99%|█████████▉| 170/172 [00:30<00:00,  5.60it/s, v_num=miig]
Epoch 0:  99%|█████████▉| 170/172 [00:30<00:00,  5.60it/s, v_num=miig]Started forward pass
Batch size for logging: 32
Sampled prior
Generated molecules

Epoch 0:  99%|█████████▉| 171/172 [00:30<00:00,  5.60it/s, v_num=miig]
Epoch 0:  99%|█████████▉| 171/172 [00:30<00:00,  5.60it/s, v_num=miig]Started forward pass
Batch size for logging: 28
Sampled prior
Generated molecules

Epoch 0: 100%|██████████| 172/172 [00:30<00:00,  5.60it/s, v_num=miig]
Epoch 0: 100%|██████████| 172/172 [00:30<00:00,  5.60it/s, v_num=miig]

Validation: |          | 0/? [00:00<?, ?it/s][A

Validation: |          | 0/? [00:00<?, ?it/s][A

Validation DataLoader 0:   0%|          | 0/16 [00:00<?, ?it/s][AStarted validation step
Started forward pass
Batch size for logging: 32
Sampled prior
Generated molecules
Computed forward pass in validation step
Reached here


Validation DataLoader 0:   6%|▋         | 1/16 [00:00<00:02,  5.38it/s][AStarted validation step
Started forward pass
Batch size for logging: 32
Sampled prior
Generated molecules
Computed forward pass in validation step
Reached here


Validation DataLoader 0:  12%|█▎        | 2/16 [00:00<00:02,  5.90it/s][AStarted validation step
Started forward pass
Batch size for logging: 32
Sampled prior
Generated molecules
Computed forward pass in validation step
Reached here


Validation DataLoader 0:  19%|█▉        | 3/16 [00:00<00:02,  6.06it/s][AStarted validation step
Started forward pass
Batch size for logging: 32
Sampled prior
Generated molecules
Computed forward pass in validation step
Reached here


Validation DataLoader 0:  25%|██▌       | 4/16 [00:00<00:01,  6.17it/s][AStarted validation step
Started forward pass
Batch size for logging: 32
Sampled prior
Generated molecules
Computed forward pass in validation step
Reached here


Validation DataLoader 0:  31%|███▏      | 5/16 [00:00<00:01,  6.25it/s][AStarted validation step
Started forward pass
Batch size for logging: 32
Sampled prior
Generated molecules
Computed forward pass in validation step
Reached here


Validation DataLoader 0:  38%|███▊      | 6/16 [00:00<00:01,  6.29it/s][AStarted validation step
Started forward pass
Batch size for logging: 32
Sampled prior
Generated molecules
Computed forward pass in validation step
Reached here


Validation DataLoader 0:  44%|████▍     | 7/16 [00:01<00:01,  6.32it/s][AStarted validation step
Started forward pass
Batch size for logging: 32
Sampled prior
Generated molecules
Computed forward pass in validation step
Reached here


Validation DataLoader 0:  50%|█████     | 8/16 [00:01<00:01,  6.33it/s][AStarted validation step
Started forward pass
Batch size for logging: 32
Sampled prior
Generated molecules
Computed forward pass in validation step
Reached here


Validation DataLoader 0:  56%|█████▋    | 9/16 [00:01<00:01,  6.37it/s][AStarted validation step
Started forward pass
Batch size for logging: 32
Sampled prior
Generated molecules
Computed forward pass in validation step
Reached here


Validation DataLoader 0:  62%|██████▎   | 10/16 [00:01<00:00,  6.39it/s][AStarted validation step
Started forward pass
Batch size for logging: 32
Sampled prior
Generated molecules
Computed forward pass in validation step
Reached here


Validation DataLoader 0:  69%|██████▉   | 11/16 [00:01<00:00,  6.41it/s][AStarted validation step
Started forward pass
Batch size for logging: 32
Sampled prior
Generated molecules
Computed forward pass in validation step
Reached here


Validation DataLoader 0:  75%|███████▌  | 12/16 [00:01<00:00,  6.43it/s][AStarted validation step
Started forward pass
Batch size for logging: 32
Sampled prior
Generated molecules
Computed forward pass in validation step
Reached here


Validation DataLoader 0:  81%|████████▏ | 13/16 [00:02<00:00,  6.45it/s][AStarted validation step
Started forward pass
Batch size for logging: 32
Sampled prior
Generated molecules
Computed forward pass in validation step
Reached here


Validation DataLoader 0:  88%|████████▊ | 14/16 [00:02<00:00,  6.47it/s][AStarted validation step
Started forward pass
Batch size for logging: 32
Sampled prior
Generated molecules
Computed forward pass in validation step
Reached here


Validation DataLoader 0:  94%|█████████▍| 15/16 [00:02<00:00,  6.48it/s][AStarted validation step
Started forward pass
Batch size for logging: 20
Sampled prior
Generated molecules
Computed forward pass in validation step
Reached here


Validation DataLoader 0: 100%|██████████| 16/16 [00:02<00:00,  6.60it/s][A

                                                                        [A
Epoch 0: 100%|██████████| 172/172 [00:35<00:00,  4.91it/s, v_num=miig]
Epoch 0: 100%|██████████| 172/172 [00:35<00:00,  4.91it/s, v_num=miig]
Epoch 0:   0%|          | 0/172 [00:00<?, ?it/s, v_num=miig]          
Epoch 1:   0%|          | 0/172 [00:00<?, ?it/s, v_num=miig]Started forward pass
Batch size for logging: 32
Sampled prior
Generated molecules

Epoch 1:   1%|          | 1/172 [00:00<00:39,  4.33it/s, v_num=miig]
Epoch 1:   1%|          | 1/172 [00:00<00:39,  4.31it/s, v_num=miig]Started forward pass
Batch size for logging: 32
Sampled prior
Generated molecules

Epoch 1:   1%|          | 2/172 [00:00<00:34,  4.87it/s, v_num=miig]
Epoch 1:   1%|          | 2/172 [00:00<00:34,  4.87it/s, v_num=miig]Started forward pass
Batch size for logging: 32
Sampled prior
Generated molecules

Epoch 1:   2%|▏         | 3/172 [00:00<00:33,  5.12it/s, v_num=miig]
Epoch 1:   2%|▏         | 3/172 [00:00<00:33,  5.11it/s, v_num=miig]Started forward pass
Batch size for logging: 32
Sampled prior
Generated molecules

Epoch 1:   2%|▏         | 4/172 [00:00<00:32,  5.23it/s, v_num=miig]
Epoch 1:   2%|▏         | 4/172 [00:00<00:32,  5.23it/s, v_num=miig]Started forward pass
Batch size for logging: 32
Sampled prior
Generated molecules

Epoch 1:   3%|▎         | 5/172 [00:00<00:31,  5.32it/s, v_num=miig]
Epoch 1:   3%|▎         | 5/172 [00:00<00:31,  5.31it/s, v_num=miig]Started forward pass
Batch size for logging: 32
Sampled prior
Generated molecules

Epoch 1:   3%|▎         | 6/172 [00:01<00:30,  5.37it/s, v_num=miig]
Epoch 1:   3%|▎         | 6/172 [00:01<00:30,  5.37it/s, v_num=miig]Started forward pass
Batch size for logging: 32
Sampled prior
Generated molecules

Epoch 1:   4%|▍         | 7/172 [00:01<00:30,  5.41it/s, v_num=miig]
Epoch 1:   4%|▍         | 7/172 [00:01<00:30,  5.41it/s, v_num=miig]Started forward pass
Batch size for logging: 32
Sampled prior
Generated molecules

Epoch 1:   5%|▍         | 8/172 [00:01<00:30,  5.44it/s, v_num=miig]
Epoch 1:   5%|▍         | 8/172 [00:01<00:30,  5.44it/s, v_num=miig]Started forward pass
Batch size for logging: 32
Sampled prior
Generated molecules

Epoch 1:   5%|▌         | 9/172 [00:01<00:29,  5.46it/s, v_num=miig]
Epoch 1:   5%|▌         | 9/172 [00:01<00:29,  5.46it/s, v_num=miig]Started forward pass
Batch size for logging: 32
Sampled prior
Generated molecules

Epoch 1:   6%|▌         | 10/172 [00:01<00:29,  5.48it/s, v_num=miig]
Epoch 1:   6%|▌         | 10/172 [00:01<00:29,  5.47it/s, v_num=miig]Started forward pass
Batch size for logging: 32
Sampled prior
Generated molecules

Epoch 1:   6%|▋         | 11/172 [00:02<00:29,  5.50it/s, v_num=miig]
Epoch 1:   6%|▋         | 11/172 [00:02<00:29,  5.49it/s, v_num=miig]Started forward pass
Batch size for logging: 32
Sampled prior
Generated molecules

Epoch 1:   7%|▋         | 12/172 [00:02<00:29,  5.51it/s, v_num=miig]
Epoch 1:   7%|▋         | 12/172 [00:02<00:29,  5.51it/s, v_num=miig]Started forward pass
Batch size for logging: 32
Sampled prior
Generated molecules

Epoch 1:   8%|▊         | 13/172 [00:02<00:28,  5.52it/s, v_num=miig]
Epoch 1:   8%|▊         | 13/172 [00:02<00:28,  5.52it/s, v_num=miig]Started forward pass
Batch size for logging: 32
Sampled prior
Generated molecules

Epoch 1:   8%|▊         | 14/172 [00:02<00:28,  5.53it/s, v_num=miig]
Epoch 1:   8%|▊         | 14/172 [00:02<00:28,  5.53it/s, v_num=miig]Started forward pass
Batch size for logging: 32
Sampled prior
Generated molecules

Epoch 1:   9%|▊         | 15/172 [00:02<00:28,  5.53it/s, v_num=miig]
Epoch 1:   9%|▊         | 15/172 [00:02<00:28,  5.53it/s, v_num=miig]Started forward pass
Batch size for logging: 32
Sampled prior
Generated molecules

Epoch 1:   9%|▉         | 16/172 [00:02<00:28,  5.54it/s, v_num=miig]
Epoch 1:   9%|▉         | 16/172 [00:02<00:28,  5.53it/s, v_num=miig]Started forward pass
Batch size for logging: 32
Sampled prior
Generated molecules

Epoch 1:  10%|▉         | 17/172 [00:03<00:27,  5.54it/s, v_num=miig]
Epoch 1:  10%|▉         | 17/172 [00:03<00:27,  5.54it/s, v_num=miig]Started forward pass
Batch size for logging: 32
Sampled prior
Generated molecules

Epoch 1:  10%|█         | 18/172 [00:03<00:27,  5.55it/s, v_num=miig]
Epoch 1:  10%|█         | 18/172 [00:03<00:27,  5.55it/s, v_num=miig]Started forward pass
Batch size for logging: 32
Sampled prior
Generated molecules

Epoch 1:  11%|█         | 19/172 [00:03<00:27,  5.55it/s, v_num=miig]
Epoch 1:  11%|█         | 19/172 [00:03<00:27,  5.55it/s, v_num=miig]Started forward pass
Batch size for logging: 32
Sampled prior
Generated molecules

Epoch 1:  12%|█▏        | 20/172 [00:03<00:27,  5.56it/s, v_num=miig]
Epoch 1:  12%|█▏        | 20/172 [00:03<00:27,  5.56it/s, v_num=miig]Started forward pass
Batch size for logging: 32
Sampled prior
Generated molecules

Epoch 1:  12%|█▏        | 21/172 [00:03<00:27,  5.57it/s, v_num=miig]
Epoch 1:  12%|█▏        | 21/172 [00:03<00:27,  5.56it/s, v_num=miig]Started forward pass
Batch size for logging: 32
Sampled prior
Generated molecules

Epoch 1:  13%|█▎        | 22/172 [00:03<00:26,  5.57it/s, v_num=miig]
Epoch 1:  13%|█▎        | 22/172 [00:03<00:26,  5.57it/s, v_num=miig]Started forward pass
Batch size for logging: 32
Sampled prior
Generated molecules

Epoch 1:  13%|█▎        | 23/172 [00:04<00:26,  5.58it/s, v_num=miig]
Epoch 1:  13%|█▎        | 23/172 [00:04<00:26,  5.57it/s, v_num=miig]Started forward pass
Batch size for logging: 32
Sampled prior
Generated molecules

Epoch 1:  14%|█▍        | 24/172 [00:04<00:26,  5.58it/s, v_num=miig]
Epoch 1:  14%|█▍        | 24/172 [00:04<00:26,  5.58it/s, v_num=miig]Started forward pass
Batch size for logging: 32
Sampled prior
Generated molecules

Epoch 1:  15%|█▍        | 25/172 [00:04<00:26,  5.58it/s, v_num=miig]
Epoch 1:  15%|█▍        | 25/172 [00:04<00:26,  5.58it/s, v_num=miig]Started forward pass
Batch size for logging: 32
Sampled prior
Generated molecules

Epoch 1:  15%|█▌        | 26/172 [00:04<00:26,  5.59it/s, v_num=miig]
Epoch 1:  15%|█▌        | 26/172 [00:04<00:26,  5.58it/s, v_num=miig]Started forward pass
Batch size for logging: 32
Sampled prior
Generated molecules

Epoch 1:  16%|█▌        | 27/172 [00:04<00:25,  5.59it/s, v_num=miig]
Epoch 1:  16%|█▌        | 27/172 [00:04<00:25,  5.59it/s, v_num=miig]Started forward pass
Batch size for logging: 32
Sampled prior
Generated molecules

Epoch 1:  16%|█▋        | 28/172 [00:05<00:25,  5.59it/s, v_num=miig]
Epoch 1:  16%|█▋        | 28/172 [00:05<00:25,  5.59it/s, v_num=miig]Started forward pass
Batch size for logging: 32
Sampled prior
Generated molecules

Epoch 1:  17%|█▋        | 29/172 [00:05<00:25,  5.59it/s, v_num=miig]
Epoch 1:  17%|█▋        | 29/172 [00:05<00:25,  5.59it/s, v_num=miig]Started forward pass
Batch size for logging: 32
Sampled prior
Generated molecules

Epoch 1:  17%|█▋        | 30/172 [00:05<00:25,  5.59it/s, v_num=miig]
Epoch 1:  17%|█▋        | 30/172 [00:05<00:25,  5.59it/s, v_num=miig]Started forward pass
Batch size for logging: 32
Sampled prior
Generated molecules

Epoch 1:  18%|█▊        | 31/172 [00:05<00:25,  5.60it/s, v_num=miig]
Epoch 1:  18%|█▊        | 31/172 [00:05<00:25,  5.59it/s, v_num=miig]Started forward pass
Batch size for logging: 32
Sampled prior
Generated molecules

Epoch 1:  19%|█▊        | 32/172 [00:05<00:25,  5.60it/s, v_num=miig]
Epoch 1:  19%|█▊        | 32/172 [00:05<00:25,  5.60it/s, v_num=miig]Started forward pass
Batch size for logging: 32
Sampled prior
Generated molecules

Epoch 1:  19%|█▉        | 33/172 [00:05<00:24,  5.60it/s, v_num=miig]
Epoch 1:  19%|█▉        | 33/172 [00:05<00:24,  5.60it/s, v_num=miig]Started forward pass
Batch size for logging: 32
Sampled prior
Generated molecules

Epoch 1:  20%|█▉        | 34/172 [00:06<00:24,  5.60it/s, v_num=miig]
Epoch 1:  20%|█▉        | 34/172 [00:06<00:24,  5.60it/s, v_num=miig]Started forward pass
Batch size for logging: 32
Sampled prior
Generated molecules

Epoch 1:  20%|██        | 35/172 [00:06<00:24,  5.60it/s, v_num=miig]
Epoch 1:  20%|██        | 35/172 [00:06<00:24,  5.60it/s, v_num=miig]Started forward pass
Batch size for logging: 32
Sampled prior
Generated molecules

Epoch 1:  21%|██        | 36/172 [00:06<00:24,  5.60it/s, v_num=miig]
Epoch 1:  21%|██        | 36/172 [00:06<00:24,  5.60it/s, v_num=miig]Started forward pass
Batch size for logging: 32
Sampled prior
Generated molecules

Epoch 1:  22%|██▏       | 37/172 [00:06<00:24,  5.61it/s, v_num=miig]
Epoch 1:  22%|██▏       | 37/172 [00:06<00:24,  5.61it/s, v_num=miig]Started forward pass
Batch size for logging: 32
Sampled prior
Generated molecules

Epoch 1:  22%|██▏       | 38/172 [00:06<00:23,  5.61it/s, v_num=miig]
Epoch 1:  22%|██▏       | 38/172 [00:06<00:23,  5.61it/s, v_num=miig]Started forward pass
Batch size for logging: 32
Sampled prior
Generated molecules

Epoch 1:  23%|██▎       | 39/172 [00:06<00:23,  5.61it/s, v_num=miig]
Epoch 1:  23%|██▎       | 39/172 [00:06<00:23,  5.61it/s, v_num=miig]Started forward pass
Batch size for logging: 32
Sampled prior
Generated molecules

Epoch 1:  23%|██▎       | 40/172 [00:07<00:23,  5.61it/s, v_num=miig]
Epoch 1:  23%|██▎       | 40/172 [00:07<00:23,  5.61it/s, v_num=miig]Started forward pass
Batch size for logging: 32
Sampled prior
Generated molecules

Epoch 1:  24%|██▍       | 41/172 [00:07<00:23,  5.61it/s, v_num=miig]
Epoch 1:  24%|██▍       | 41/172 [00:07<00:23,  5.61it/s, v_num=miig]Started forward pass
Batch size for logging: 32
Sampled prior
Generated molecules

Epoch 1:  24%|██▍       | 42/172 [00:07<00:23,  5.61it/s, v_num=miig]
Epoch 1:  24%|██▍       | 42/172 [00:07<00:23,  5.61it/s, v_num=miig]Started forward pass
Batch size for logging: 32
Sampled prior
Generated molecules

Epoch 1:  25%|██▌       | 43/172 [00:07<00:22,  5.61it/s, v_num=miig]
Epoch 1:  25%|██▌       | 43/172 [00:07<00:22,  5.61it/s, v_num=miig]Started forward pass
Batch size for logging: 32
Sampled prior
Generated molecules

Epoch 1:  26%|██▌       | 44/172 [00:07<00:22,  5.61it/s, v_num=miig]
Epoch 1:  26%|██▌       | 44/172 [00:07<00:22,  5.61it/s, v_num=miig]Started forward pass
Batch size for logging: 32
Sampled prior
Generated molecules

Epoch 1:  26%|██▌       | 45/172 [00:08<00:22,  5.62it/s, v_num=miig]
Epoch 1:  26%|██▌       | 45/172 [00:08<00:22,  5.61it/s, v_num=miig]Started forward pass
Batch size for logging: 32
Sampled prior
Generated molecules

Epoch 1:  27%|██▋       | 46/172 [00:08<00:22,  5.62it/s, v_num=miig]
Epoch 1:  27%|██▋       | 46/172 [00:08<00:22,  5.62it/s, v_num=miig]Started forward pass
Batch size for logging: 32
Sampled prior
Generated molecules

Epoch 1:  27%|██▋       | 47/172 [00:08<00:22,  5.62it/s, v_num=miig]
Epoch 1:  27%|██▋       | 47/172 [00:08<00:22,  5.62it/s, v_num=miig]Started forward pass
Batch size for logging: 32
Sampled prior
Generated molecules

Epoch 1:  28%|██▊       | 48/172 [00:08<00:22,  5.62it/s, v_num=miig]
Epoch 1:  28%|██▊       | 48/172 [00:08<00:22,  5.62it/s, v_num=miig]Started forward pass
Batch size for logging: 32
Sampled prior
Generated molecules

Epoch 1:  28%|██▊       | 49/172 [00:08<00:21,  5.62it/s, v_num=miig]
Epoch 1:  28%|██▊       | 49/172 [00:08<00:21,  5.62it/s, v_num=miig]Started forward pass
Batch size for logging: 32
Sampled prior
Generated molecules

Epoch 1:  29%|██▉       | 50/172 [00:08<00:21,  5.62it/s, v_num=miig]
Epoch 1:  29%|██▉       | 50/172 [00:08<00:21,  5.62it/s, v_num=miig]Started forward pass
Batch size for logging: 32
Sampled prior
Generated molecules

Epoch 1:  30%|██▉       | 51/172 [00:09<00:21,  5.62it/s, v_num=miig]
Epoch 1:  30%|██▉       | 51/172 [00:09<00:21,  5.62it/s, v_num=miig]Started forward pass
Batch size for logging: 32
Sampled prior
Generated molecules

Epoch 1:  30%|███       | 52/172 [00:09<00:21,  5.62it/s, v_num=miig]
Epoch 1:  30%|███       | 52/172 [00:09<00:21,  5.62it/s, v_num=miig]Started forward pass
Batch size for logging: 32
Sampled prior
Generated molecules

Epoch 1:  31%|███       | 53/172 [00:09<00:21,  5.62it/s, v_num=miig]
Epoch 1:  31%|███       | 53/172 [00:09<00:21,  5.62it/s, v_num=miig]Started forward pass
Batch size for logging: 32
Sampled prior
Generated molecules

Epoch 1:  31%|███▏      | 54/172 [00:09<00:20,  5.62it/s, v_num=miig]
Epoch 1:  31%|███▏      | 54/172 [00:09<00:20,  5.62it/s, v_num=miig]Started forward pass
Batch size for logging: 32
Sampled prior
Generated molecules

Epoch 1:  32%|███▏      | 55/172 [00:09<00:20,  5.62it/s, v_num=miig]
Epoch 1:  32%|███▏      | 55/172 [00:09<00:20,  5.62it/s, v_num=miig]Started forward pass
Batch size for logging: 32
Sampled prior
Generated molecules

Epoch 1:  33%|███▎      | 56/172 [00:09<00:20,  5.63it/s, v_num=miig]
Epoch 1:  33%|███▎      | 56/172 [00:09<00:20,  5.63it/s, v_num=miig]Started forward pass
Batch size for logging: 32
Sampled prior
Generated molecules

Epoch 1:  33%|███▎      | 57/172 [00:10<00:20,  5.63it/s, v_num=miig]
Epoch 1:  33%|███▎      | 57/172 [00:10<00:20,  5.63it/s, v_num=miig]Started forward pass
Batch size for logging: 32
Sampled prior
Generated molecules

Epoch 1:  34%|███▎      | 58/172 [00:10<00:20,  5.63it/s, v_num=miig]
Epoch 1:  34%|███▎      | 58/172 [00:10<00:20,  5.63it/s, v_num=miig]Started forward pass
Batch size for logging: 32
Sampled prior
Generated molecules

Epoch 1:  34%|███▍      | 59/172 [00:10<00:20,  5.63it/s, v_num=miig]
Epoch 1:  34%|███▍      | 59/172 [00:10<00:20,  5.63it/s, v_num=miig]Started forward pass
Batch size for logging: 32
Sampled prior
Generated molecules

Epoch 1:  35%|███▍      | 60/172 [00:10<00:19,  5.63it/s, v_num=miig]
Epoch 1:  35%|███▍      | 60/172 [00:10<00:19,  5.63it/s, v_num=miig]Started forward pass
Batch size for logging: 32
Sampled prior
Generated molecules

Epoch 1:  35%|███▌      | 61/172 [00:10<00:19,  5.63it/s, v_num=miig]
Epoch 1:  35%|███▌      | 61/172 [00:10<00:19,  5.63it/s, v_num=miig]Started forward pass
Batch size for logging: 32
Sampled prior
Generated molecules

Epoch 1:  36%|███▌      | 62/172 [00:11<00:19,  5.63it/s, v_num=miig]
Epoch 1:  36%|███▌      | 62/172 [00:11<00:19,  5.63it/s, v_num=miig]Started forward pass
Batch size for logging: 32
Sampled prior
Generated molecules

Epoch 1:  37%|███▋      | 63/172 [00:11<00:19,  5.63it/s, v_num=miig]
Epoch 1:  37%|███▋      | 63/172 [00:11<00:19,  5.63it/s, v_num=miig]Started forward pass
Batch size for logging: 32
Sampled prior
Generated molecules

Epoch 1:  37%|███▋      | 64/172 [00:11<00:19,  5.63it/s, v_num=miig]
Epoch 1:  37%|███▋      | 64/172 [00:11<00:19,  5.63it/s, v_num=miig]Started forward pass
Batch size for logging: 32
Sampled prior
Generated molecules

Epoch 1:  38%|███▊      | 65/172 [00:11<00:18,  5.63it/s, v_num=miig]
Epoch 1:  38%|███▊      | 65/172 [00:11<00:18,  5.63it/s, v_num=miig]Started forward pass
Batch size for logging: 32
Sampled prior
Generated molecules

Epoch 1:  38%|███▊      | 66/172 [00:11<00:18,  5.63it/s, v_num=miig]
Epoch 1:  38%|███▊      | 66/172 [00:11<00:18,  5.63it/s, v_num=miig]Started forward pass
Batch size for logging: 32
Sampled prior
Generated molecules

Epoch 1:  39%|███▉      | 67/172 [00:11<00:18,  5.63it/s, v_num=miig]
Epoch 1:  39%|███▉      | 67/172 [00:11<00:18,  5.63it/s, v_num=miig]Started forward pass
Batch size for logging: 32
Sampled prior
Generated molecules

Epoch 1:  40%|███▉      | 68/172 [00:12<00:18,  5.64it/s, v_num=miig]
Epoch 1:  40%|███▉      | 68/172 [00:12<00:18,  5.63it/s, v_num=miig]Started forward pass
Batch size for logging: 32
Sampled prior
Generated molecules

Epoch 1:  40%|████      | 69/172 [00:12<00:18,  5.64it/s, v_num=miig]
Epoch 1:  40%|████      | 69/172 [00:12<00:18,  5.63it/s, v_num=miig]Started forward pass
Batch size for logging: 32
Sampled prior
Generated molecules

Epoch 1:  41%|████      | 70/172 [00:12<00:18,  5.64it/s, v_num=miig]
Epoch 1:  41%|████      | 70/172 [00:12<00:18,  5.64it/s, v_num=miig]Started forward pass
Batch size for logging: 32
Sampled prior
Generated molecules

Epoch 1:  41%|████▏     | 71/172 [00:12<00:17,  5.64it/s, v_num=miig]
Epoch 1:  41%|████▏     | 71/172 [00:12<00:17,  5.64it/s, v_num=miig]Started forward pass
Batch size for logging: 32
Sampled prior
Generated molecules

Epoch 1:  42%|████▏     | 72/172 [00:12<00:17,  5.64it/s, v_num=miig]
Epoch 1:  42%|████▏     | 72/172 [00:12<00:17,  5.64it/s, v_num=miig]Started forward pass
Batch size for logging: 32
Sampled prior
Generated molecules

Epoch 1:  42%|████▏     | 73/172 [00:12<00:17,  5.64it/s, v_num=miig]
Epoch 1:  42%|████▏     | 73/172 [00:12<00:17,  5.64it/s, v_num=miig]Started forward pass
Batch size for logging: 32
Sampled prior
Generated molecules

Epoch 1:  43%|████▎     | 74/172 [00:13<00:17,  5.64it/s, v_num=miig]
Epoch 1:  43%|████▎     | 74/172 [00:13<00:17,  5.64it/s, v_num=miig]Started forward pass
Batch size for logging: 32
Sampled prior
Generated molecules

Epoch 1:  44%|████▎     | 75/172 [00:13<00:17,  5.64it/s, v_num=miig]
Epoch 1:  44%|████▎     | 75/172 [00:13<00:17,  5.64it/s, v_num=miig]Started forward pass
Batch size for logging: 32
Sampled prior
Generated molecules

Epoch 1:  44%|████▍     | 76/172 [00:13<00:17,  5.64it/s, v_num=miig]
Epoch 1:  44%|████▍     | 76/172 [00:13<00:17,  5.64it/s, v_num=miig]Started forward pass
Batch size for logging: 32
Sampled prior
Generated molecules

Epoch 1:  45%|████▍     | 77/172 [00:13<00:16,  5.64it/s, v_num=miig]
Epoch 1:  45%|████▍     | 77/172 [00:13<00:16,  5.64it/s, v_num=miig]Started forward pass
Batch size for logging: 32
Sampled prior
Generated molecules

Epoch 1:  45%|████▌     | 78/172 [00:13<00:16,  5.64it/s, v_num=miig]
Epoch 1:  45%|████▌     | 78/172 [00:13<00:16,  5.64it/s, v_num=miig]Started forward pass
Batch size for logging: 32
Sampled prior
Generated molecules

Epoch 1:  46%|████▌     | 79/172 [00:14<00:16,  5.64it/s, v_num=miig]
Epoch 1:  46%|████▌     | 79/172 [00:14<00:16,  5.64it/s, v_num=miig]Started forward pass
Batch size for logging: 32
Sampled prior
Generated molecules

Epoch 1:  47%|████▋     | 80/172 [00:14<00:16,  5.64it/s, v_num=miig]
Epoch 1:  47%|████▋     | 80/172 [00:14<00:16,  5.64it/s, v_num=miig]Started forward pass
Batch size for logging: 32
Sampled prior
Generated molecules

Epoch 1:  47%|████▋     | 81/172 [00:14<00:16,  5.64it/s, v_num=miig]
Epoch 1:  47%|████▋     | 81/172 [00:14<00:16,  5.64it/s, v_num=miig]Started forward pass
Batch size for logging: 32
Sampled prior
Generated molecules

Epoch 1:  48%|████▊     | 82/172 [00:14<00:15,  5.64it/s, v_num=miig]
Epoch 1:  48%|████▊     | 82/172 [00:14<00:15,  5.64it/s, v_num=miig]Started forward pass
Batch size for logging: 32
Sampled prior
Generated molecules

Epoch 1:  48%|████▊     | 83/172 [00:14<00:15,  5.64it/s, v_num=miig]
Epoch 1:  48%|████▊     | 83/172 [00:14<00:15,  5.64it/s, v_num=miig]Started forward pass
Batch size for logging: 32
Sampled prior
Generated molecules

Epoch 1:  49%|████▉     | 84/172 [00:14<00:15,  5.64it/s, v_num=miig]
Epoch 1:  49%|████▉     | 84/172 [00:14<00:15,  5.64it/s, v_num=miig]Started forward pass
Batch size for logging: 32
Sampled prior
Generated molecules

Epoch 1:  49%|████▉     | 85/172 [00:15<00:15,  5.64it/s, v_num=miig]
Epoch 1:  49%|████▉     | 85/172 [00:15<00:15,  5.64it/s, v_num=miig]Started forward pass
Batch size for logging: 32
Sampled prior
Generated molecules

Epoch 1:  50%|█████     | 86/172 [00:15<00:15,  5.64it/s, v_num=miig]
Epoch 1:  50%|█████     | 86/172 [00:15<00:15,  5.64it/s, v_num=miig]Started forward pass
Batch size for logging: 32
Sampled prior
Generated molecules

Epoch 1:  51%|█████     | 87/172 [00:15<00:15,  5.64it/s, v_num=miig]
Epoch 1:  51%|█████     | 87/172 [00:15<00:15,  5.64it/s, v_num=miig]Started forward pass
Batch size for logging: 32
Sampled prior
Generated molecules

Epoch 1:  51%|█████     | 88/172 [00:15<00:14,  5.64it/s, v_num=miig]
Epoch 1:  51%|█████     | 88/172 [00:15<00:14,  5.64it/s, v_num=miig]Started forward pass
Batch size for logging: 32
Sampled prior
Generated molecules

Epoch 1:  52%|█████▏    | 89/172 [00:15<00:14,  5.64it/s, v_num=miig]
Epoch 1:  52%|█████▏    | 89/172 [00:15<00:14,  5.64it/s, v_num=miig]Started forward pass
Batch size for logging: 32
Sampled prior
Generated molecules

Epoch 1:  52%|█████▏    | 90/172 [00:15<00:14,  5.64it/s, v_num=miig]
Epoch 1:  52%|█████▏    | 90/172 [00:15<00:14,  5.64it/s, v_num=miig]Started forward pass
Batch size for logging: 32
Sampled prior
Generated molecules

Epoch 1:  53%|█████▎    | 91/172 [00:16<00:14,  5.64it/s, v_num=miig]
Epoch 1:  53%|█████▎    | 91/172 [00:16<00:14,  5.64it/s, v_num=miig]Started forward pass
Batch size for logging: 32
Sampled prior
Generated molecules

Epoch 1:  53%|█████▎    | 92/172 [00:16<00:14,  5.64it/s, v_num=miig]
Epoch 1:  53%|█████▎    | 92/172 [00:16<00:14,  5.64it/s, v_num=miig]Started forward pass
Batch size for logging: 32
Sampled prior
Generated molecules

Epoch 1:  54%|█████▍    | 93/172 [00:16<00:13,  5.64it/s, v_num=miig]
Epoch 1:  54%|█████▍    | 93/172 [00:16<00:13,  5.64it/s, v_num=miig]Started forward pass
Batch size for logging: 32
Sampled prior
Generated molecules

Epoch 1:  55%|█████▍    | 94/172 [00:16<00:13,  5.64it/s, v_num=miig]
Epoch 1:  55%|█████▍    | 94/172 [00:16<00:13,  5.64it/s, v_num=miig]Started forward pass
Batch size for logging: 32
Sampled prior
Generated molecules

Epoch 1:  55%|█████▌    | 95/172 [00:16<00:13,  5.64it/s, v_num=miig]
Epoch 1:  55%|█████▌    | 95/172 [00:16<00:13,  5.64it/s, v_num=miig]Started forward pass
Batch size for logging: 32
Sampled prior
Generated molecules

Epoch 1:  56%|█████▌    | 96/172 [00:17<00:13,  5.64it/s, v_num=miig]
Epoch 1:  56%|█████▌    | 96/172 [00:17<00:13,  5.64it/s, v_num=miig]Started forward pass
Batch size for logging: 32
Sampled prior
Generated molecules

Epoch 1:  56%|█████▋    | 97/172 [00:17<00:13,  5.64it/s, v_num=miig]
Epoch 1:  56%|█████▋    | 97/172 [00:17<00:13,  5.64it/s, v_num=miig]Started forward pass
Batch size for logging: 32
Sampled prior
Generated molecules

Epoch 1:  57%|█████▋    | 98/172 [00:17<00:13,  5.64it/s, v_num=miig]
Epoch 1:  57%|█████▋    | 98/172 [00:17<00:13,  5.64it/s, v_num=miig]Started forward pass
Batch size for logging: 32
Sampled prior
Generated molecules

Epoch 1:  58%|█████▊    | 99/172 [00:17<00:12,  5.64it/s, v_num=miig]
Epoch 1:  58%|█████▊    | 99/172 [00:17<00:12,  5.64it/s, v_num=miig]Started forward pass
Batch size for logging: 32
Sampled prior
Generated molecules

Epoch 1:  58%|█████▊    | 100/172 [00:17<00:12,  5.64it/s, v_num=miig]
Epoch 1:  58%|█████▊    | 100/172 [00:17<00:12,  5.64it/s, v_num=miig]Started forward pass
Batch size for logging: 32
Sampled prior
Generated molecules

Epoch 1:  59%|█████▊    | 101/172 [00:17<00:12,  5.64it/s, v_num=miig]
Epoch 1:  59%|█████▊    | 101/172 [00:17<00:12,  5.64it/s, v_num=miig]Started forward pass
Batch size for logging: 32
Sampled prior
Generated molecules

Epoch 1:  59%|█████▉    | 102/172 [00:18<00:12,  5.65it/s, v_num=miig]
Epoch 1:  59%|█████▉    | 102/172 [00:18<00:12,  5.64it/s, v_num=miig]Started forward pass
Batch size for logging: 32
Sampled prior
Generated molecules

Epoch 1:  60%|█████▉    | 103/172 [00:18<00:12,  5.64it/s, v_num=miig]
Epoch 1:  60%|█████▉    | 103/172 [00:18<00:12,  5.64it/s, v_num=miig]Started forward pass
Batch size for logging: 32
Sampled prior
Generated molecules

Epoch 1:  60%|██████    | 104/172 [00:18<00:12,  5.64it/s, v_num=miig]
Epoch 1:  60%|██████    | 104/172 [00:18<00:12,  5.64it/s, v_num=miig]Started forward pass
Batch size for logging: 32
Sampled prior
Generated molecules

Epoch 1:  61%|██████    | 105/172 [00:18<00:11,  5.64it/s, v_num=miig]
Epoch 1:  61%|██████    | 105/172 [00:18<00:11,  5.64it/s, v_num=miig]Started forward pass
Batch size for logging: 32
Sampled prior
Generated molecules

Epoch 1:  62%|██████▏   | 106/172 [00:18<00:11,  5.64it/s, v_num=miig]
Epoch 1:  62%|██████▏   | 106/172 [00:18<00:11,  5.64it/s, v_num=miig]Started forward pass
Batch size for logging: 32
Sampled prior
Generated molecules

Epoch 1:  62%|██████▏   | 107/172 [00:18<00:11,  5.64it/s, v_num=miig]
Epoch 1:  62%|██████▏   | 107/172 [00:18<00:11,  5.64it/s, v_num=miig]Started forward pass
Batch size for logging: 32
Sampled prior
Generated molecules

Epoch 1:  63%|██████▎   | 108/172 [00:19<00:11,  5.64it/s, v_num=miig]
Epoch 1:  63%|██████▎   | 108/172 [00:19<00:11,  5.64it/s, v_num=miig]Started forward pass
Batch size for logging: 32
Sampled prior
Generated molecules

Epoch 1:  63%|██████▎   | 109/172 [00:19<00:11,  5.64it/s, v_num=miig]
Epoch 1:  63%|██████▎   | 109/172 [00:19<00:11,  5.64it/s, v_num=miig]Started forward pass
Batch size for logging: 32
Sampled prior
Generated molecules

Epoch 1:  64%|██████▍   | 110/172 [00:19<00:10,  5.64it/s, v_num=miig]
Epoch 1:  64%|██████▍   | 110/172 [00:19<00:10,  5.64it/s, v_num=miig]Started forward pass
Batch size for logging: 32
Sampled prior
Generated molecules

Epoch 1:  65%|██████▍   | 111/172 [00:19<00:10,  5.64it/s, v_num=miig]
Epoch 1:  65%|██████▍   | 111/172 [00:19<00:10,  5.64it/s, v_num=miig]Started forward pass
Batch size for logging: 32
Sampled prior
Generated molecules

Epoch 1:  65%|██████▌   | 112/172 [00:19<00:10,  5.64it/s, v_num=miig]
Epoch 1:  65%|██████▌   | 112/172 [00:19<00:10,  5.64it/s, v_num=miig]Started forward pass
Batch size for logging: 32
Sampled prior
Generated molecules

Epoch 1:  66%|██████▌   | 113/172 [00:20<00:10,  5.64it/s, v_num=miig]
Epoch 1:  66%|██████▌   | 113/172 [00:20<00:10,  5.64it/s, v_num=miig]Started forward pass
Batch size for logging: 32
Sampled prior
Generated molecules

Epoch 1:  66%|██████▋   | 114/172 [00:20<00:10,  5.64it/s, v_num=miig]
Epoch 1:  66%|██████▋   | 114/172 [00:20<00:10,  5.64it/s, v_num=miig]Started forward pass
Batch size for logging: 32
Sampled prior
Generated molecules

Epoch 1:  67%|██████▋   | 115/172 [00:20<00:10,  5.64it/s, v_num=miig]
Epoch 1:  67%|██████▋   | 115/172 [00:20<00:10,  5.64it/s, v_num=miig]Started forward pass
Batch size for logging: 32
Sampled prior
Generated molecules

Epoch 1:  67%|██████▋   | 116/172 [00:20<00:09,  5.64it/s, v_num=miig]
Epoch 1:  67%|██████▋   | 116/172 [00:20<00:09,  5.64it/s, v_num=miig]Started forward pass
Batch size for logging: 32
Sampled prior
Generated molecules

Epoch 1:  68%|██████▊   | 117/172 [00:20<00:09,  5.65it/s, v_num=miig]
Epoch 1:  68%|██████▊   | 117/172 [00:20<00:09,  5.64it/s, v_num=miig]Started forward pass
Batch size for logging: 32
Sampled prior
Generated molecules

Epoch 1:  69%|██████▊   | 118/172 [00:20<00:09,  5.64it/s, v_num=miig]
Epoch 1:  69%|██████▊   | 118/172 [00:20<00:09,  5.64it/s, v_num=miig]Started forward pass
Batch size for logging: 32
Sampled prior
Generated molecules

Epoch 1:  69%|██████▉   | 119/172 [00:21<00:09,  5.64it/s, v_num=miig]
Epoch 1:  69%|██████▉   | 119/172 [00:21<00:09,  5.64it/s, v_num=miig]Started forward pass
Batch size for logging: 32
Sampled prior
Generated molecules

Epoch 1:  70%|██████▉   | 120/172 [00:21<00:09,  5.64it/s, v_num=miig]
Epoch 1:  70%|██████▉   | 120/172 [00:21<00:09,  5.64it/s, v_num=miig]Started forward pass
Batch size for logging: 32
Sampled prior
Generated molecules

Epoch 1:  70%|███████   | 121/172 [00:21<00:09,  5.64it/s, v_num=miig]
Epoch 1:  70%|███████   | 121/172 [00:21<00:09,  5.64it/s, v_num=miig]Started forward pass
Batch size for logging: 32
Sampled prior
Generated molecules

Epoch 1:  71%|███████   | 122/172 [00:21<00:08,  5.64it/s, v_num=miig]
Epoch 1:  71%|███████   | 122/172 [00:21<00:08,  5.64it/s, v_num=miig]Started forward pass
Batch size for logging: 32
Sampled prior
Generated molecules

Epoch 1:  72%|███████▏  | 123/172 [00:21<00:08,  5.64it/s, v_num=miig]
Epoch 1:  72%|███████▏  | 123/172 [00:21<00:08,  5.64it/s, v_num=miig]Started forward pass
Batch size for logging: 32
Sampled prior
Generated molecules

Epoch 1:  72%|███████▏  | 124/172 [00:21<00:08,  5.65it/s, v_num=miig]
Epoch 1:  72%|███████▏  | 124/172 [00:21<00:08,  5.64it/s, v_num=miig]Started forward pass
Batch size for logging: 32
Sampled prior
Generated molecules

Epoch 1:  73%|███████▎  | 125/172 [00:22<00:08,  5.65it/s, v_num=miig]
Epoch 1:  73%|███████▎  | 125/172 [00:22<00:08,  5.65it/s, v_num=miig]Started forward pass
Batch size for logging: 32
Sampled prior
Generated molecules

Epoch 1:  73%|███████▎  | 126/172 [00:22<00:08,  5.65it/s, v_num=miig]
Epoch 1:  73%|███████▎  | 126/172 [00:22<00:08,  5.65it/s, v_num=miig]Started forward pass
Batch size for logging: 32
Sampled prior
Generated molecules

Epoch 1:  74%|███████▍  | 127/172 [00:22<00:07,  5.65it/s, v_num=miig]
Epoch 1:  74%|███████▍  | 127/172 [00:22<00:07,  5.65it/s, v_num=miig]Started forward pass
Batch size for logging: 32
Sampled prior
Generated molecules

Epoch 1:  74%|███████▍  | 128/172 [00:22<00:07,  5.65it/s, v_num=miig]
Epoch 1:  74%|███████▍  | 128/172 [00:22<00:07,  5.65it/s, v_num=miig]Started forward pass
Batch size for logging: 32
Sampled prior
Generated molecules

Epoch 1:  75%|███████▌  | 129/172 [00:22<00:07,  5.65it/s, v_num=miig]
Epoch 1:  75%|███████▌  | 129/172 [00:22<00:07,  5.65it/s, v_num=miig]Started forward pass
Batch size for logging: 32
Sampled prior
Generated molecules

Epoch 1:  76%|███████▌  | 130/172 [00:23<00:07,  5.65it/s, v_num=miig]
Epoch 1:  76%|███████▌  | 130/172 [00:23<00:07,  5.65it/s, v_num=miig]Started forward pass
Batch size for logging: 32
Sampled prior
Generated molecules

Epoch 1:  76%|███████▌  | 131/172 [00:23<00:07,  5.65it/s, v_num=miig]
Epoch 1:  76%|███████▌  | 131/172 [00:23<00:07,  5.65it/s, v_num=miig]Started forward pass
Batch size for logging: 32
Sampled prior
Generated molecules

Epoch 1:  77%|███████▋  | 132/172 [00:23<00:07,  5.65it/s, v_num=miig]
Epoch 1:  77%|███████▋  | 132/172 [00:23<00:07,  5.65it/s, v_num=miig]Started forward pass
Batch size for logging: 32
Sampled prior
Generated molecules

Epoch 1:  77%|███████▋  | 133/172 [00:23<00:06,  5.65it/s, v_num=miig]
Epoch 1:  77%|███████▋  | 133/172 [00:23<00:06,  5.65it/s, v_num=miig]Started forward pass
Batch size for logging: 32
Sampled prior
Generated molecules

Epoch 1:  78%|███████▊  | 134/172 [00:23<00:06,  5.65it/s, v_num=miig]
Epoch 1:  78%|███████▊  | 134/172 [00:23<00:06,  5.65it/s, v_num=miig]Started forward pass
Batch size for logging: 32
Sampled prior
Generated molecules

Epoch 1:  78%|███████▊  | 135/172 [00:23<00:06,  5.65it/s, v_num=miig]
Epoch 1:  78%|███████▊  | 135/172 [00:23<00:06,  5.65it/s, v_num=miig]Started forward pass
Batch size for logging: 32
Sampled prior
Generated molecules

Epoch 1:  79%|███████▉  | 136/172 [00:24<00:06,  5.65it/s, v_num=miig]
Epoch 1:  79%|███████▉  | 136/172 [00:24<00:06,  5.65it/s, v_num=miig]Started forward pass
Batch size for logging: 32
Sampled prior
Generated molecules

Epoch 1:  80%|███████▉  | 137/172 [00:24<00:06,  5.65it/s, v_num=miig]
Epoch 1:  80%|███████▉  | 137/172 [00:24<00:06,  5.65it/s, v_num=miig]Started forward pass
Batch size for logging: 32
Sampled prior
Generated molecules

Epoch 1:  80%|████████  | 138/172 [00:24<00:06,  5.65it/s, v_num=miig]
Epoch 1:  80%|████████  | 138/172 [00:24<00:06,  5.65it/s, v_num=miig]Started forward pass
Batch size for logging: 32
Sampled prior
Generated molecules

Epoch 1:  81%|████████  | 139/172 [00:24<00:05,  5.65it/s, v_num=miig]
Epoch 1:  81%|████████  | 139/172 [00:24<00:05,  5.65it/s, v_num=miig]Started forward pass
Batch size for logging: 32
Sampled prior
Generated molecules

Epoch 1:  81%|████████▏ | 140/172 [00:24<00:05,  5.65it/s, v_num=miig]
Epoch 1:  81%|████████▏ | 140/172 [00:24<00:05,  5.65it/s, v_num=miig]Started forward pass
Batch size for logging: 32
Sampled prior
Generated molecules

Epoch 1:  82%|████████▏ | 141/172 [00:24<00:05,  5.65it/s, v_num=miig]
Epoch 1:  82%|████████▏ | 141/172 [00:24<00:05,  5.65it/s, v_num=miig]Started forward pass
Batch size for logging: 32
Sampled prior
Generated molecules

Epoch 1:  83%|████████▎ | 142/172 [00:25<00:05,  5.65it/s, v_num=miig]
Epoch 1:  83%|████████▎ | 142/172 [00:25<00:05,  5.65it/s, v_num=miig]Started forward pass
Batch size for logging: 32
Sampled prior
Generated molecules

Epoch 1:  83%|████████▎ | 143/172 [00:25<00:05,  5.65it/s, v_num=miig]
Epoch 1:  83%|████████▎ | 143/172 [00:25<00:05,  5.65it/s, v_num=miig]Started forward pass
Batch size for logging: 32
Sampled prior
Generated molecules

Epoch 1:  84%|████████▎ | 144/172 [00:25<00:04,  5.65it/s, v_num=miig]
Epoch 1:  84%|████████▎ | 144/172 [00:25<00:04,  5.65it/s, v_num=miig]Started forward pass
Batch size for logging: 32
Sampled prior
Generated molecules

Epoch 1:  84%|████████▍ | 145/172 [00:25<00:04,  5.65it/s, v_num=miig]
Epoch 1:  84%|████████▍ | 145/172 [00:25<00:04,  5.65it/s, v_num=miig]Started forward pass
Batch size for logging: 32
Sampled prior
Generated molecules

Epoch 1:  85%|████████▍ | 146/172 [00:25<00:04,  5.65it/s, v_num=miig]
Epoch 1:  85%|████████▍ | 146/172 [00:25<00:04,  5.65it/s, v_num=miig]Started forward pass
Batch size for logging: 32
Sampled prior
Generated molecules

Epoch 1:  85%|████████▌ | 147/172 [00:26<00:04,  5.65it/s, v_num=miig]
Epoch 1:  85%|████████▌ | 147/172 [00:26<00:04,  5.65it/s, v_num=miig]Started forward pass
Batch size for logging: 32
Sampled prior
Generated molecules

Epoch 1:  86%|████████▌ | 148/172 [00:26<00:04,  5.65it/s, v_num=miig]
Epoch 1:  86%|████████▌ | 148/172 [00:26<00:04,  5.65it/s, v_num=miig]Started forward pass
Batch size for logging: 32
Sampled prior
Generated molecules

Epoch 1:  87%|████████▋ | 149/172 [00:26<00:04,  5.65it/s, v_num=miig]
Epoch 1:  87%|████████▋ | 149/172 [00:26<00:04,  5.65it/s, v_num=miig]Started forward pass
Batch size for logging: 32
Sampled prior
Generated molecules

Epoch 1:  87%|████████▋ | 150/172 [00:26<00:03,  5.65it/s, v_num=miig]
Epoch 1:  87%|████████▋ | 150/172 [00:26<00:03,  5.65it/s, v_num=miig]Started forward pass
Batch size for logging: 32
Sampled prior
Generated molecules

Epoch 1:  88%|████████▊ | 151/172 [00:26<00:03,  5.65it/s, v_num=miig]
Epoch 1:  88%|████████▊ | 151/172 [00:26<00:03,  5.65it/s, v_num=miig]Started forward pass
Batch size for logging: 32
Sampled prior
Generated molecules

Epoch 1:  88%|████████▊ | 152/172 [00:26<00:03,  5.65it/s, v_num=miig]
Epoch 1:  88%|████████▊ | 152/172 [00:26<00:03,  5.65it/s, v_num=miig]Started forward pass
Batch size for logging: 32
Sampled prior
Generated molecules

Epoch 1:  89%|████████▉ | 153/172 [00:27<00:03,  5.65it/s, v_num=miig]
Epoch 1:  89%|████████▉ | 153/172 [00:27<00:03,  5.65it/s, v_num=miig]Started forward pass
Batch size for logging: 32
Sampled prior
Generated molecules

Epoch 1:  90%|████████▉ | 154/172 [00:27<00:03,  5.65it/s, v_num=miig]
Epoch 1:  90%|████████▉ | 154/172 [00:27<00:03,  5.65it/s, v_num=miig]Started forward pass
Batch size for logging: 32
Sampled prior
Generated molecules

Epoch 1:  90%|█████████ | 155/172 [00:27<00:03,  5.65it/s, v_num=miig]
Epoch 1:  90%|█████████ | 155/172 [00:27<00:03,  5.65it/s, v_num=miig]Started forward pass
Batch size for logging: 32
Sampled prior
Generated molecules

Epoch 1:  91%|█████████ | 156/172 [00:27<00:02,  5.65it/s, v_num=miig]
Epoch 1:  91%|█████████ | 156/172 [00:27<00:02,  5.65it/s, v_num=miig]Started forward pass
Batch size for logging: 32
Sampled prior
Generated molecules

Epoch 1:  91%|█████████▏| 157/172 [00:27<00:02,  5.65it/s, v_num=miig]
Epoch 1:  91%|█████████▏| 157/172 [00:27<00:02,  5.65it/s, v_num=miig]Started forward pass
Batch size for logging: 32
Sampled prior
Generated molecules

Epoch 1:  92%|█████████▏| 158/172 [00:27<00:02,  5.65it/s, v_num=miig]
Epoch 1:  92%|█████████▏| 158/172 [00:27<00:02,  5.65it/s, v_num=miig]Started forward pass
Batch size for logging: 32
Sampled prior
Generated molecules

Epoch 1:  92%|█████████▏| 159/172 [00:28<00:02,  5.65it/s, v_num=miig]
Epoch 1:  92%|█████████▏| 159/172 [00:28<00:02,  5.65it/s, v_num=miig]Started forward pass
Batch size for logging: 32
Sampled prior
Generated molecules

Epoch 1:  93%|█████████▎| 160/172 [00:28<00:02,  5.65it/s, v_num=miig]
Epoch 1:  93%|█████████▎| 160/172 [00:28<00:02,  5.65it/s, v_num=miig]Started forward pass
Batch size for logging: 32
Sampled prior
Generated molecules

Epoch 1:  94%|█████████▎| 161/172 [00:28<00:01,  5.65it/s, v_num=miig]
Epoch 1:  94%|█████████▎| 161/172 [00:28<00:01,  5.65it/s, v_num=miig]Started forward pass
Batch size for logging: 32
Sampled prior
Generated molecules

Epoch 1:  94%|█████████▍| 162/172 [00:28<00:01,  5.65it/s, v_num=miig]
Epoch 1:  94%|█████████▍| 162/172 [00:28<00:01,  5.65it/s, v_num=miig]Started forward pass
Batch size for logging: 32
Sampled prior
Generated molecules

Epoch 1:  95%|█████████▍| 163/172 [00:28<00:01,  5.65it/s, v_num=miig]
Epoch 1:  95%|█████████▍| 163/172 [00:28<00:01,  5.65it/s, v_num=miig]Started forward pass
Batch size for logging: 32
Sampled prior
Generated molecules

Epoch 1:  95%|█████████▌| 164/172 [00:29<00:01,  5.65it/s, v_num=miig]
Epoch 1:  95%|█████████▌| 164/172 [00:29<00:01,  5.65it/s, v_num=miig]Started forward pass
Batch size for logging: 32
Sampled prior
Generated molecules

Epoch 1:  96%|█████████▌| 165/172 [00:29<00:01,  5.65it/s, v_num=miig]
Epoch 1:  96%|█████████▌| 165/172 [00:29<00:01,  5.65it/s, v_num=miig]Started forward pass
Batch size for logging: 32
Sampled prior
Generated molecules

Epoch 1:  97%|█████████▋| 166/172 [00:29<00:01,  5.65it/s, v_num=miig]
Epoch 1:  97%|█████████▋| 166/172 [00:29<00:01,  5.65it/s, v_num=miig]Started forward pass
Batch size for logging: 32
Sampled prior
Generated molecules

Epoch 1:  97%|█████████▋| 167/172 [00:29<00:00,  5.65it/s, v_num=miig]
Epoch 1:  97%|█████████▋| 167/172 [00:29<00:00,  5.65it/s, v_num=miig]Started forward pass
Batch size for logging: 32
Sampled prior
Generated molecules

Epoch 1:  98%|█████████▊| 168/172 [00:29<00:00,  5.65it/s, v_num=miig]
Epoch 1:  98%|█████████▊| 168/172 [00:29<00:00,  5.65it/s, v_num=miig]Started forward pass
Batch size for logging: 32
Sampled prior
Generated molecules

Epoch 1:  98%|█████████▊| 169/172 [00:29<00:00,  5.65it/s, v_num=miig]
Epoch 1:  98%|█████████▊| 169/172 [00:29<00:00,  5.65it/s, v_num=miig]Started forward pass
Batch size for logging: 32
Sampled prior
Generated molecules

Epoch 1:  99%|█████████▉| 170/172 [00:30<00:00,  5.65it/s, v_num=miig]
Epoch 1:  99%|█████████▉| 170/172 [00:30<00:00,  5.65it/s, v_num=miig]Started forward pass
Batch size for logging: 32
Sampled prior
Generated molecules

Epoch 1:  99%|█████████▉| 171/172 [00:30<00:00,  5.65it/s, v_num=miig]
Epoch 1:  99%|█████████▉| 171/172 [00:30<00:00,  5.65it/s, v_num=miig]Started forward pass
Batch size for logging: 28
Sampled prior
Generated molecules

Epoch 1: 100%|██████████| 172/172 [00:30<00:00,  5.66it/s, v_num=miig]
Epoch 1: 100%|██████████| 172/172 [00:30<00:00,  5.66it/s, v_num=miig]

Validation: |          | 0/? [00:00<?, ?it/s][A

Validation: |          | 0/? [00:00<?, ?it/s][A

Validation DataLoader 0:   0%|          | 0/16 [00:00<?, ?it/s][AStarted validation step
Started forward pass
Batch size for logging: 32
Sampled prior
Generated molecules
Computed forward pass in validation step
Reached here


Validation DataLoader 0:   6%|▋         | 1/16 [00:00<00:02,  5.77it/s][AStarted validation step
Started forward pass
Batch size for logging: 32
Sampled prior
Generated molecules
Computed forward pass in validation step
Reached here


Validation DataLoader 0:  12%|█▎        | 2/16 [00:00<00:02,  6.04it/s][AStarted validation step
Started forward pass
Batch size for logging: 32
Sampled prior
Generated molecules
Computed forward pass in validation step
Reached here


Validation DataLoader 0:  19%|█▉        | 3/16 [00:00<00:02,  6.18it/s][AStarted validation step
Started forward pass
Batch size for logging: 32
Sampled prior
Generated molecules
Computed forward pass in validation step
Reached here


Validation DataLoader 0:  25%|██▌       | 4/16 [00:00<00:01,  6.27it/s][AStarted validation step
Started forward pass
Batch size for logging: 32
Sampled prior
Generated molecules
Computed forward pass in validation step
Reached here


Validation DataLoader 0:  31%|███▏      | 5/16 [00:00<00:01,  6.31it/s][AStarted validation step
Started forward pass
Batch size for logging: 32
Sampled prior
Generated molecules
Computed forward pass in validation step
Reached here


Validation DataLoader 0:  38%|███▊      | 6/16 [00:00<00:01,  6.34it/s][AStarted validation step
Started forward pass
Batch size for logging: 32
Sampled prior
Generated molecules
Computed forward pass in validation step
Reached here


Validation DataLoader 0:  44%|████▍     | 7/16 [00:01<00:01,  6.36it/s][AStarted validation step
Started forward pass
Batch size for logging: 32
Sampled prior
Generated molecules
Computed forward pass in validation step
Reached here


Validation DataLoader 0:  50%|█████     | 8/16 [00:01<00:01,  6.38it/s][AStarted validation step
Started forward pass
Batch size for logging: 32
Sampled prior
Generated molecules
Computed forward pass in validation step
Reached here


Validation DataLoader 0:  56%|█████▋    | 9/16 [00:01<00:01,  6.41it/s][AStarted validation step
Started forward pass
Batch size for logging: 32
Sampled prior
Generated molecules
Computed forward pass in validation step
Reached here


Validation DataLoader 0:  62%|██████▎   | 10/16 [00:01<00:00,  6.44it/s][AStarted validation step
Started forward pass
Batch size for logging: 32
Sampled prior
Generated molecules
Computed forward pass in validation step
Reached here


Validation DataLoader 0:  69%|██████▉   | 11/16 [00:01<00:00,  6.45it/s][AStarted validation step
Started forward pass
Batch size for logging: 32
Sampled prior
Generated molecules
Computed forward pass in validation step
Reached here


Validation DataLoader 0:  75%|███████▌  | 12/16 [00:01<00:00,  6.47it/s][AStarted validation step
Started forward pass
Batch size for logging: 32
Sampled prior
Generated molecules
Computed forward pass in validation step
Reached here


Validation DataLoader 0:  81%|████████▏ | 13/16 [00:02<00:00,  6.48it/s][AStarted validation step
Started forward pass
Batch size for logging: 32
Sampled prior
Generated molecules
Computed forward pass in validation step
Reached here


Validation DataLoader 0:  88%|████████▊ | 14/16 [00:02<00:00,  6.50it/s][AStarted validation step
Started forward pass
Batch size for logging: 32
Sampled prior
Generated molecules
Computed forward pass in validation step
Reached here


Validation DataLoader 0:  94%|█████████▍| 15/16 [00:02<00:00,  6.50it/s][AStarted validation step
Started forward pass
Batch size for logging: 20
Sampled prior
Generated molecules
Computed forward pass in validation step
Reached here


Validation DataLoader 0: 100%|██████████| 16/16 [00:02<00:00,  6.62it/s][A

                                                                        [A
Epoch 1: 100%|██████████| 172/172 [00:34<00:00,  5.05it/s, v_num=miig]
Epoch 1: 100%|██████████| 172/172 [00:34<00:00,  5.05it/s, v_num=miig]
Epoch 1:   0%|          | 0/172 [00:00<?, ?it/s, v_num=miig]          
Epoch 2:   0%|          | 0/172 [00:00<?, ?it/s, v_num=miig]Started forward pass
Batch size for logging: 32
Sampled prior
Generated molecules

Epoch 2:   1%|          | 1/172 [00:00<00:39,  4.36it/s, v_num=miig]
Epoch 2:   1%|          | 1/172 [00:00<00:39,  4.35it/s, v_num=miig]Started forward pass
Batch size for logging: 32
Sampled prior
Generated molecules

Epoch 2:   1%|          | 2/172 [00:00<00:34,  4.89it/s, v_num=miig]
Epoch 2:   1%|          | 2/172 [00:00<00:34,  4.88it/s, v_num=miig]Started forward pass
Batch size for logging: 32
Sampled prior
Generated molecules

Epoch 2:   2%|▏         | 3/172 [00:00<00:32,  5.13it/s, v_num=miig]
Epoch 2:   2%|▏         | 3/172 [00:00<00:32,  5.12it/s, v_num=miig]Started forward pass
Batch size for logging: 32
Sampled prior
Generated molecules

Epoch 2:   2%|▏         | 4/172 [00:00<00:32,  5.24it/s, v_num=miig]
Epoch 2:   2%|▏         | 4/172 [00:00<00:32,  5.23it/s, v_num=miig]Started forward pass
Batch size for logging: 32
Sampled prior
Generated molecules

Epoch 2:   3%|▎         | 5/172 [00:00<00:31,  5.30it/s, v_num=miig]
Epoch 2:   3%|▎         | 5/172 [00:00<00:31,  5.29it/s, v_num=miig]Started forward pass
Batch size for logging: 32
Sampled prior
Generated molecules

Epoch 2:   3%|▎         | 6/172 [00:01<00:30,  5.36it/s, v_num=miig]
Epoch 2:   3%|▎         | 6/172 [00:01<00:31,  5.35it/s, v_num=miig]Started forward pass
Batch size for logging: 32
Sampled prior
Generated molecules

Epoch 2:   4%|▍         | 7/172 [00:01<00:30,  5.40it/s, v_num=miig]
Epoch 2:   4%|▍         | 7/172 [00:01<00:30,  5.39it/s, v_num=miig]Started forward pass
Batch size for logging: 32
Sampled prior
Generated molecules

Epoch 2:   5%|▍         | 8/172 [00:01<00:30,  5.43it/s, v_num=miig]
Epoch 2:   5%|▍         | 8/172 [00:01<00:30,  5.42it/s, v_num=miig]Started forward pass
Batch size for logging: 32
Sampled prior
Generated molecules

Epoch 2:   5%|▌         | 9/172 [00:01<00:29,  5.45it/s, v_num=miig]
Epoch 2:   5%|▌         | 9/172 [00:01<00:29,  5.45it/s, v_num=miig]Started forward pass
Batch size for logging: 32
Sampled prior
Generated molecules

Epoch 2:   6%|▌         | 10/172 [00:01<00:29,  5.47it/s, v_num=miig]
Epoch 2:   6%|▌         | 10/172 [00:01<00:29,  5.47it/s, v_num=miig]Started forward pass
Batch size for logging: 32
Sampled prior
Generated molecules

Epoch 2:   6%|▋         | 11/172 [00:02<00:29,  5.48it/s, v_num=miig]
Epoch 2:   6%|▋         | 11/172 [00:02<00:29,  5.48it/s, v_num=miig]Started forward pass
Batch size for logging: 32
Sampled prior
Generated molecules

Epoch 2:   7%|▋         | 12/172 [00:02<00:29,  5.50it/s, v_num=miig]
Epoch 2:   7%|▋         | 12/172 [00:02<00:29,  5.50it/s, v_num=miig]Started forward pass
Batch size for logging: 32
Sampled prior
Generated molecules

Epoch 2:   8%|▊         | 13/172 [00:02<00:28,  5.51it/s, v_num=miig]
Epoch 2:   8%|▊         | 13/172 [00:02<00:28,  5.51it/s, v_num=miig]Started forward pass
Batch size for logging: 32
Sampled prior
Generated molecules

Epoch 2:   8%|▊         | 14/172 [00:02<00:28,  5.51it/s, v_num=miig]
Epoch 2:   8%|▊         | 14/172 [00:02<00:28,  5.51it/s, v_num=miig]Started forward pass
Batch size for logging: 32
Sampled prior
Generated molecules

Epoch 2:   9%|▊         | 15/172 [00:02<00:28,  5.53it/s, v_num=miig]
Epoch 2:   9%|▊         | 15/172 [00:02<00:28,  5.52it/s, v_num=miig]Started forward pass
Batch size for logging: 32
Sampled prior
Generated molecules

Epoch 2:   9%|▉         | 16/172 [00:02<00:28,  5.53it/s, v_num=miig]
Epoch 2:   9%|▉         | 16/172 [00:02<00:28,  5.53it/s, v_num=miig]Started forward pass
Batch size for logging: 32
Sampled prior
Generated molecules

Epoch 2:  10%|▉         | 17/172 [00:03<00:27,  5.54it/s, v_num=miig]
Epoch 2:  10%|▉         | 17/172 [00:03<00:27,  5.54it/s, v_num=miig]Started forward pass
Batch size for logging: 32
Sampled prior
Generated molecules

Epoch 2:  10%|█         | 18/172 [00:03<00:27,  5.55it/s, v_num=miig]
Epoch 2:  10%|█         | 18/172 [00:03<00:27,  5.55it/s, v_num=miig]Started forward pass
Batch size for logging: 32
Sampled prior
Generated molecules

Epoch 2:  11%|█         | 19/172 [00:03<00:27,  5.56it/s, v_num=miig]
Epoch 2:  11%|█         | 19/172 [00:03<00:27,  5.56it/s, v_num=miig]Started forward pass
Batch size for logging: 32
Sampled prior
Generated molecules

Epoch 2:  12%|█▏        | 20/172 [00:03<00:27,  5.56it/s, v_num=miig]
Epoch 2:  12%|█▏        | 20/172 [00:03<00:27,  5.56it/s, v_num=miig]Started forward pass
Batch size for logging: 32
Sampled prior
Generated molecules

Epoch 2:  12%|█▏        | 21/172 [00:03<00:27,  5.57it/s, v_num=miig]
Epoch 2:  12%|█▏        | 21/172 [00:03<00:27,  5.57it/s, v_num=miig]Started forward pass
Batch size for logging: 32
Sampled prior
Generated molecules

Epoch 2:  13%|█▎        | 22/172 [00:03<00:26,  5.58it/s, v_num=miig]
Epoch 2:  13%|█▎        | 22/172 [00:03<00:26,  5.58it/s, v_num=miig]Started forward pass
Batch size for logging: 32
Sampled prior
Generated molecules

Epoch 2:  13%|█▎        | 23/172 [00:04<00:26,  5.58it/s, v_num=miig]
Epoch 2:  13%|█▎        | 23/172 [00:04<00:26,  5.58it/s, v_num=miig]Started forward pass
Batch size for logging: 32
Sampled prior
Generated molecules

Epoch 2:  14%|█▍        | 24/172 [00:04<00:26,  5.59it/s, v_num=miig]
Epoch 2:  14%|█▍        | 24/172 [00:04<00:26,  5.59it/s, v_num=miig]Started forward pass
Batch size for logging: 32
Sampled prior
Generated molecules

Epoch 2:  15%|█▍        | 25/172 [00:04<00:26,  5.59it/s, v_num=miig]
Epoch 2:  15%|█▍        | 25/172 [00:04<00:26,  5.59it/s, v_num=miig]Started forward pass
Batch size for logging: 32
Sampled prior
Generated molecules

Epoch 2:  15%|█▌        | 26/172 [00:04<00:26,  5.60it/s, v_num=miig]
Epoch 2:  15%|█▌        | 26/172 [00:04<00:26,  5.59it/s, v_num=miig]Started forward pass
Batch size for logging: 32
Sampled prior
Generated molecules

Epoch 2:  16%|█▌        | 27/172 [00:04<00:25,  5.60it/s, v_num=miig]
Epoch 2:  16%|█▌        | 27/172 [00:04<00:25,  5.60it/s, v_num=miig]Started forward pass
Batch size for logging: 32
Sampled prior
Generated molecules

Epoch 2:  16%|█▋        | 28/172 [00:04<00:25,  5.60it/s, v_num=miig]
Epoch 2:  16%|█▋        | 28/172 [00:04<00:25,  5.60it/s, v_num=miig]Started forward pass
Batch size for logging: 32
Sampled prior
Generated molecules

Epoch 2:  17%|█▋        | 29/172 [00:05<00:25,  5.60it/s, v_num=miig]
Epoch 2:  17%|█▋        | 29/172 [00:05<00:25,  5.60it/s, v_num=miig]Started forward pass
Batch size for logging: 32
Sampled prior
Generated molecules

Epoch 2:  17%|█▋        | 30/172 [00:05<00:25,  5.60it/s, v_num=miig]
Epoch 2:  17%|█▋        | 30/172 [00:05<00:25,  5.60it/s, v_num=miig]Started forward pass
Batch size for logging: 32
Sampled prior
Generated molecules

Epoch 2:  18%|█▊        | 31/172 [00:05<00:25,  5.61it/s, v_num=miig]
Epoch 2:  18%|█▊        | 31/172 [00:05<00:25,  5.61it/s, v_num=miig]Started forward pass
Batch size for logging: 32
Sampled prior
Generated molecules

Epoch 2:  19%|█▊        | 32/172 [00:05<00:24,  5.61it/s, v_num=miig]
Epoch 2:  19%|█▊        | 32/172 [00:05<00:24,  5.61it/s, v_num=miig]Started forward pass
Batch size for logging: 32
Sampled prior
Generated molecules

Epoch 2:  19%|█▉        | 33/172 [00:05<00:24,  5.61it/s, v_num=miig]
Epoch 2:  19%|█▉        | 33/172 [00:05<00:24,  5.61it/s, v_num=miig]Started forward pass
Batch size for logging: 32
Sampled prior
Generated molecules

Epoch 2:  20%|█▉        | 34/172 [00:06<00:24,  5.61it/s, v_num=miig]
Epoch 2:  20%|█▉        | 34/172 [00:06<00:24,  5.61it/s, v_num=miig]Started forward pass
Batch size for logging: 32
Sampled prior
Generated molecules

Epoch 2:  20%|██        | 35/172 [00:06<00:24,  5.61it/s, v_num=miig]
Epoch 2:  20%|██        | 35/172 [00:06<00:24,  5.61it/s, v_num=miig]Started forward pass
Batch size for logging: 32
Sampled prior
Generated molecules

Epoch 2:  21%|██        | 36/172 [00:06<00:24,  5.61it/s, v_num=miig]
Epoch 2:  21%|██        | 36/172 [00:06<00:24,  5.61it/s, v_num=miig]Started forward pass
Batch size for logging: 32
Sampled prior
Generated molecules

Epoch 2:  22%|██▏       | 37/172 [00:06<00:24,  5.61it/s, v_num=miig]
Epoch 2:  22%|██▏       | 37/172 [00:06<00:24,  5.61it/s, v_num=miig]Started forward pass
Batch size for logging: 32
Sampled prior
Generated molecules

Epoch 2:  22%|██▏       | 38/172 [00:06<00:23,  5.61it/s, v_num=miig]
Epoch 2:  22%|██▏       | 38/172 [00:06<00:23,  5.61it/s, v_num=miig]Started forward pass
Batch size for logging: 32
Sampled prior
Generated molecules

Epoch 2:  23%|██▎       | 39/172 [00:06<00:23,  5.61it/s, v_num=miig]
Epoch 2:  23%|██▎       | 39/172 [00:06<00:23,  5.61it/s, v_num=miig]Started forward pass
Batch size for logging: 32
Sampled prior
Generated molecules

Epoch 2:  23%|██▎       | 40/172 [00:07<00:23,  5.62it/s, v_num=miig]
Epoch 2:  23%|██▎       | 40/172 [00:07<00:23,  5.62it/s, v_num=miig]Started forward pass
Batch size for logging: 32
Sampled prior
Generated molecules

Epoch 2:  24%|██▍       | 41/172 [00:07<00:23,  5.62it/s, v_num=miig]
Epoch 2:  24%|██▍       | 41/172 [00:07<00:23,  5.62it/s, v_num=miig]Started forward pass
Batch size for logging: 32
Sampled prior
Generated molecules

Epoch 2:  24%|██▍       | 42/172 [00:07<00:23,  5.62it/s, v_num=miig]
Epoch 2:  24%|██▍       | 42/172 [00:07<00:23,  5.62it/s, v_num=miig]Started forward pass
Batch size for logging: 32
Sampled prior
Generated molecules

Epoch 2:  25%|██▌       | 43/172 [00:07<00:22,  5.62it/s, v_num=miig]
Epoch 2:  25%|██▌       | 43/172 [00:07<00:22,  5.62it/s, v_num=miig]Started forward pass
Batch size for logging: 32
Sampled prior
Generated molecules

Epoch 2:  26%|██▌       | 44/172 [00:07<00:22,  5.62it/s, v_num=miig]
Epoch 2:  26%|██▌       | 44/172 [00:07<00:22,  5.62it/s, v_num=miig]Started forward pass
Batch size for logging: 32
Sampled prior
Generated molecules

Epoch 2:  26%|██▌       | 45/172 [00:08<00:22,  5.62it/s, v_num=miig]
Epoch 2:  26%|██▌       | 45/172 [00:08<00:22,  5.62it/s, v_num=miig]Started forward pass
Batch size for logging: 32
Sampled prior
Generated molecules

Epoch 2:  27%|██▋       | 46/172 [00:08<00:22,  5.62it/s, v_num=miig]
Epoch 2:  27%|██▋       | 46/172 [00:08<00:22,  5.62it/s, v_num=miig]Started forward pass
Batch size for logging: 32
Sampled prior
Generated molecules

Epoch 2:  27%|██▋       | 47/172 [00:08<00:22,  5.63it/s, v_num=miig]
Epoch 2:  27%|██▋       | 47/172 [00:08<00:22,  5.62it/s, v_num=miig]Started forward pass
Batch size for logging: 32
Sampled prior
Generated molecules

Epoch 2:  28%|██▊       | 48/172 [00:08<00:22,  5.63it/s, v_num=miig]
Epoch 2:  28%|██▊       | 48/172 [00:08<00:22,  5.63it/s, v_num=miig]Started forward pass
Batch size for logging: 32
Sampled prior
Generated molecules

Epoch 2:  28%|██▊       | 49/172 [00:08<00:21,  5.63it/s, v_num=miig]
Epoch 2:  28%|██▊       | 49/172 [00:08<00:21,  5.63it/s, v_num=miig]Started forward pass
Batch size for logging: 32
Sampled prior
Generated molecules

Epoch 2:  29%|██▉       | 50/172 [00:08<00:21,  5.63it/s, v_num=miig]
Epoch 2:  29%|██▉       | 50/172 [00:08<00:21,  5.63it/s, v_num=miig]Started forward pass
Batch size for logging: 32
Sampled prior
Generated molecules

Epoch 2:  30%|██▉       | 51/172 [00:09<00:21,  5.63it/s, v_num=miig]
Epoch 2:  30%|██▉       | 51/172 [00:09<00:21,  5.63it/s, v_num=miig]Started forward pass
Batch size for logging: 32
Sampled prior
Generated molecules

Epoch 2:  30%|███       | 52/172 [00:09<00:21,  5.63it/s, v_num=miig]
Epoch 2:  30%|███       | 52/172 [00:09<00:21,  5.63it/s, v_num=miig]Started forward pass
Batch size for logging: 32
Sampled prior
Generated molecules

Epoch 2:  31%|███       | 53/172 [00:09<00:21,  5.63it/s, v_num=miig]
Epoch 2:  31%|███       | 53/172 [00:09<00:21,  5.63it/s, v_num=miig]Started forward pass
Batch size for logging: 32
Sampled prior
Generated molecules

Epoch 2:  31%|███▏      | 54/172 [00:09<00:20,  5.63it/s, v_num=miig]
Epoch 2:  31%|███▏      | 54/172 [00:09<00:20,  5.63it/s, v_num=miig]Started forward pass
Batch size for logging: 32
Sampled prior
Generated molecules

Epoch 2:  32%|███▏      | 55/172 [00:09<00:20,  5.64it/s, v_num=miig]
Epoch 2:  32%|███▏      | 55/172 [00:09<00:20,  5.63it/s, v_num=miig]Started forward pass
Batch size for logging: 32
Sampled prior
Generated molecules

Epoch 2:  33%|███▎      | 56/172 [00:09<00:20,  5.64it/s, v_num=miig]
Epoch 2:  33%|███▎      | 56/172 [00:09<00:20,  5.63it/s, v_num=miig]Started forward pass
Batch size for logging: 32
Sampled prior
Generated molecules

Epoch 2:  33%|███▎      | 57/172 [00:10<00:20,  5.64it/s, v_num=miig]
Epoch 2:  33%|███▎      | 57/172 [00:10<00:20,  5.63it/s, v_num=miig]Started forward pass
Batch size for logging: 32
Sampled prior
Generated molecules

Epoch 2:  34%|███▎      | 58/172 [00:10<00:20,  5.64it/s, v_num=miig]
Epoch 2:  34%|███▎      | 58/172 [00:10<00:20,  5.64it/s, v_num=miig]Started forward pass
Batch size for logging: 32
Sampled prior
Generated molecules

Epoch 2:  34%|███▍      | 59/172 [00:10<00:20,  5.64it/s, v_num=miig]
Epoch 2:  34%|███▍      | 59/172 [00:10<00:20,  5.64it/s, v_num=miig]Started forward pass
Batch size for logging: 32
Sampled prior
Generated molecules

Epoch 2:  35%|███▍      | 60/172 [00:10<00:19,  5.64it/s, v_num=miig]
Epoch 2:  35%|███▍      | 60/172 [00:10<00:19,  5.64it/s, v_num=miig]Started forward pass
Batch size for logging: 32
Sampled prior
Generated molecules

Epoch 2:  35%|███▌      | 61/172 [00:10<00:19,  5.64it/s, v_num=miig]
Epoch 2:  35%|███▌      | 61/172 [00:10<00:19,  5.64it/s, v_num=miig]Started forward pass
Batch size for logging: 32
Sampled prior
Generated molecules

Epoch 2:  36%|███▌      | 62/172 [00:10<00:19,  5.64it/s, v_num=miig]
Epoch 2:  36%|███▌      | 62/172 [00:10<00:19,  5.64it/s, v_num=miig]Started forward pass
Batch size for logging: 32
Sampled prior
Generated molecules

Epoch 2:  37%|███▋      | 63/172 [00:11<00:19,  5.64it/s, v_num=miig]
Epoch 2:  37%|███▋      | 63/172 [00:11<00:19,  5.64it/s, v_num=miig]Started forward pass
Batch size for logging: 32
Sampled prior
Generated molecules

Epoch 2:  37%|███▋      | 64/172 [00:11<00:19,  5.64it/s, v_num=miig]
Epoch 2:  37%|███▋      | 64/172 [00:11<00:19,  5.64it/s, v_num=miig]Started forward pass
Batch size for logging: 32
Sampled prior
Generated molecules

Epoch 2:  38%|███▊      | 65/172 [00:11<00:18,  5.64it/s, v_num=miig]
Epoch 2:  38%|███▊      | 65/172 [00:11<00:18,  5.64it/s, v_num=miig]Started forward pass
Batch size for logging: 32
Sampled prior
Generated molecules

Epoch 2:  38%|███▊      | 66/172 [00:11<00:18,  5.64it/s, v_num=miig]
Epoch 2:  38%|███▊      | 66/172 [00:11<00:18,  5.64it/s, v_num=miig]Started forward pass
Batch size for logging: 32
Sampled prior
Generated molecules

Epoch 2:  39%|███▉      | 67/172 [00:11<00:18,  5.64it/s, v_num=miig]
Epoch 2:  39%|███▉      | 67/172 [00:11<00:18,  5.64it/s, v_num=miig]Started forward pass
Batch size for logging: 32
Sampled prior
Generated molecules

Epoch 2:  40%|███▉      | 68/172 [00:12<00:18,  5.64it/s, v_num=miig]
Epoch 2:  40%|███▉      | 68/172 [00:12<00:18,  5.64it/s, v_num=miig]Started forward pass
Batch size for logging: 32
Sampled prior
Generated molecules

Epoch 2:  40%|████      | 69/172 [00:12<00:18,  5.64it/s, v_num=miig]
Epoch 2:  40%|████      | 69/172 [00:12<00:18,  5.64it/s, v_num=miig]Started forward pass
Batch size for logging: 32
Sampled prior
Generated molecules

Epoch 2:  41%|████      | 70/172 [00:12<00:18,  5.64it/s, v_num=miig]
Epoch 2:  41%|████      | 70/172 [00:12<00:18,  5.64it/s, v_num=miig]Started forward pass
Batch size for logging: 32
Sampled prior
Generated molecules

Epoch 2:  41%|████▏     | 71/172 [00:12<00:17,  5.64it/s, v_num=miig]
Epoch 2:  41%|████▏     | 71/172 [00:12<00:17,  5.64it/s, v_num=miig]Started forward pass
Batch size for logging: 32
Sampled prior
Generated molecules

Epoch 2:  42%|████▏     | 72/172 [00:12<00:17,  5.64it/s, v_num=miig]
Epoch 2:  42%|████▏     | 72/172 [00:12<00:17,  5.64it/s, v_num=miig]Started forward pass
Batch size for logging: 32
Sampled prior
Generated molecules

Epoch 2:  42%|████▏     | 73/172 [00:12<00:17,  5.64it/s, v_num=miig]
Epoch 2:  42%|████▏     | 73/172 [00:12<00:17,  5.64it/s, v_num=miig]Started forward pass
Batch size for logging: 32
Sampled prior
Generated molecules

Epoch 2:  43%|████▎     | 74/172 [00:13<00:17,  5.64it/s, v_num=miig]
Epoch 2:  43%|████▎     | 74/172 [00:13<00:17,  5.64it/s, v_num=miig]Started forward pass
Batch size for logging: 32
Sampled prior
Generated molecules

Epoch 2:  44%|████▎     | 75/172 [00:13<00:17,  5.64it/s, v_num=miig]
Epoch 2:  44%|████▎     | 75/172 [00:13<00:17,  5.64it/s, v_num=miig]Started forward pass
Batch size for logging: 32
Sampled prior
Generated molecules

Epoch 2:  44%|████▍     | 76/172 [00:13<00:17,  5.64it/s, v_num=miig]
Epoch 2:  44%|████▍     | 76/172 [00:13<00:17,  5.64it/s, v_num=miig]Started forward pass
Batch size for logging: 32
Sampled prior
Generated molecules

Epoch 2:  45%|████▍     | 77/172 [00:13<00:16,  5.64it/s, v_num=miig]
Epoch 2:  45%|████▍     | 77/172 [00:13<00:16,  5.64it/s, v_num=miig]Started forward pass
Batch size for logging: 32
Sampled prior
Generated molecules

Epoch 2:  45%|████▌     | 78/172 [00:13<00:16,  5.64it/s, v_num=miig]
Epoch 2:  45%|████▌     | 78/172 [00:13<00:16,  5.64it/s, v_num=miig]Started forward pass
Batch size for logging: 32
Sampled prior
Generated molecules

Epoch 2:  46%|████▌     | 79/172 [00:14<00:16,  5.64it/s, v_num=miig]
Epoch 2:  46%|████▌     | 79/172 [00:14<00:16,  5.64it/s, v_num=miig]Started forward pass
Batch size for logging: 32
Sampled prior
Generated molecules

Epoch 2:  47%|████▋     | 80/172 [00:14<00:16,  5.64it/s, v_num=miig]
Epoch 2:  47%|████▋     | 80/172 [00:14<00:16,  5.64it/s, v_num=miig]Started forward pass
Batch size for logging: 32
Sampled prior
Generated molecules

Epoch 2:  47%|████▋     | 81/172 [00:14<00:16,  5.64it/s, v_num=miig]
Epoch 2:  47%|████▋     | 81/172 [00:14<00:16,  5.64it/s, v_num=miig]Started forward pass
Batch size for logging: 32
Sampled prior
Generated molecules

Epoch 2:  48%|████▊     | 82/172 [00:14<00:15,  5.64it/s, v_num=miig]
Epoch 2:  48%|████▊     | 82/172 [00:14<00:15,  5.64it/s, v_num=miig]Started forward pass
Batch size for logging: 32
Sampled prior
Generated molecules

Epoch 2:  48%|████▊     | 83/172 [00:14<00:15,  5.64it/s, v_num=miig]
Epoch 2:  48%|████▊     | 83/172 [00:14<00:15,  5.64it/s, v_num=miig]Started forward pass
Batch size for logging: 32
Sampled prior
Generated molecules

Epoch 2:  49%|████▉     | 84/172 [00:14<00:15,  5.64it/s, v_num=miig]
Epoch 2:  49%|████▉     | 84/172 [00:14<00:15,  5.64it/s, v_num=miig]Started forward pass
Batch size for logging: 32
Sampled prior
Generated molecules

Epoch 2:  49%|████▉     | 85/172 [00:15<00:15,  5.64it/s, v_num=miig]
Epoch 2:  49%|████▉     | 85/172 [00:15<00:15,  5.64it/s, v_num=miig]Started forward pass
Batch size for logging: 32
Sampled prior
Generated molecules

Epoch 2:  50%|█████     | 86/172 [00:15<00:15,  5.64it/s, v_num=miig]
Epoch 2:  50%|█████     | 86/172 [00:15<00:15,  5.64it/s, v_num=miig]Started forward pass
Batch size for logging: 32
Sampled prior
Generated molecules

Epoch 2:  51%|█████     | 87/172 [00:15<00:15,  5.64it/s, v_num=miig]
Epoch 2:  51%|█████     | 87/172 [00:15<00:15,  5.64it/s, v_num=miig]Started forward pass
Batch size for logging: 32
Sampled prior
Generated molecules

Epoch 2:  51%|█████     | 88/172 [00:15<00:14,  5.64it/s, v_num=miig]
Epoch 2:  51%|█████     | 88/172 [00:15<00:14,  5.64it/s, v_num=miig]Started forward pass
Batch size for logging: 32
Sampled prior
Generated molecules

Epoch 2:  52%|█████▏    | 89/172 [00:15<00:14,  5.64it/s, v_num=miig]
Epoch 2:  52%|█████▏    | 89/172 [00:15<00:14,  5.64it/s, v_num=miig]Started forward pass
Batch size for logging: 32
Sampled prior
Generated molecules

Epoch 2:  52%|█████▏    | 90/172 [00:15<00:14,  5.64it/s, v_num=miig]
Epoch 2:  52%|█████▏    | 90/172 [00:15<00:14,  5.64it/s, v_num=miig]Started forward pass
Batch size for logging: 32
Sampled prior
Generated molecules

Epoch 2:  53%|█████▎    | 91/172 [00:16<00:14,  5.64it/s, v_num=miig]
Epoch 2:  53%|█████▎    | 91/172 [00:16<00:14,  5.64it/s, v_num=miig]Started forward pass
Batch size for logging: 32
Sampled prior
Generated molecules

Epoch 2:  53%|█████▎    | 92/172 [00:16<00:14,  5.64it/s, v_num=miig]
Epoch 2:  53%|█████▎    | 92/172 [00:16<00:14,  5.64it/s, v_num=miig]Started forward pass
Batch size for logging: 32
Sampled prior
Generated molecules

Epoch 2:  54%|█████▍    | 93/172 [00:16<00:14,  5.64it/s, v_num=miig]
Epoch 2:  54%|█████▍    | 93/172 [00:16<00:14,  5.64it/s, v_num=miig]Started forward pass
Batch size for logging: 32
Sampled prior
Generated molecules

Epoch 2:  55%|█████▍    | 94/172 [00:16<00:13,  5.64it/s, v_num=miig]
Epoch 2:  55%|█████▍    | 94/172 [00:16<00:13,  5.64it/s, v_num=miig]Started forward pass
Batch size for logging: 32
Sampled prior
Generated molecules

Epoch 2:  55%|█████▌    | 95/172 [00:16<00:13,  5.64it/s, v_num=miig]
Epoch 2:  55%|█████▌    | 95/172 [00:16<00:13,  5.64it/s, v_num=miig]Started forward pass
Batch size for logging: 32
Sampled prior
Generated molecules

Epoch 2:  56%|█████▌    | 96/172 [00:17<00:13,  5.64it/s, v_num=miig]
Epoch 2:  56%|█████▌    | 96/172 [00:17<00:13,  5.64it/s, v_num=miig]Started forward pass
Batch size for logging: 32
Sampled prior
Generated molecules

Epoch 2:  56%|█████▋    | 97/172 [00:17<00:13,  5.64it/s, v_num=miig]
Epoch 2:  56%|█████▋    | 97/172 [00:17<00:13,  5.64it/s, v_num=miig]Started forward pass
Batch size for logging: 32
Sampled prior
Generated molecules

Epoch 2:  57%|█████▋    | 98/172 [00:17<00:13,  5.64it/s, v_num=miig]
Epoch 2:  57%|█████▋    | 98/172 [00:17<00:13,  5.64it/s, v_num=miig]Started forward pass
Batch size for logging: 32
Sampled prior
Generated molecules

Epoch 2:  58%|█████▊    | 99/172 [00:17<00:12,  5.64it/s, v_num=miig]
Epoch 2:  58%|█████▊    | 99/172 [00:17<00:12,  5.64it/s, v_num=miig]Started forward pass
Batch size for logging: 32
Sampled prior
Generated molecules

Epoch 2:  58%|█████▊    | 100/172 [00:17<00:12,  5.64it/s, v_num=miig]
Epoch 2:  58%|█████▊    | 100/172 [00:17<00:12,  5.64it/s, v_num=miig]Started forward pass
Batch size for logging: 32
Sampled prior
Generated molecules

Epoch 2:  59%|█████▊    | 101/172 [00:17<00:12,  5.65it/s, v_num=miig]
Epoch 2:  59%|█████▊    | 101/172 [00:17<00:12,  5.64it/s, v_num=miig]Started forward pass
Batch size for logging: 32
Sampled prior
Generated molecules

Epoch 2:  59%|█████▉    | 102/172 [00:18<00:12,  5.64it/s, v_num=miig]
Epoch 2:  59%|█████▉    | 102/172 [00:18<00:12,  5.64it/s, v_num=miig]Started forward pass
Batch size for logging: 32
Sampled prior
Generated molecules

Epoch 2:  60%|█████▉    | 103/172 [00:18<00:12,  5.65it/s, v_num=miig]
Epoch 2:  60%|█████▉    | 103/172 [00:18<00:12,  5.64it/s, v_num=miig]Started forward pass
Batch size for logging: 32
Sampled prior
Generated molecules

Epoch 2:  60%|██████    | 104/172 [00:18<00:12,  5.65it/s, v_num=miig]
Epoch 2:  60%|██████    | 104/172 [00:18<00:12,  5.65it/s, v_num=miig]Started forward pass
Batch size for logging: 32
Sampled prior
Generated molecules

Epoch 2:  61%|██████    | 105/172 [00:18<00:11,  5.65it/s, v_num=miig]
Epoch 2:  61%|██████    | 105/172 [00:18<00:11,  5.65it/s, v_num=miig]Started forward pass
Batch size for logging: 32
Sampled prior
Generated molecules

Epoch 2:  62%|██████▏   | 106/172 [00:18<00:11,  5.65it/s, v_num=miig]
Epoch 2:  62%|██████▏   | 106/172 [00:18<00:11,  5.65it/s, v_num=miig]Started forward pass
Batch size for logging: 32
Sampled prior
Generated molecules

Epoch 2:  62%|██████▏   | 107/172 [00:18<00:11,  5.65it/s, v_num=miig]
Epoch 2:  62%|██████▏   | 107/172 [00:18<00:11,  5.65it/s, v_num=miig]Started forward pass
Batch size for logging: 32
Sampled prior
Generated molecules

Epoch 2:  63%|██████▎   | 108/172 [00:19<00:11,  5.65it/s, v_num=miig]
Epoch 2:  63%|██████▎   | 108/172 [00:19<00:11,  5.65it/s, v_num=miig]Started forward pass
Batch size for logging: 32
Sampled prior
Generated molecules

Epoch 2:  63%|██████▎   | 109/172 [00:19<00:11,  5.65it/s, v_num=miig]
Epoch 2:  63%|██████▎   | 109/172 [00:19<00:11,  5.65it/s, v_num=miig]Started forward pass
Batch size for logging: 32
Sampled prior
Generated molecules

Epoch 2:  64%|██████▍   | 110/172 [00:19<00:10,  5.65it/s, v_num=miig]
Epoch 2:  64%|██████▍   | 110/172 [00:19<00:10,  5.65it/s, v_num=miig]Started forward pass
Batch size for logging: 32
Sampled prior
Generated molecules

Epoch 2:  65%|██████▍   | 111/172 [00:19<00:10,  5.65it/s, v_num=miig]
Epoch 2:  65%|██████▍   | 111/172 [00:19<00:10,  5.65it/s, v_num=miig]Started forward pass
Batch size for logging: 32
Sampled prior
Generated molecules

Epoch 2:  65%|██████▌   | 112/172 [00:19<00:10,  5.65it/s, v_num=miig]
Epoch 2:  65%|██████▌   | 112/172 [00:19<00:10,  5.65it/s, v_num=miig]Started forward pass
Batch size for logging: 32
Sampled prior
Generated molecules

Epoch 2:  66%|██████▌   | 113/172 [00:20<00:10,  5.65it/s, v_num=miig]
Epoch 2:  66%|██████▌   | 113/172 [00:20<00:10,  5.65it/s, v_num=miig]Started forward pass
Batch size for logging: 32
Sampled prior
Generated molecules

Epoch 2:  66%|██████▋   | 114/172 [00:20<00:10,  5.65it/s, v_num=miig]
Epoch 2:  66%|██████▋   | 114/172 [00:20<00:10,  5.65it/s, v_num=miig]Started forward pass
Batch size for logging: 32
Sampled prior
Generated molecules

Epoch 2:  67%|██████▋   | 115/172 [00:20<00:10,  5.65it/s, v_num=miig]
Epoch 2:  67%|██████▋   | 115/172 [00:20<00:10,  5.65it/s, v_num=miig]Started forward pass
Batch size for logging: 32
Sampled prior
Generated molecules

Epoch 2:  67%|██████▋   | 116/172 [00:20<00:09,  5.65it/s, v_num=miig]
Epoch 2:  67%|██████▋   | 116/172 [00:20<00:09,  5.65it/s, v_num=miig]Started forward pass
Batch size for logging: 32
Sampled prior
Generated molecules

Epoch 2:  68%|██████▊   | 117/172 [00:20<00:09,  5.65it/s, v_num=miig]
Epoch 2:  68%|██████▊   | 117/172 [00:20<00:09,  5.65it/s, v_num=miig]Started forward pass
Batch size for logging: 32
Sampled prior
Generated molecules

Epoch 2:  69%|██████▊   | 118/172 [00:20<00:09,  5.65it/s, v_num=miig]
Epoch 2:  69%|██████▊   | 118/172 [00:20<00:09,  5.65it/s, v_num=miig]Started forward pass
Batch size for logging: 32
Sampled prior
Generated molecules

Epoch 2:  69%|██████▉   | 119/172 [00:21<00:09,  5.65it/s, v_num=miig]
Epoch 2:  69%|██████▉   | 119/172 [00:21<00:09,  5.65it/s, v_num=miig]Started forward pass
Batch size for logging: 32
Sampled prior
Generated molecules

Epoch 2:  70%|██████▉   | 120/172 [00:21<00:09,  5.65it/s, v_num=miig]
Epoch 2:  70%|██████▉   | 120/172 [00:21<00:09,  5.65it/s, v_num=miig]Started forward pass
Batch size for logging: 32
Sampled prior
Generated molecules

Epoch 2:  70%|███████   | 121/172 [00:21<00:09,  5.65it/s, v_num=miig]
Epoch 2:  70%|███████   | 121/172 [00:21<00:09,  5.65it/s, v_num=miig]Started forward pass
Batch size for logging: 32
Sampled prior
Generated molecules

Epoch 2:  71%|███████   | 122/172 [00:21<00:08,  5.65it/s, v_num=miig]
Epoch 2:  71%|███████   | 122/172 [00:21<00:08,  5.65it/s, v_num=miig]Started forward pass
Batch size for logging: 32
Sampled prior
Generated molecules

Epoch 2:  72%|███████▏  | 123/172 [00:21<00:08,  5.65it/s, v_num=miig]
Epoch 2:  72%|███████▏  | 123/172 [00:21<00:08,  5.65it/s, v_num=miig]Started forward pass
Batch size for logging: 32
Sampled prior
Generated molecules

Epoch 2:  72%|███████▏  | 124/172 [00:21<00:08,  5.65it/s, v_num=miig]
Epoch 2:  72%|███████▏  | 124/172 [00:21<00:08,  5.65it/s, v_num=miig]Started forward pass
Batch size for logging: 32
Sampled prior
Generated molecules

Epoch 2:  73%|███████▎  | 125/172 [00:22<00:08,  5.65it/s, v_num=miig]
Epoch 2:  73%|███████▎  | 125/172 [00:22<00:08,  5.65it/s, v_num=miig]Started forward pass
Batch size for logging: 32
Sampled prior
Generated molecules

Epoch 2:  73%|███████▎  | 126/172 [00:22<00:08,  5.65it/s, v_num=miig]
Epoch 2:  73%|███████▎  | 126/172 [00:22<00:08,  5.65it/s, v_num=miig]Started forward pass
Batch size for logging: 32
Sampled prior
Generated molecules

Epoch 2:  74%|███████▍  | 127/172 [00:22<00:07,  5.65it/s, v_num=miig]
Epoch 2:  74%|███████▍  | 127/172 [00:22<00:07,  5.65it/s, v_num=miig]Started forward pass
Batch size for logging: 32
Sampled prior
Generated molecules

Epoch 2:  74%|███████▍  | 128/172 [00:22<00:07,  5.65it/s, v_num=miig]
Epoch 2:  74%|███████▍  | 128/172 [00:22<00:07,  5.65it/s, v_num=miig]Started forward pass
Batch size for logging: 32
Sampled prior
Generated molecules

Epoch 2:  75%|███████▌  | 129/172 [00:22<00:07,  5.65it/s, v_num=miig]
Epoch 2:  75%|███████▌  | 129/172 [00:22<00:07,  5.65it/s, v_num=miig]Started forward pass
Batch size for logging: 32
Sampled prior
Generated molecules

Epoch 2:  76%|███████▌  | 130/172 [00:23<00:07,  5.65it/s, v_num=miig]
Epoch 2:  76%|███████▌  | 130/172 [00:23<00:07,  5.65it/s, v_num=miig]Started forward pass
Batch size for logging: 32
Sampled prior
Generated molecules

Epoch 2:  76%|███████▌  | 131/172 [00:23<00:07,  5.65it/s, v_num=miig]
Epoch 2:  76%|███████▌  | 131/172 [00:23<00:07,  5.65it/s, v_num=miig]Started forward pass
Batch size for logging: 32
Sampled prior
Generated molecules

Epoch 2:  77%|███████▋  | 132/172 [00:23<00:07,  5.65it/s, v_num=miig]
Epoch 2:  77%|███████▋  | 132/172 [00:23<00:07,  5.65it/s, v_num=miig]Started forward pass
Batch size for logging: 32
Sampled prior
Generated molecules

Epoch 2:  77%|███████▋  | 133/172 [00:23<00:06,  5.65it/s, v_num=miig]
Epoch 2:  77%|███████▋  | 133/172 [00:23<00:06,  5.65it/s, v_num=miig]Started forward pass
Batch size for logging: 32
Sampled prior
Generated molecules

Epoch 2:  78%|███████▊  | 134/172 [00:23<00:06,  5.65it/s, v_num=miig]
Epoch 2:  78%|███████▊  | 134/172 [00:23<00:06,  5.65it/s, v_num=miig]Started forward pass
Batch size for logging: 32
Sampled prior
Generated molecules

Epoch 2:  78%|███████▊  | 135/172 [00:23<00:06,  5.65it/s, v_num=miig]
Epoch 2:  78%|███████▊  | 135/172 [00:23<00:06,  5.65it/s, v_num=miig]Started forward pass
Batch size for logging: 32
Sampled prior
Generated molecules

Epoch 2:  79%|███████▉  | 136/172 [00:24<00:06,  5.65it/s, v_num=miig]
Epoch 2:  79%|███████▉  | 136/172 [00:24<00:06,  5.65it/s, v_num=miig]Started forward pass
Batch size for logging: 32
Sampled prior
Generated molecules

Epoch 2:  80%|███████▉  | 137/172 [00:24<00:06,  5.65it/s, v_num=miig]
Epoch 2:  80%|███████▉  | 137/172 [00:24<00:06,  5.65it/s, v_num=miig]Started forward pass
Batch size for logging: 32
Sampled prior
Generated molecules

Epoch 2:  80%|████████  | 138/172 [00:24<00:06,  5.65it/s, v_num=miig]
Epoch 2:  80%|████████  | 138/172 [00:24<00:06,  5.65it/s, v_num=miig]Started forward pass
Batch size for logging: 32
Sampled prior
Generated molecules

Epoch 2:  81%|████████  | 139/172 [00:24<00:05,  5.65it/s, v_num=miig]
Epoch 2:  81%|████████  | 139/172 [00:24<00:05,  5.65it/s, v_num=miig]Started forward pass
Batch size for logging: 32
Sampled prior
Generated molecules

Epoch 2:  81%|████████▏ | 140/172 [00:24<00:05,  5.65it/s, v_num=miig]
Epoch 2:  81%|████████▏ | 140/172 [00:24<00:05,  5.65it/s, v_num=miig]Started forward pass
Batch size for logging: 32
Sampled prior
Generated molecules

Epoch 2:  82%|████████▏ | 141/172 [00:24<00:05,  5.65it/s, v_num=miig]
Epoch 2:  82%|████████▏ | 141/172 [00:24<00:05,  5.65it/s, v_num=miig]Started forward pass
Batch size for logging: 32
Sampled prior
Generated molecules

Epoch 2:  83%|████████▎ | 142/172 [00:25<00:05,  5.65it/s, v_num=miig]
Epoch 2:  83%|████████▎ | 142/172 [00:25<00:05,  5.65it/s, v_num=miig]Started forward pass
Batch size for logging: 32
Sampled prior
Generated molecules

Epoch 2:  83%|████████▎ | 143/172 [00:25<00:05,  5.65it/s, v_num=miig]
Epoch 2:  83%|████████▎ | 143/172 [00:25<00:05,  5.65it/s, v_num=miig]Started forward pass
Batch size for logging: 32
Sampled prior
Generated molecules

Epoch 2:  84%|████████▎ | 144/172 [00:25<00:04,  5.65it/s, v_num=miig]
Epoch 2:  84%|████████▎ | 144/172 [00:25<00:04,  5.65it/s, v_num=miig]Started forward pass
Batch size for logging: 32
Sampled prior
Generated molecules

Epoch 2:  84%|████████▍ | 145/172 [00:25<00:04,  5.65it/s, v_num=miig]
Epoch 2:  84%|████████▍ | 145/172 [00:25<00:04,  5.65it/s, v_num=miig]Started forward pass
Batch size for logging: 32
Sampled prior
Generated molecules

Epoch 2:  85%|████████▍ | 146/172 [00:25<00:04,  5.65it/s, v_num=miig]
Epoch 2:  85%|████████▍ | 146/172 [00:25<00:04,  5.65it/s, v_num=miig]Started forward pass
Batch size for logging: 32
Sampled prior
Generated molecules

Epoch 2:  85%|████████▌ | 147/172 [00:26<00:04,  5.65it/s, v_num=miig]
Epoch 2:  85%|████████▌ | 147/172 [00:26<00:04,  5.65it/s, v_num=miig]Started forward pass
Batch size for logging: 32
Sampled prior
Generated molecules

Epoch 2:  86%|████████▌ | 148/172 [00:26<00:04,  5.65it/s, v_num=miig]
Epoch 2:  86%|████████▌ | 148/172 [00:26<00:04,  5.65it/s, v_num=miig]Started forward pass
Batch size for logging: 32
Sampled prior
Generated molecules

Epoch 2:  87%|████████▋ | 149/172 [00:26<00:04,  5.65it/s, v_num=miig]
Epoch 2:  87%|████████▋ | 149/172 [00:26<00:04,  5.65it/s, v_num=miig]Started forward pass
Batch size for logging: 32
Sampled prior
Generated molecules

Epoch 2:  87%|████████▋ | 150/172 [00:26<00:03,  5.65it/s, v_num=miig]
Epoch 2:  87%|████████▋ | 150/172 [00:26<00:03,  5.65it/s, v_num=miig]Started forward pass
Batch size for logging: 32
Sampled prior
Generated molecules

Epoch 2:  88%|████████▊ | 151/172 [00:26<00:03,  5.65it/s, v_num=miig]
Epoch 2:  88%|████████▊ | 151/172 [00:26<00:03,  5.65it/s, v_num=miig]Started forward pass
Batch size for logging: 32
Sampled prior
Generated molecules

Epoch 2:  88%|████████▊ | 152/172 [00:26<00:03,  5.65it/s, v_num=miig]
Epoch 2:  88%|████████▊ | 152/172 [00:26<00:03,  5.65it/s, v_num=miig]Started forward pass
Batch size for logging: 32
Sampled prior
Generated molecules

Epoch 2:  89%|████████▉ | 153/172 [00:27<00:03,  5.65it/s, v_num=miig]
Epoch 2:  89%|████████▉ | 153/172 [00:27<00:03,  5.65it/s, v_num=miig]Started forward pass
Batch size for logging: 32
Sampled prior
Generated molecules

Epoch 2:  90%|████████▉ | 154/172 [00:27<00:03,  5.65it/s, v_num=miig]
Epoch 2:  90%|████████▉ | 154/172 [00:27<00:03,  5.65it/s, v_num=miig]Started forward pass
Batch size for logging: 32
Sampled prior
Generated molecules

Epoch 2:  90%|█████████ | 155/172 [00:27<00:03,  5.65it/s, v_num=miig]
Epoch 2:  90%|█████████ | 155/172 [00:27<00:03,  5.65it/s, v_num=miig]Started forward pass
Batch size for logging: 32
Sampled prior
Generated molecules

Epoch 2:  91%|█████████ | 156/172 [00:27<00:02,  5.65it/s, v_num=miig]
Epoch 2:  91%|█████████ | 156/172 [00:27<00:02,  5.65it/s, v_num=miig]Started forward pass
Batch size for logging: 32
Sampled prior
Generated molecules

Epoch 2:  91%|█████████▏| 157/172 [00:27<00:02,  5.65it/s, v_num=miig]
Epoch 2:  91%|█████████▏| 157/172 [00:27<00:02,  5.65it/s, v_num=miig]Started forward pass
Batch size for logging: 32
Sampled prior
Generated molecules

Epoch 2:  92%|█████████▏| 158/172 [00:27<00:02,  5.65it/s, v_num=miig]
Epoch 2:  92%|█████████▏| 158/172 [00:27<00:02,  5.65it/s, v_num=miig]Started forward pass
Batch size for logging: 32
Sampled prior
Generated molecules

Epoch 2:  92%|█████████▏| 159/172 [00:28<00:02,  5.65it/s, v_num=miig]
Epoch 2:  92%|█████████▏| 159/172 [00:28<00:02,  5.65it/s, v_num=miig]Started forward pass
Batch size for logging: 32
Sampled prior
Generated molecules

Epoch 2:  93%|█████████▎| 160/172 [00:28<00:02,  5.65it/s, v_num=miig]
Epoch 2:  93%|█████████▎| 160/172 [00:28<00:02,  5.65it/s, v_num=miig]Started forward pass
Batch size for logging: 32
Sampled prior
Generated molecules

Epoch 2:  94%|█████████▎| 161/172 [00:28<00:01,  5.65it/s, v_num=miig]
Epoch 2:  94%|█████████▎| 161/172 [00:28<00:01,  5.65it/s, v_num=miig]Started forward pass
Batch size for logging: 32
Sampled prior
Generated molecules

Epoch 2:  94%|█████████▍| 162/172 [00:28<00:01,  5.65it/s, v_num=miig]
Epoch 2:  94%|█████████▍| 162/172 [00:28<00:01,  5.65it/s, v_num=miig]Started forward pass
Batch size for logging: 32
Sampled prior
Generated molecules

Epoch 2:  95%|█████████▍| 163/172 [00:28<00:01,  5.65it/s, v_num=miig]
Epoch 2:  95%|█████████▍| 163/172 [00:28<00:01,  5.65it/s, v_num=miig]Started forward pass
Batch size for logging: 32
Sampled prior
Generated molecules

Epoch 2:  95%|█████████▌| 164/172 [00:29<00:01,  5.65it/s, v_num=miig]
Epoch 2:  95%|█████████▌| 164/172 [00:29<00:01,  5.65it/s, v_num=miig]Started forward pass
Batch size for logging: 32
Sampled prior
Generated molecules

Epoch 2:  96%|█████████▌| 165/172 [00:29<00:01,  5.65it/s, v_num=miig]
Epoch 2:  96%|█████████▌| 165/172 [00:29<00:01,  5.65it/s, v_num=miig]Started forward pass
Batch size for logging: 32
Sampled prior
Generated molecules

Epoch 2:  97%|█████████▋| 166/172 [00:29<00:01,  5.65it/s, v_num=miig]
Epoch 2:  97%|█████████▋| 166/172 [00:29<00:01,  5.65it/s, v_num=miig]Started forward pass
Batch size for logging: 32
Sampled prior
Generated molecules

Epoch 2:  97%|█████████▋| 167/172 [00:29<00:00,  5.65it/s, v_num=miig]
Epoch 2:  97%|█████████▋| 167/172 [00:29<00:00,  5.65it/s, v_num=miig]Started forward pass
Batch size for logging: 32
Sampled prior
Generated molecules

Epoch 2:  98%|█████████▊| 168/172 [00:29<00:00,  5.65it/s, v_num=miig]
Epoch 2:  98%|█████████▊| 168/172 [00:29<00:00,  5.65it/s, v_num=miig]Started forward pass
Batch size for logging: 32
Sampled prior
Generated molecules

Epoch 2:  98%|█████████▊| 169/172 [00:29<00:00,  5.65it/s, v_num=miig]
Epoch 2:  98%|█████████▊| 169/172 [00:29<00:00,  5.65it/s, v_num=miig]Started forward pass
Batch size for logging: 32
Sampled prior
Generated molecules

Epoch 2:  99%|█████████▉| 170/172 [00:30<00:00,  5.65it/s, v_num=miig]
Epoch 2:  99%|█████████▉| 170/172 [00:30<00:00,  5.65it/s, v_num=miig]Started forward pass
Batch size for logging: 32
Sampled prior
Generated molecules

Epoch 2:  99%|█████████▉| 171/172 [00:30<00:00,  5.65it/s, v_num=miig]
Epoch 2:  99%|█████████▉| 171/172 [00:30<00:00,  5.65it/s, v_num=miig]Started forward pass
Batch size for logging: 28
Sampled prior
Generated molecules

Epoch 2: 100%|██████████| 172/172 [00:30<00:00,  5.65it/s, v_num=miig]
Epoch 2: 100%|██████████| 172/172 [00:30<00:00,  5.65it/s, v_num=miig]

Validation: |          | 0/? [00:00<?, ?it/s][A

Validation: |          | 0/? [00:00<?, ?it/s][A

Validation DataLoader 0:   0%|          | 0/16 [00:00<?, ?it/s][AStarted validation step
Started forward pass
Batch size for logging: 32
Sampled prior
Generated molecules
Computed forward pass in validation step
Reached here


Validation DataLoader 0:   6%|▋         | 1/16 [00:00<00:02,  5.99it/s][AStarted validation step
Started forward pass
Batch size for logging: 32
Sampled prior
Generated molecules
Computed forward pass in validation step
Reached here


Validation DataLoader 0:  12%|█▎        | 2/16 [00:00<00:02,  6.17it/s][AStarted validation step
Started forward pass
Batch size for logging: 32
Sampled prior
Generated molecules
Computed forward pass in validation step
Reached here


Validation DataLoader 0:  19%|█▉        | 3/16 [00:00<00:02,  6.26it/s][AStarted validation step
Started forward pass
Batch size for logging: 32
Sampled prior
Generated molecules
Computed forward pass in validation step
Reached here


Validation DataLoader 0:  25%|██▌       | 4/16 [00:00<00:01,  6.33it/s][AStarted validation step
Started forward pass
Batch size for logging: 32
Sampled prior
Generated molecules
Computed forward pass in validation step
Reached here


Validation DataLoader 0:  31%|███▏      | 5/16 [00:00<00:01,  6.37it/s][AStarted validation step
Started forward pass
Batch size for logging: 32
Sampled prior
Generated molecules
Computed forward pass in validation step
Reached here


Validation DataLoader 0:  38%|███▊      | 6/16 [00:00<00:01,  6.40it/s][AStarted validation step
Started forward pass
Batch size for logging: 32
Sampled prior
Generated molecules
Computed forward pass in validation step
Reached here


Validation DataLoader 0:  44%|████▍     | 7/16 [00:01<00:01,  6.41it/s][AStarted validation step
Started forward pass
Batch size for logging: 32
Sampled prior
Generated molecules
Computed forward pass in validation step
Reached here


Validation DataLoader 0:  50%|█████     | 8/16 [00:01<00:01,  6.43it/s][AStarted validation step
Started forward pass
Batch size for logging: 32
Sampled prior
Generated molecules
Computed forward pass in validation step
Reached here


Validation DataLoader 0:  56%|█████▋    | 9/16 [00:01<00:01,  6.46it/s][AStarted validation step
Started forward pass
Batch size for logging: 32
Sampled prior
Generated molecules
Computed forward pass in validation step
Reached here


Validation DataLoader 0:  62%|██████▎   | 10/16 [00:01<00:00,  6.48it/s][AStarted validation step
Started forward pass
Batch size for logging: 32
Sampled prior
Generated molecules
Computed forward pass in validation step
Reached here


Validation DataLoader 0:  69%|██████▉   | 11/16 [00:01<00:00,  6.50it/s][AStarted validation step
Started forward pass
Batch size for logging: 32
Sampled prior
Generated molecules
Computed forward pass in validation step
Reached here


Validation DataLoader 0:  75%|███████▌  | 12/16 [00:01<00:00,  6.51it/s][AStarted validation step
Started forward pass
Batch size for logging: 32
Sampled prior
Generated molecules
Computed forward pass in validation step
Reached here


Validation DataLoader 0:  81%|████████▏ | 13/16 [00:01<00:00,  6.53it/s][AStarted validation step
Started forward pass
Batch size for logging: 32
Sampled prior
Generated molecules
Computed forward pass in validation step
Reached here


Validation DataLoader 0:  88%|████████▊ | 14/16 [00:02<00:00,  6.54it/s][AStarted validation step
Started forward pass
Batch size for logging: 32
Sampled prior
Generated molecules
Computed forward pass in validation step
Reached here


Validation DataLoader 0:  94%|█████████▍| 15/16 [00:02<00:00,  6.55it/s][AStarted validation step
Started forward pass
Batch size for logging: 20
Sampled prior
Generated molecules
Computed forward pass in validation step
Reached here


Validation DataLoader 0: 100%|██████████| 16/16 [00:02<00:00,  6.67it/s][A

                                                                        [A
Epoch 2: 100%|██████████| 172/172 [00:33<00:00,  5.06it/s, v_num=miig]
Epoch 2: 100%|██████████| 172/172 [00:33<00:00,  5.06it/s, v_num=miig]
Epoch 2:   0%|          | 0/172 [00:00<?, ?it/s, v_num=miig]          
Epoch 3:   0%|          | 0/172 [00:00<?, ?it/s, v_num=miig]Started forward pass
Batch size for logging: 32
Sampled prior
Generated molecules

Epoch 3:   1%|          | 1/172 [00:00<00:39,  4.36it/s, v_num=miig]
Epoch 3:   1%|          | 1/172 [00:00<00:39,  4.34it/s, v_num=miig]Started forward pass
Batch size for logging: 32
Sampled prior
Generated molecules

Epoch 3:   1%|          | 2/172 [00:00<00:35,  4.80it/s, v_num=miig]
Epoch 3:   1%|          | 2/172 [00:00<00:35,  4.79it/s, v_num=miig]Started forward pass
Batch size for logging: 32
Sampled prior
Generated molecules

Epoch 3:   2%|▏         | 3/172 [00:00<00:33,  5.07it/s, v_num=miig]
Epoch 3:   2%|▏         | 3/172 [00:00<00:33,  5.06it/s, v_num=miig]Started forward pass
Batch size for logging: 32
Sampled prior
Generated molecules

Epoch 3:   2%|▏         | 4/172 [00:00<00:32,  5.21it/s, v_num=miig]
Epoch 3:   2%|▏         | 4/172 [00:00<00:32,  5.21it/s, v_num=miig]Started forward pass
Batch size for logging: 32
Sampled prior
Generated molecules

Epoch 3:   3%|▎         | 5/172 [00:00<00:31,  5.30it/s, v_num=miig]
Epoch 3:   3%|▎         | 5/172 [00:00<00:31,  5.29it/s, v_num=miig]Started forward pass
Batch size for logging: 32
Sampled prior
Generated molecules

Epoch 3:   3%|▎         | 6/172 [00:01<00:30,  5.36it/s, v_num=miig]
Epoch 3:   3%|▎         | 6/172 [00:01<00:30,  5.36it/s, v_num=miig]Started forward pass
Batch size for logging: 32
Sampled prior
Generated molecules

Epoch 3:   4%|▍         | 7/172 [00:01<00:30,  5.40it/s, v_num=miig]
Epoch 3:   4%|▍         | 7/172 [00:01<00:30,  5.40it/s, v_num=miig]Started forward pass
Batch size for logging: 32
Sampled prior
Generated molecules

Epoch 3:   5%|▍         | 8/172 [00:01<00:30,  5.43it/s, v_num=miig]
Epoch 3:   5%|▍         | 8/172 [00:01<00:30,  5.43it/s, v_num=miig]Started forward pass
Batch size for logging: 32
Sampled prior
Generated molecules

Epoch 3:   5%|▌         | 9/172 [00:01<00:29,  5.46it/s, v_num=miig]
Epoch 3:   5%|▌         | 9/172 [00:01<00:29,  5.46it/s, v_num=miig]Started forward pass
Batch size for logging: 32
Sampled prior
Generated molecules

Epoch 3:   6%|▌         | 10/172 [00:01<00:29,  5.48it/s, v_num=miig]
Epoch 3:   6%|▌         | 10/172 [00:01<00:29,  5.48it/s, v_num=miig]Started forward pass
Batch size for logging: 32
Sampled prior
Generated molecules

Epoch 3:   6%|▋         | 11/172 [00:02<00:29,  5.50it/s, v_num=miig]
Epoch 3:   6%|▋         | 11/172 [00:02<00:29,  5.50it/s, v_num=miig]Started forward pass
Batch size for logging: 32
Sampled prior
Generated molecules

Epoch 3:   7%|▋         | 12/172 [00:02<00:29,  5.52it/s, v_num=miig]
Epoch 3:   7%|▋         | 12/172 [00:02<00:29,  5.51it/s, v_num=miig]Started forward pass
Batch size for logging: 32
Sampled prior
Generated molecules

Epoch 3:   8%|▊         | 13/172 [00:02<00:28,  5.52it/s, v_num=miig]
Epoch 3:   8%|▊         | 13/172 [00:02<00:28,  5.52it/s, v_num=miig]Started forward pass
Batch size for logging: 32
Sampled prior
Generated molecules

Epoch 3:   8%|▊         | 14/172 [00:02<00:28,  5.54it/s, v_num=miig]
Epoch 3:   8%|▊         | 14/172 [00:02<00:28,  5.54it/s, v_num=miig]Started forward pass
Batch size for logging: 32
Sampled prior
Generated molecules

Epoch 3:   9%|▊         | 15/172 [00:02<00:28,  5.55it/s, v_num=miig]
Epoch 3:   9%|▊         | 15/172 [00:02<00:28,  5.54it/s, v_num=miig]Started forward pass
Batch size for logging: 32
Sampled prior
Generated molecules

Epoch 3:   9%|▉         | 16/172 [00:02<00:28,  5.55it/s, v_num=miig]
Epoch 3:   9%|▉         | 16/172 [00:02<00:28,  5.55it/s, v_num=miig]Started forward pass
Batch size for logging: 32
Sampled prior
Generated molecules

Epoch 3:  10%|▉         | 17/172 [00:03<00:27,  5.56it/s, v_num=miig]
Epoch 3:  10%|▉         | 17/172 [00:03<00:27,  5.55it/s, v_num=miig]Started forward pass
Batch size for logging: 32
Sampled prior
Generated molecules

Epoch 3:  10%|█         | 18/172 [00:03<00:27,  5.56it/s, v_num=miig]
Epoch 3:  10%|█         | 18/172 [00:03<00:27,  5.56it/s, v_num=miig]Started forward pass
Batch size for logging: 32
Sampled prior
Generated molecules

Epoch 3:  11%|█         | 19/172 [00:03<00:27,  5.57it/s, v_num=miig]
Epoch 3:  11%|█         | 19/172 [00:03<00:27,  5.57it/s, v_num=miig]Started forward pass
Batch size for logging: 32
Sampled prior
Generated molecules

Epoch 3:  12%|█▏        | 20/172 [00:03<00:27,  5.57it/s, v_num=miig]
Epoch 3:  12%|█▏        | 20/172 [00:03<00:27,  5.57it/s, v_num=miig]Started forward pass
Batch size for logging: 32
Sampled prior
Generated molecules

Epoch 3:  12%|█▏        | 21/172 [00:03<00:27,  5.57it/s, v_num=miig]
Epoch 3:  12%|█▏        | 21/172 [00:03<00:27,  5.57it/s, v_num=miig]Started forward pass
Batch size for logging: 32
Sampled prior
Generated molecules

Epoch 3:  13%|█▎        | 22/172 [00:03<00:26,  5.58it/s, v_num=miig]
Epoch 3:  13%|█▎        | 22/172 [00:03<00:26,  5.58it/s, v_num=miig]Started forward pass
Batch size for logging: 32
Sampled prior
Generated molecules

Epoch 3:  13%|█▎        | 23/172 [00:04<00:26,  5.58it/s, v_num=miig]
Epoch 3:  13%|█▎        | 23/172 [00:04<00:26,  5.58it/s, v_num=miig]Started forward pass
Batch size for logging: 32
Sampled prior
Generated molecules

Epoch 3:  14%|█▍        | 24/172 [00:04<00:26,  5.58it/s, v_num=miig]
Epoch 3:  14%|█▍        | 24/172 [00:04<00:26,  5.58it/s, v_num=miig]Started forward pass
Batch size for logging: 32
Sampled prior
Generated molecules

Epoch 3:  15%|█▍        | 25/172 [00:04<00:26,  5.58it/s, v_num=miig]
Epoch 3:  15%|█▍        | 25/172 [00:04<00:26,  5.58it/s, v_num=miig]Started forward pass
Batch size for logging: 32
Sampled prior
Generated molecules

Epoch 3:  15%|█▌        | 26/172 [00:04<00:26,  5.59it/s, v_num=miig]
Epoch 3:  15%|█▌        | 26/172 [00:04<00:26,  5.58it/s, v_num=miig]Started forward pass
Batch size for logging: 32
Sampled prior
Generated molecules

Epoch 3:  16%|█▌        | 27/172 [00:04<00:25,  5.59it/s, v_num=miig]
Epoch 3:  16%|█▌        | 27/172 [00:04<00:25,  5.58it/s, v_num=miig]Started forward pass
Batch size for logging: 32
Sampled prior
Generated molecules

Epoch 3:  16%|█▋        | 28/172 [00:05<00:25,  5.59it/s, v_num=miig]
Epoch 3:  16%|█▋        | 28/172 [00:05<00:25,  5.59it/s, v_num=miig]Started forward pass
Batch size for logging: 32
Sampled prior
Generated molecules

Epoch 3:  17%|█▋        | 29/172 [00:05<00:25,  5.59it/s, v_num=miig]
Epoch 3:  17%|█▋        | 29/172 [00:05<00:25,  5.59it/s, v_num=miig]Started forward pass
Batch size for logging: 32
Sampled prior
Generated molecules

Epoch 3:  17%|█▋        | 30/172 [00:05<00:25,  5.59it/s, v_num=miig]
Epoch 3:  17%|█▋        | 30/172 [00:05<00:25,  5.59it/s, v_num=miig]Started forward pass
Batch size for logging: 32
Sampled prior
Generated molecules

Epoch 3:  18%|█▊        | 31/172 [00:05<00:25,  5.60it/s, v_num=miig]
Epoch 3:  18%|█▊        | 31/172 [00:05<00:25,  5.60it/s, v_num=miig]Started forward pass
Batch size for logging: 32
Sampled prior
Generated molecules

Epoch 3:  19%|█▊        | 32/172 [00:05<00:24,  5.60it/s, v_num=miig]
Epoch 3:  19%|█▊        | 32/172 [00:05<00:24,  5.60it/s, v_num=miig]Started forward pass
Batch size for logging: 32
Sampled prior
Generated molecules

Epoch 3:  19%|█▉        | 33/172 [00:05<00:24,  5.60it/s, v_num=miig]
Epoch 3:  19%|█▉        | 33/172 [00:05<00:24,  5.60it/s, v_num=miig]Started forward pass
Batch size for logging: 32
Sampled prior
Generated molecules

Epoch 3:  20%|█▉        | 34/172 [00:06<00:24,  5.61it/s, v_num=miig]
Epoch 3:  20%|█▉        | 34/172 [00:06<00:24,  5.61it/s, v_num=miig]Started forward pass
Batch size for logging: 32
Sampled prior
Generated molecules

Epoch 3:  20%|██        | 35/172 [00:06<00:24,  5.61it/s, v_num=miig]
Epoch 3:  20%|██        | 35/172 [00:06<00:24,  5.61it/s, v_num=miig]Started forward pass
Batch size for logging: 32
Sampled prior
Generated molecules

Epoch 3:  21%|██        | 36/172 [00:06<00:24,  5.61it/s, v_num=miig]
Epoch 3:  21%|██        | 36/172 [00:06<00:24,  5.61it/s, v_num=miig]Started forward pass
Batch size for logging: 32
Sampled prior
Generated molecules

Epoch 3:  22%|██▏       | 37/172 [00:06<00:24,  5.61it/s, v_num=miig]
Epoch 3:  22%|██▏       | 37/172 [00:06<00:24,  5.61it/s, v_num=miig]Started forward pass
Batch size for logging: 32
Sampled prior
Generated molecules

Epoch 3:  22%|██▏       | 38/172 [00:06<00:23,  5.61it/s, v_num=miig]
Epoch 3:  22%|██▏       | 38/172 [00:06<00:23,  5.61it/s, v_num=miig]Started forward pass
Batch size for logging: 32
Sampled prior
Generated molecules

Epoch 3:  23%|██▎       | 39/172 [00:06<00:23,  5.61it/s, v_num=miig]
Epoch 3:  23%|██▎       | 39/172 [00:06<00:23,  5.61it/s, v_num=miig]Started forward pass
Batch size for logging: 32
Sampled prior
Generated molecules

Epoch 3:  23%|██▎       | 40/172 [00:07<00:23,  5.61it/s, v_num=miig]
Epoch 3:  23%|██▎       | 40/172 [00:07<00:23,  5.61it/s, v_num=miig]Started forward pass
Batch size for logging: 32
Sampled prior
Generated molecules

Epoch 3:  24%|██▍       | 41/172 [00:07<00:23,  5.61it/s, v_num=miig]
Epoch 3:  24%|██▍       | 41/172 [00:07<00:23,  5.61it/s, v_num=miig]Started forward pass
Batch size for logging: 32
Sampled prior
Generated molecules

Epoch 3:  24%|██▍       | 42/172 [00:07<00:23,  5.61it/s, v_num=miig]
Epoch 3:  24%|██▍       | 42/172 [00:07<00:23,  5.61it/s, v_num=miig]Started forward pass
Batch size for logging: 32
Sampled prior
Generated molecules

Epoch 3:  25%|██▌       | 43/172 [00:07<00:22,  5.61it/s, v_num=miig]
Epoch 3:  25%|██▌       | 43/172 [00:07<00:22,  5.61it/s, v_num=miig]Started forward pass
Batch size for logging: 32
Sampled prior
Generated molecules

Epoch 3:  26%|██▌       | 44/172 [00:07<00:22,  5.61it/s, v_num=miig]
Epoch 3:  26%|██▌       | 44/172 [00:07<00:22,  5.61it/s, v_num=miig]Started forward pass
Batch size for logging: 32
Sampled prior
Generated molecules

Epoch 3:  26%|██▌       | 45/172 [00:08<00:22,  5.61it/s, v_num=miig]
Epoch 3:  26%|██▌       | 45/172 [00:08<00:22,  5.61it/s, v_num=miig]Started forward pass
Batch size for logging: 32
Sampled prior
Generated molecules

Epoch 3:  27%|██▋       | 46/172 [00:08<00:22,  5.62it/s, v_num=miig]
Epoch 3:  27%|██▋       | 46/172 [00:08<00:22,  5.62it/s, v_num=miig]Started forward pass
Batch size for logging: 32
Sampled prior
Generated molecules

Epoch 3:  27%|██▋       | 47/172 [00:08<00:22,  5.62it/s, v_num=miig]
Epoch 3:  27%|██▋       | 47/172 [00:08<00:22,  5.62it/s, v_num=miig]Started forward pass
Batch size for logging: 32
Sampled prior
Generated molecules

Epoch 3:  28%|██▊       | 48/172 [00:08<00:22,  5.62it/s, v_num=miig]
Epoch 3:  28%|██▊       | 48/172 [00:08<00:22,  5.62it/s, v_num=miig]Started forward pass
Batch size for logging: 32
Sampled prior
Generated molecules

Epoch 3:  28%|██▊       | 49/172 [00:08<00:21,  5.62it/s, v_num=miig]
Epoch 3:  28%|██▊       | 49/172 [00:08<00:21,  5.62it/s, v_num=miig]Started forward pass
Batch size for logging: 32
Sampled prior
Generated molecules

Epoch 3:  29%|██▉       | 50/172 [00:08<00:21,  5.62it/s, v_num=miig]
Epoch 3:  29%|██▉       | 50/172 [00:08<00:21,  5.62it/s, v_num=miig]Started forward pass
Batch size for logging: 32
Sampled prior
Generated molecules

Epoch 3:  30%|██▉       | 51/172 [00:09<00:21,  5.62it/s, v_num=miig]
Epoch 3:  30%|██▉       | 51/172 [00:09<00:21,  5.62it/s, v_num=miig]Started forward pass
Batch size for logging: 32
Sampled prior
Generated molecules

Epoch 3:  30%|███       | 52/172 [00:09<00:21,  5.62it/s, v_num=miig]
Epoch 3:  30%|███       | 52/172 [00:09<00:21,  5.62it/s, v_num=miig]Started forward pass
Batch size for logging: 32
Sampled prior
Generated molecules

Epoch 3:  31%|███       | 53/172 [00:09<00:21,  5.62it/s, v_num=miig]
Epoch 3:  31%|███       | 53/172 [00:09<00:21,  5.62it/s, v_num=miig]Started forward pass
Batch size for logging: 32
Sampled prior
Generated molecules

Epoch 3:  31%|███▏      | 54/172 [00:09<00:20,  5.63it/s, v_num=miig]
Epoch 3:  31%|███▏      | 54/172 [00:09<00:20,  5.62it/s, v_num=miig]Started forward pass
Batch size for logging: 32
Sampled prior
Generated molecules

Epoch 3:  32%|███▏      | 55/172 [00:09<00:20,  5.63it/s, v_num=miig]
Epoch 3:  32%|███▏      | 55/172 [00:09<00:20,  5.63it/s, v_num=miig]Started forward pass
Batch size for logging: 32
Sampled prior
Generated molecules

Epoch 3:  33%|███▎      | 56/172 [00:09<00:20,  5.63it/s, v_num=miig]
Epoch 3:  33%|███▎      | 56/172 [00:09<00:20,  5.63it/s, v_num=miig]Started forward pass
Batch size for logging: 32
Sampled prior
Generated molecules

Epoch 3:  33%|███▎      | 57/172 [00:10<00:20,  5.63it/s, v_num=miig]
Epoch 3:  33%|███▎      | 57/172 [00:10<00:20,  5.63it/s, v_num=miig]Started forward pass
Batch size for logging: 32
Sampled prior
Generated molecules

Epoch 3:  34%|███▎      | 58/172 [00:10<00:20,  5.63it/s, v_num=miig]
Epoch 3:  34%|███▎      | 58/172 [00:10<00:20,  5.63it/s, v_num=miig]Started forward pass
Batch size for logging: 32
Sampled prior
Generated molecules

Epoch 3:  34%|███▍      | 59/172 [00:10<00:20,  5.63it/s, v_num=miig]
Epoch 3:  34%|███▍      | 59/172 [00:10<00:20,  5.63it/s, v_num=miig]Started forward pass
Batch size for logging: 32
Sampled prior
Generated molecules

Epoch 3:  35%|███▍      | 60/172 [00:10<00:19,  5.63it/s, v_num=miig]
Epoch 3:  35%|███▍      | 60/172 [00:10<00:19,  5.63it/s, v_num=miig]Started forward pass
Batch size for logging: 32
Sampled prior
Generated molecules

Epoch 3:  35%|███▌      | 61/172 [00:10<00:19,  5.63it/s, v_num=miig]
Epoch 3:  35%|███▌      | 61/172 [00:10<00:19,  5.63it/s, v_num=miig]Started forward pass
Batch size for logging: 32
Sampled prior
Generated molecules

Epoch 3:  36%|███▌      | 62/172 [00:11<00:19,  5.63it/s, v_num=miig]
Epoch 3:  36%|███▌      | 62/172 [00:11<00:19,  5.63it/s, v_num=miig]Started forward pass
Batch size for logging: 32
Sampled prior
Generated molecules

Epoch 3:  37%|███▋      | 63/172 [00:11<00:19,  5.63it/s, v_num=miig]
Epoch 3:  37%|███▋      | 63/172 [00:11<00:19,  5.63it/s, v_num=miig]Started forward pass
Batch size for logging: 32
Sampled prior
Generated molecules

Epoch 3:  37%|███▋      | 64/172 [00:11<00:19,  5.63it/s, v_num=miig]
Epoch 3:  37%|███▋      | 64/172 [00:11<00:19,  5.63it/s, v_num=miig]Started forward pass
Batch size for logging: 32
Sampled prior
Generated molecules

Epoch 3:  38%|███▊      | 65/172 [00:11<00:19,  5.63it/s, v_num=miig]
Epoch 3:  38%|███▊      | 65/172 [00:11<00:19,  5.63it/s, v_num=miig]Started forward pass
Batch size for logging: 32
Sampled prior
Generated molecules

Epoch 3:  38%|███▊      | 66/172 [00:11<00:18,  5.63it/s, v_num=miig]
Epoch 3:  38%|███▊      | 66/172 [00:11<00:18,  5.63it/s, v_num=miig]Started forward pass
Batch size for logging: 32
Sampled prior
Generated molecules

Epoch 3:  39%|███▉      | 67/172 [00:11<00:18,  5.63it/s, v_num=miig]
Epoch 3:  39%|███▉      | 67/172 [00:11<00:18,  5.63it/s, v_num=miig]Started forward pass
Batch size for logging: 32
Sampled prior
Generated molecules

Epoch 3:  40%|███▉      | 68/172 [00:12<00:18,  5.63it/s, v_num=miig]
Epoch 3:  40%|███▉      | 68/172 [00:12<00:18,  5.63it/s, v_num=miig]Started forward pass
Batch size for logging: 32
Sampled prior
Generated molecules

Epoch 3:  40%|████      | 69/172 [00:12<00:18,  5.63it/s, v_num=miig]
Epoch 3:  40%|████      | 69/172 [00:12<00:18,  5.63it/s, v_num=miig]Started forward pass
Batch size for logging: 32
Sampled prior
Generated molecules

Epoch 3:  41%|████      | 70/172 [00:12<00:18,  5.63it/s, v_num=miig]
Epoch 3:  41%|████      | 70/172 [00:12<00:18,  5.63it/s, v_num=miig]Started forward pass
Batch size for logging: 32
Sampled prior
Generated molecules

Epoch 3:  41%|████▏     | 71/172 [00:12<00:17,  5.63it/s, v_num=miig]
Epoch 3:  41%|████▏     | 71/172 [00:12<00:17,  5.63it/s, v_num=miig]Started forward pass
Batch size for logging: 32
Sampled prior
Generated molecules

Epoch 3:  42%|████▏     | 72/172 [00:12<00:17,  5.64it/s, v_num=miig]
Epoch 3:  42%|████▏     | 72/172 [00:12<00:17,  5.63it/s, v_num=miig]Started forward pass
Batch size for logging: 32
Sampled prior
Generated molecules

Epoch 3:  42%|████▏     | 73/172 [00:12<00:17,  5.64it/s, v_num=miig]
Epoch 3:  42%|████▏     | 73/172 [00:12<00:17,  5.64it/s, v_num=miig]Started forward pass
Batch size for logging: 32
Sampled prior
Generated molecules

Epoch 3:  43%|████▎     | 74/172 [00:13<00:17,  5.63it/s, v_num=miig]
Epoch 3:  43%|████▎     | 74/172 [00:13<00:17,  5.63it/s, v_num=miig]Started forward pass
Batch size for logging: 32
Sampled prior
Generated molecules

Epoch 3:  44%|████▎     | 75/172 [00:13<00:17,  5.63it/s, v_num=miig]
Epoch 3:  44%|████▎     | 75/172 [00:13<00:17,  5.63it/s, v_num=miig]Started forward pass
Batch size for logging: 32
Sampled prior
Generated molecules

Epoch 3:  44%|████▍     | 76/172 [00:13<00:17,  5.63it/s, v_num=miig]
Epoch 3:  44%|████▍     | 76/172 [00:13<00:17,  5.63it/s, v_num=miig]Started forward pass
Batch size for logging: 32
Sampled prior
Generated molecules

Epoch 3:  45%|████▍     | 77/172 [00:13<00:16,  5.64it/s, v_num=miig]
Epoch 3:  45%|████▍     | 77/172 [00:13<00:16,  5.64it/s, v_num=miig]Started forward pass
Batch size for logging: 32
Sampled prior
Generated molecules

Epoch 3:  45%|████▌     | 78/172 [00:13<00:16,  5.64it/s, v_num=miig]
Epoch 3:  45%|████▌     | 78/172 [00:13<00:16,  5.64it/s, v_num=miig]Started forward pass
Batch size for logging: 32
Sampled prior
Generated molecules

Epoch 3:  46%|████▌     | 79/172 [00:14<00:16,  5.64it/s, v_num=miig]
Epoch 3:  46%|████▌     | 79/172 [00:14<00:16,  5.64it/s, v_num=miig]Started forward pass
Batch size for logging: 32
Sampled prior
Generated molecules

Epoch 3:  47%|████▋     | 80/172 [00:14<00:16,  5.64it/s, v_num=miig]
Epoch 3:  47%|████▋     | 80/172 [00:14<00:16,  5.64it/s, v_num=miig]Started forward pass
Batch size for logging: 32
Sampled prior
Generated molecules

Epoch 3:  47%|████▋     | 81/172 [00:14<00:16,  5.64it/s, v_num=miig]
Epoch 3:  47%|████▋     | 81/172 [00:14<00:16,  5.64it/s, v_num=miig]Started forward pass
Batch size for logging: 32
Sampled prior
Generated molecules

Epoch 3:  48%|████▊     | 82/172 [00:14<00:15,  5.64it/s, v_num=miig]
Epoch 3:  48%|████▊     | 82/172 [00:14<00:15,  5.64it/s, v_num=miig]Started forward pass
Batch size for logging: 32
Sampled prior
Generated molecules

Epoch 3:  48%|████▊     | 83/172 [00:14<00:15,  5.64it/s, v_num=miig]
Epoch 3:  48%|████▊     | 83/172 [00:14<00:15,  5.64it/s, v_num=miig]Started forward pass
Batch size for logging: 32
Sampled prior
Generated molecules

Epoch 3:  49%|████▉     | 84/172 [00:14<00:15,  5.64it/s, v_num=miig]
Epoch 3:  49%|████▉     | 84/172 [00:14<00:15,  5.64it/s, v_num=miig]Started forward pass
Batch size for logging: 32
Sampled prior
Generated molecules

Epoch 3:  49%|████▉     | 85/172 [00:15<00:15,  5.64it/s, v_num=miig]
Epoch 3:  49%|████▉     | 85/172 [00:15<00:15,  5.64it/s, v_num=miig]Started forward pass
Batch size for logging: 32
Sampled prior
Generated molecules

Epoch 3:  50%|█████     | 86/172 [00:15<00:15,  5.64it/s, v_num=miig]
Epoch 3:  50%|█████     | 86/172 [00:15<00:15,  5.64it/s, v_num=miig]Started forward pass
Batch size for logging: 32
Sampled prior
Generated molecules

Epoch 3:  51%|█████     | 87/172 [00:15<00:15,  5.64it/s, v_num=miig]
Epoch 3:  51%|█████     | 87/172 [00:15<00:15,  5.64it/s, v_num=miig]Started forward pass
Batch size for logging: 32
Sampled prior
Generated molecules

Epoch 3:  51%|█████     | 88/172 [00:15<00:14,  5.64it/s, v_num=miig]
Epoch 3:  51%|█████     | 88/172 [00:15<00:14,  5.64it/s, v_num=miig]Started forward pass
Batch size for logging: 32
Sampled prior
Generated molecules

Epoch 3:  52%|█████▏    | 89/172 [00:15<00:14,  5.64it/s, v_num=miig]
Epoch 3:  52%|█████▏    | 89/172 [00:15<00:14,  5.64it/s, v_num=miig]Started forward pass
Batch size for logging: 32
Sampled prior
Generated molecules

Epoch 3:  52%|█████▏    | 90/172 [00:15<00:14,  5.64it/s, v_num=miig]
Epoch 3:  52%|█████▏    | 90/172 [00:15<00:14,  5.64it/s, v_num=miig]Started forward pass
Batch size for logging: 32
Sampled prior
Generated molecules

Epoch 3:  53%|█████▎    | 91/172 [00:16<00:14,  5.64it/s, v_num=miig]
Epoch 3:  53%|█████▎    | 91/172 [00:16<00:14,  5.64it/s, v_num=miig]Started forward pass
Batch size for logging: 32
Sampled prior
Generated molecules

Epoch 3:  53%|█████▎    | 92/172 [00:16<00:14,  5.64it/s, v_num=miig]
Epoch 3:  53%|█████▎    | 92/172 [00:16<00:14,  5.64it/s, v_num=miig]Started forward pass
Batch size for logging: 32
Sampled prior
Generated molecules

Epoch 3:  54%|█████▍    | 93/172 [00:16<00:14,  5.64it/s, v_num=miig]
Epoch 3:  54%|█████▍    | 93/172 [00:16<00:14,  5.64it/s, v_num=miig]Started forward pass
Batch size for logging: 32
Sampled prior
Generated molecules

Epoch 3:  55%|█████▍    | 94/172 [00:16<00:13,  5.64it/s, v_num=miig]
Epoch 3:  55%|█████▍    | 94/172 [00:16<00:13,  5.64it/s, v_num=miig]Started forward pass
Batch size for logging: 32
Sampled prior
Generated molecules

Epoch 3:  55%|█████▌    | 95/172 [00:16<00:13,  5.64it/s, v_num=miig]
Epoch 3:  55%|█████▌    | 95/172 [00:16<00:13,  5.64it/s, v_num=miig]Started forward pass
Batch size for logging: 32
Sampled prior
Generated molecules

Epoch 3:  56%|█████▌    | 96/172 [00:17<00:13,  5.64it/s, v_num=miig]
Epoch 3:  56%|█████▌    | 96/172 [00:17<00:13,  5.64it/s, v_num=miig]Started forward pass
Batch size for logging: 32
Sampled prior
Generated molecules

Epoch 3:  56%|█████▋    | 97/172 [00:17<00:13,  5.64it/s, v_num=miig]
Epoch 3:  56%|█████▋    | 97/172 [00:17<00:13,  5.64it/s, v_num=miig]Started forward pass
Batch size for logging: 32
Sampled prior
Generated molecules

Epoch 3:  57%|█████▋    | 98/172 [00:17<00:13,  5.64it/s, v_num=miig]
Epoch 3:  57%|█████▋    | 98/172 [00:17<00:13,  5.64it/s, v_num=miig]Started forward pass
Batch size for logging: 32
Sampled prior
Generated molecules

Epoch 3:  58%|█████▊    | 99/172 [00:17<00:12,  5.64it/s, v_num=miig]
Epoch 3:  58%|█████▊    | 99/172 [00:17<00:12,  5.64it/s, v_num=miig]Started forward pass
Batch size for logging: 32
Sampled prior
Generated molecules

Epoch 3:  58%|█████▊    | 100/172 [00:17<00:12,  5.64it/s, v_num=miig]
Epoch 3:  58%|█████▊    | 100/172 [00:17<00:12,  5.64it/s, v_num=miig]Started forward pass
Batch size for logging: 32
Sampled prior
Generated molecules

Epoch 3:  59%|█████▊    | 101/172 [00:17<00:12,  5.64it/s, v_num=miig]
Epoch 3:  59%|█████▊    | 101/172 [00:17<00:12,  5.64it/s, v_num=miig]Started forward pass
Batch size for logging: 32
Sampled prior
Generated molecules

Epoch 3:  59%|█████▉    | 102/172 [00:18<00:12,  5.64it/s, v_num=miig]
Epoch 3:  59%|█████▉    | 102/172 [00:18<00:12,  5.64it/s, v_num=miig]Started forward pass
Batch size for logging: 32
Sampled prior
Generated molecules

Epoch 3:  60%|█████▉    | 103/172 [00:18<00:12,  5.64it/s, v_num=miig]
Epoch 3:  60%|█████▉    | 103/172 [00:18<00:12,  5.64it/s, v_num=miig]Started forward pass
Batch size for logging: 32
Sampled prior
Generated molecules

Epoch 3:  60%|██████    | 104/172 [00:18<00:12,  5.64it/s, v_num=miig]
Epoch 3:  60%|██████    | 104/172 [00:18<00:12,  5.64it/s, v_num=miig]Started forward pass
Batch size for logging: 32
Sampled prior
Generated molecules

Epoch 3:  61%|██████    | 105/172 [00:18<00:11,  5.64it/s, v_num=miig]
Epoch 3:  61%|██████    | 105/172 [00:18<00:11,  5.64it/s, v_num=miig]Started forward pass
Batch size for logging: 32
Sampled prior
Generated molecules

Epoch 3:  62%|██████▏   | 106/172 [00:18<00:11,  5.64it/s, v_num=miig]
Epoch 3:  62%|██████▏   | 106/172 [00:18<00:11,  5.64it/s, v_num=miig]Started forward pass
Batch size for logging: 32
Sampled prior
Generated molecules

Epoch 3:  62%|██████▏   | 107/172 [00:18<00:11,  5.64it/s, v_num=miig]
Epoch 3:  62%|██████▏   | 107/172 [00:18<00:11,  5.64it/s, v_num=miig]Started forward pass
Batch size for logging: 32
Sampled prior
Generated molecules

Epoch 3:  63%|██████▎   | 108/172 [00:19<00:11,  5.64it/s, v_num=miig]
Epoch 3:  63%|██████▎   | 108/172 [00:19<00:11,  5.64it/s, v_num=miig]Started forward pass
Batch size for logging: 32
Sampled prior
Generated molecules

Epoch 3:  63%|██████▎   | 109/172 [00:19<00:11,  5.64it/s, v_num=miig]
Epoch 3:  63%|██████▎   | 109/172 [00:19<00:11,  5.64it/s, v_num=miig]Started forward pass
Batch size for logging: 32
Sampled prior
Generated molecules

Epoch 3:  64%|██████▍   | 110/172 [00:19<00:10,  5.64it/s, v_num=miig]
Epoch 3:  64%|██████▍   | 110/172 [00:19<00:10,  5.64it/s, v_num=miig]Started forward pass
Batch size for logging: 32
Sampled prior
Generated molecules

Epoch 3:  65%|██████▍   | 111/172 [00:19<00:10,  5.64it/s, v_num=miig]
Epoch 3:  65%|██████▍   | 111/172 [00:19<00:10,  5.64it/s, v_num=miig]Started forward pass
Batch size for logging: 32
Sampled prior
Generated molecules

Epoch 3:  65%|██████▌   | 112/172 [00:19<00:10,  5.64it/s, v_num=miig]
Epoch 3:  65%|██████▌   | 112/172 [00:19<00:10,  5.64it/s, v_num=miig]Started forward pass
Batch size for logging: 32
Sampled prior
Generated molecules

Epoch 3:  66%|██████▌   | 113/172 [00:20<00:10,  5.64it/s, v_num=miig]
Epoch 3:  66%|██████▌   | 113/172 [00:20<00:10,  5.64it/s, v_num=miig]Started forward pass
Batch size for logging: 32
Sampled prior
Generated molecules

Epoch 3:  66%|██████▋   | 114/172 [00:20<00:10,  5.64it/s, v_num=miig]
Epoch 3:  66%|██████▋   | 114/172 [00:20<00:10,  5.64it/s, v_num=miig]Started forward pass
Batch size for logging: 32
Sampled prior
Generated molecules

Epoch 3:  67%|██████▋   | 115/172 [00:20<00:10,  5.64it/s, v_num=miig]
Epoch 3:  67%|██████▋   | 115/172 [00:20<00:10,  5.64it/s, v_num=miig]Started forward pass
Batch size for logging: 32
Sampled prior
Generated molecules

Epoch 3:  67%|██████▋   | 116/172 [00:20<00:09,  5.64it/s, v_num=miig]
Epoch 3:  67%|██████▋   | 116/172 [00:20<00:09,  5.64it/s, v_num=miig]Started forward pass
Batch size for logging: 32
Sampled prior
Generated molecules

Epoch 3:  68%|██████▊   | 117/172 [00:20<00:09,  5.64it/s, v_num=miig]
Epoch 3:  68%|██████▊   | 117/172 [00:20<00:09,  5.64it/s, v_num=miig]Started forward pass
Batch size for logging: 32
Sampled prior
Generated molecules

Epoch 3:  69%|██████▊   | 118/172 [00:20<00:09,  5.64it/s, v_num=miig]
Epoch 3:  69%|██████▊   | 118/172 [00:20<00:09,  5.64it/s, v_num=miig]Started forward pass
Batch size for logging: 32
Sampled prior
Generated molecules

Epoch 3:  69%|██████▉   | 119/172 [00:21<00:09,  5.64it/s, v_num=miig]
Epoch 3:  69%|██████▉   | 119/172 [00:21<00:09,  5.64it/s, v_num=miig]Started forward pass
Batch size for logging: 32
Sampled prior
Generated molecules

Epoch 3:  70%|██████▉   | 120/172 [00:21<00:09,  5.65it/s, v_num=miig]
Epoch 3:  70%|██████▉   | 120/172 [00:21<00:09,  5.65it/s, v_num=miig]Started forward pass
Batch size for logging: 32
Sampled prior
Generated molecules

Epoch 3:  70%|███████   | 121/172 [00:21<00:09,  5.65it/s, v_num=miig]
Epoch 3:  70%|███████   | 121/172 [00:21<00:09,  5.65it/s, v_num=miig]Started forward pass
Batch size for logging: 32
Sampled prior
Generated molecules

Epoch 3:  71%|███████   | 122/172 [00:21<00:08,  5.65it/s, v_num=miig]
Epoch 3:  71%|███████   | 122/172 [00:21<00:08,  5.65it/s, v_num=miig]Started forward pass
Batch size for logging: 32
Sampled prior
Generated molecules

Epoch 3:  72%|███████▏  | 123/172 [00:21<00:08,  5.65it/s, v_num=miig]
Epoch 3:  72%|███████▏  | 123/172 [00:21<00:08,  5.65it/s, v_num=miig]Started forward pass
Batch size for logging: 32
Sampled prior
Generated molecules

Epoch 3:  72%|███████▏  | 124/172 [00:21<00:08,  5.65it/s, v_num=miig]
Epoch 3:  72%|███████▏  | 124/172 [00:21<00:08,  5.65it/s, v_num=miig]Started forward pass
Batch size for logging: 32
Sampled prior
Generated molecules

Epoch 3:  73%|███████▎  | 125/172 [00:22<00:08,  5.65it/s, v_num=miig]
Epoch 3:  73%|███████▎  | 125/172 [00:22<00:08,  5.65it/s, v_num=miig]Started forward pass
Batch size for logging: 32
Sampled prior
Generated molecules

Epoch 3:  73%|███████▎  | 126/172 [00:22<00:08,  5.65it/s, v_num=miig]
Epoch 3:  73%|███████▎  | 126/172 [00:22<00:08,  5.65it/s, v_num=miig]Started forward pass
Batch size for logging: 32
Sampled prior
Generated molecules

Epoch 3:  74%|███████▍  | 127/172 [00:22<00:07,  5.65it/s, v_num=miig]
Epoch 3:  74%|███████▍  | 127/172 [00:22<00:07,  5.65it/s, v_num=miig]Started forward pass
Batch size for logging: 32
Sampled prior
Generated molecules

Epoch 3:  74%|███████▍  | 128/172 [00:22<00:07,  5.65it/s, v_num=miig]
Epoch 3:  74%|███████▍  | 128/172 [00:22<00:07,  5.65it/s, v_num=miig]Started forward pass
Batch size for logging: 32
Sampled prior
Generated molecules

Epoch 3:  75%|███████▌  | 129/172 [00:22<00:07,  5.65it/s, v_num=miig]
Epoch 3:  75%|███████▌  | 129/172 [00:22<00:07,  5.65it/s, v_num=miig]Started forward pass
Batch size for logging: 32
Sampled prior
Generated molecules

Epoch 3:  76%|███████▌  | 130/172 [00:23<00:07,  5.65it/s, v_num=miig]
Epoch 3:  76%|███████▌  | 130/172 [00:23<00:07,  5.65it/s, v_num=miig]Started forward pass
Batch size for logging: 32
Sampled prior
Generated molecules

Epoch 3:  76%|███████▌  | 131/172 [00:23<00:07,  5.65it/s, v_num=miig]
Epoch 3:  76%|███████▌  | 131/172 [00:23<00:07,  5.65it/s, v_num=miig]Started forward pass
Batch size for logging: 32
Sampled prior
Generated molecules

Epoch 3:  77%|███████▋  | 132/172 [00:23<00:07,  5.65it/s, v_num=miig]
Epoch 3:  77%|███████▋  | 132/172 [00:23<00:07,  5.65it/s, v_num=miig]Started forward pass
Batch size for logging: 32
Sampled prior
Generated molecules

Epoch 3:  77%|███████▋  | 133/172 [00:23<00:06,  5.65it/s, v_num=miig]
Epoch 3:  77%|███████▋  | 133/172 [00:23<00:06,  5.65it/s, v_num=miig]Started forward pass
Batch size for logging: 32
Sampled prior
Generated molecules

Epoch 3:  78%|███████▊  | 134/172 [00:23<00:06,  5.65it/s, v_num=miig]
Epoch 3:  78%|███████▊  | 134/172 [00:23<00:06,  5.65it/s, v_num=miig]Started forward pass
Batch size for logging: 32
Sampled prior
Generated molecules

Epoch 3:  78%|███████▊  | 135/172 [00:23<00:06,  5.65it/s, v_num=miig]
Epoch 3:  78%|███████▊  | 135/172 [00:23<00:06,  5.65it/s, v_num=miig]Started forward pass
Batch size for logging: 32
Sampled prior
Generated molecules

Epoch 3:  79%|███████▉  | 136/172 [00:24<00:06,  5.65it/s, v_num=miig]
Epoch 3:  79%|███████▉  | 136/172 [00:24<00:06,  5.65it/s, v_num=miig]Started forward pass
Batch size for logging: 32
Sampled prior
Generated molecules

Epoch 3:  80%|███████▉  | 137/172 [00:24<00:06,  5.65it/s, v_num=miig]
Epoch 3:  80%|███████▉  | 137/172 [00:24<00:06,  5.65it/s, v_num=miig]Started forward pass
Batch size for logging: 32
Sampled prior
Generated molecules

Epoch 3:  80%|████████  | 138/172 [00:24<00:06,  5.65it/s, v_num=miig]
Epoch 3:  80%|████████  | 138/172 [00:24<00:06,  5.65it/s, v_num=miig]Started forward pass
Batch size for logging: 32
Sampled prior
Generated molecules

Epoch 3:  81%|████████  | 139/172 [00:24<00:05,  5.65it/s, v_num=miig]
Epoch 3:  81%|████████  | 139/172 [00:24<00:05,  5.65it/s, v_num=miig]Started forward pass
Batch size for logging: 32
Sampled prior
Generated molecules

Epoch 3:  81%|████████▏ | 140/172 [00:24<00:05,  5.65it/s, v_num=miig]
Epoch 3:  81%|████████▏ | 140/172 [00:24<00:05,  5.65it/s, v_num=miig]Started forward pass
Batch size for logging: 32
Sampled prior
Generated molecules

Epoch 3:  82%|████████▏ | 141/172 [00:24<00:05,  5.65it/s, v_num=miig]
Epoch 3:  82%|████████▏ | 141/172 [00:24<00:05,  5.65it/s, v_num=miig]Started forward pass
Batch size for logging: 32
Sampled prior
Generated molecules

Epoch 3:  83%|████████▎ | 142/172 [00:25<00:05,  5.65it/s, v_num=miig]
Epoch 3:  83%|████████▎ | 142/172 [00:25<00:05,  5.65it/s, v_num=miig]Started forward pass
Batch size for logging: 32
Sampled prior
Generated molecules

Epoch 3:  83%|████████▎ | 143/172 [00:25<00:05,  5.65it/s, v_num=miig]
Epoch 3:  83%|████████▎ | 143/172 [00:25<00:05,  5.65it/s, v_num=miig]Started forward pass
Batch size for logging: 32
Sampled prior
Generated molecules

Epoch 3:  84%|████████▎ | 144/172 [00:25<00:04,  5.65it/s, v_num=miig]
Epoch 3:  84%|████████▎ | 144/172 [00:25<00:04,  5.65it/s, v_num=miig]Started forward pass
Batch size for logging: 32
Sampled prior
Generated molecules

Epoch 3:  84%|████████▍ | 145/172 [00:25<00:04,  5.65it/s, v_num=miig]
Epoch 3:  84%|████████▍ | 145/172 [00:25<00:04,  5.65it/s, v_num=miig]Started forward pass
Batch size for logging: 32
Sampled prior
Generated molecules

Epoch 3:  85%|████████▍ | 146/172 [00:25<00:04,  5.65it/s, v_num=miig]
Epoch 3:  85%|████████▍ | 146/172 [00:25<00:04,  5.65it/s, v_num=miig]Started forward pass
Batch size for logging: 32
Sampled prior
Generated molecules

Epoch 3:  85%|████████▌ | 147/172 [00:26<00:04,  5.65it/s, v_num=miig]
Epoch 3:  85%|████████▌ | 147/172 [00:26<00:04,  5.65it/s, v_num=miig]Started forward pass
Batch size for logging: 32
Sampled prior
Generated molecules

Epoch 3:  86%|████████▌ | 148/172 [00:26<00:04,  5.65it/s, v_num=miig]
Epoch 3:  86%|████████▌ | 148/172 [00:26<00:04,  5.65it/s, v_num=miig]Started forward pass
Batch size for logging: 32
Sampled prior
Generated molecules

Epoch 3:  87%|████████▋ | 149/172 [00:26<00:04,  5.65it/s, v_num=miig]
Epoch 3:  87%|████████▋ | 149/172 [00:26<00:04,  5.65it/s, v_num=miig]Started forward pass
Batch size for logging: 32
Sampled prior
Generated molecules

Epoch 3:  87%|████████▋ | 150/172 [00:26<00:03,  5.65it/s, v_num=miig]
Epoch 3:  87%|████████▋ | 150/172 [00:26<00:03,  5.65it/s, v_num=miig]Started forward pass
Batch size for logging: 32
Sampled prior
Generated molecules

Epoch 3:  88%|████████▊ | 151/172 [00:26<00:03,  5.65it/s, v_num=miig]
Epoch 3:  88%|████████▊ | 151/172 [00:26<00:03,  5.65it/s, v_num=miig]Started forward pass
Batch size for logging: 32
Sampled prior
Generated molecules

Epoch 3:  88%|████████▊ | 152/172 [00:26<00:03,  5.65it/s, v_num=miig]
Epoch 3:  88%|████████▊ | 152/172 [00:26<00:03,  5.65it/s, v_num=miig]Started forward pass
Batch size for logging: 32
Sampled prior
Generated molecules

Epoch 3:  89%|████████▉ | 153/172 [00:27<00:03,  5.65it/s, v_num=miig]
Epoch 3:  89%|████████▉ | 153/172 [00:27<00:03,  5.65it/s, v_num=miig]Started forward pass
Batch size for logging: 32
Sampled prior
Generated molecules

Epoch 3:  90%|████████▉ | 154/172 [00:27<00:03,  5.65it/s, v_num=miig]
Epoch 3:  90%|████████▉ | 154/172 [00:27<00:03,  5.65it/s, v_num=miig]Started forward pass
Batch size for logging: 32
Sampled prior
Generated molecules

Epoch 3:  90%|█████████ | 155/172 [00:27<00:03,  5.65it/s, v_num=miig]
Epoch 3:  90%|█████████ | 155/172 [00:27<00:03,  5.65it/s, v_num=miig]Started forward pass
Batch size for logging: 32
Sampled prior
Generated molecules

Epoch 3:  91%|█████████ | 156/172 [00:27<00:02,  5.65it/s, v_num=miig]
Epoch 3:  91%|█████████ | 156/172 [00:27<00:02,  5.65it/s, v_num=miig]Started forward pass
Batch size for logging: 32
Sampled prior
Generated molecules

Epoch 3:  91%|█████████▏| 157/172 [00:27<00:02,  5.65it/s, v_num=miig]
Epoch 3:  91%|█████████▏| 157/172 [00:27<00:02,  5.65it/s, v_num=miig]Started forward pass
Batch size for logging: 32
Sampled prior
Generated molecules

Epoch 3:  92%|█████████▏| 158/172 [00:27<00:02,  5.65it/s, v_num=miig]
Epoch 3:  92%|█████████▏| 158/172 [00:27<00:02,  5.65it/s, v_num=miig]Started forward pass
Batch size for logging: 32
Sampled prior
Generated molecules

Epoch 3:  92%|█████████▏| 159/172 [00:28<00:02,  5.65it/s, v_num=miig]
Epoch 3:  92%|█████████▏| 159/172 [00:28<00:02,  5.65it/s, v_num=miig]Started forward pass
Batch size for logging: 32
Sampled prior
Generated molecules

Epoch 3:  93%|█████████▎| 160/172 [00:28<00:02,  5.65it/s, v_num=miig]
Epoch 3:  93%|█████████▎| 160/172 [00:28<00:02,  5.65it/s, v_num=miig]Started forward pass
Batch size for logging: 32
Sampled prior
Generated molecules

Epoch 3:  94%|█████████▎| 161/172 [00:28<00:01,  5.65it/s, v_num=miig]
Epoch 3:  94%|█████████▎| 161/172 [00:28<00:01,  5.65it/s, v_num=miig]Started forward pass
Batch size for logging: 32
Sampled prior
Generated molecules

Epoch 3:  94%|█████████▍| 162/172 [00:28<00:01,  5.65it/s, v_num=miig]
Epoch 3:  94%|█████████▍| 162/172 [00:28<00:01,  5.65it/s, v_num=miig]Started forward pass
Batch size for logging: 32
Sampled prior
Generated molecules

Epoch 3:  95%|█████████▍| 163/172 [00:28<00:01,  5.65it/s, v_num=miig]
Epoch 3:  95%|█████████▍| 163/172 [00:28<00:01,  5.65it/s, v_num=miig]Started forward pass
Batch size for logging: 32
Sampled prior
Generated molecules

Epoch 3:  95%|█████████▌| 164/172 [00:29<00:01,  5.65it/s, v_num=miig]
Epoch 3:  95%|█████████▌| 164/172 [00:29<00:01,  5.65it/s, v_num=miig]Started forward pass
Batch size for logging: 32
Sampled prior
Generated molecules

Epoch 3:  96%|█████████▌| 165/172 [00:29<00:01,  5.65it/s, v_num=miig]
Epoch 3:  96%|█████████▌| 165/172 [00:29<00:01,  5.65it/s, v_num=miig]Started forward pass
Batch size for logging: 32
Sampled prior
Generated molecules

Epoch 3:  97%|█████████▋| 166/172 [00:29<00:01,  5.65it/s, v_num=miig]
Epoch 3:  97%|█████████▋| 166/172 [00:29<00:01,  5.65it/s, v_num=miig]Started forward pass
Batch size for logging: 32
Sampled prior
Generated molecules

Epoch 3:  97%|█████████▋| 167/172 [00:29<00:00,  5.65it/s, v_num=miig]
Epoch 3:  97%|█████████▋| 167/172 [00:29<00:00,  5.65it/s, v_num=miig]Started forward pass
Batch size for logging: 32
Sampled prior
Generated molecules

Epoch 3:  98%|█████████▊| 168/172 [00:29<00:00,  5.65it/s, v_num=miig]
Epoch 3:  98%|█████████▊| 168/172 [00:29<00:00,  5.65it/s, v_num=miig]Started forward pass
Batch size for logging: 32
Sampled prior
Generated molecules

Epoch 3:  98%|█████████▊| 169/172 [00:29<00:00,  5.65it/s, v_num=miig]
Epoch 3:  98%|█████████▊| 169/172 [00:29<00:00,  5.65it/s, v_num=miig]Started forward pass
Batch size for logging: 32
Sampled prior
Generated molecules

Epoch 3:  99%|█████████▉| 170/172 [00:30<00:00,  5.65it/s, v_num=miig]
Epoch 3:  99%|█████████▉| 170/172 [00:30<00:00,  5.65it/s, v_num=miig]Started forward pass
Batch size for logging: 32
Sampled prior
Generated molecules

Epoch 3:  99%|█████████▉| 171/172 [00:30<00:00,  5.65it/s, v_num=miig]
Epoch 3:  99%|█████████▉| 171/172 [00:30<00:00,  5.65it/s, v_num=miig]Started forward pass
Batch size for logging: 28
Sampled prior
Generated molecules

Epoch 3: 100%|██████████| 172/172 [00:30<00:00,  5.66it/s, v_num=miig]
Epoch 3: 100%|██████████| 172/172 [00:30<00:00,  5.66it/s, v_num=miig]

Validation: |          | 0/? [00:00<?, ?it/s][A

Validation: |          | 0/? [00:00<?, ?it/s][A

Validation DataLoader 0:   0%|          | 0/16 [00:00<?, ?it/s][AStarted validation step
Started forward pass
Batch size for logging: 32
Sampled prior
Generated molecules
Computed forward pass in validation step
Reached here


Validation DataLoader 0:   6%|▋         | 1/16 [00:00<00:02,  5.64it/s][AStarted validation step
Started forward pass
Batch size for logging: 32
Sampled prior
Generated molecules
Computed forward pass in validation step
Reached here


Validation DataLoader 0:  12%|█▎        | 2/16 [00:00<00:02,  5.99it/s][AStarted validation step
Started forward pass
Batch size for logging: 32
Sampled prior
Generated molecules
Computed forward pass in validation step
Reached here


Validation DataLoader 0:  19%|█▉        | 3/16 [00:00<00:02,  6.13it/s][AStarted validation step
Started forward pass
Batch size for logging: 32
Sampled prior
Generated molecules
Computed forward pass in validation step
Reached here


Validation DataLoader 0:  25%|██▌       | 4/16 [00:00<00:01,  6.23it/s][AStarted validation step
Started forward pass
Batch size for logging: 32
Sampled prior
Generated molecules
Computed forward pass in validation step
Reached here


Validation DataLoader 0:  31%|███▏      | 5/16 [00:00<00:01,  6.29it/s][AStarted validation step
Started forward pass
Batch size for logging: 32
Sampled prior
Generated molecules
Computed forward pass in validation step
Reached here


Validation DataLoader 0:  38%|███▊      | 6/16 [00:00<00:01,  6.34it/s][AStarted validation step
Started forward pass
Batch size for logging: 32
Sampled prior
Generated molecules
Computed forward pass in validation step
Reached here


Validation DataLoader 0:  44%|████▍     | 7/16 [00:01<00:01,  6.34it/s][AStarted validation step
Started forward pass
Batch size for logging: 32
Sampled prior
Generated molecules
Computed forward pass in validation step
Reached here


Validation DataLoader 0:  50%|█████     | 8/16 [00:01<00:01,  6.36it/s][AStarted validation step
Started forward pass
Batch size for logging: 32
Sampled prior
Generated molecules
Computed forward pass in validation step
Reached here


Validation DataLoader 0:  56%|█████▋    | 9/16 [00:01<00:01,  6.40it/s][AStarted validation step
Started forward pass
Batch size for logging: 32
Sampled prior
Generated molecules
Computed forward pass in validation step
Reached here


Validation DataLoader 0:  62%|██████▎   | 10/16 [00:01<00:00,  6.42it/s][AStarted validation step
Started forward pass
Batch size for logging: 32
Sampled prior
Generated molecules
Computed forward pass in validation step
Reached here


Validation DataLoader 0:  69%|██████▉   | 11/16 [00:01<00:00,  6.44it/s][AStarted validation step
Started forward pass
Batch size for logging: 32
Sampled prior
Generated molecules
Computed forward pass in validation step
Reached here


Validation DataLoader 0:  75%|███████▌  | 12/16 [00:01<00:00,  6.46it/s][AStarted validation step
Started forward pass
Batch size for logging: 32
Sampled prior
Generated molecules
Computed forward pass in validation step
Reached here


Validation DataLoader 0:  81%|████████▏ | 13/16 [00:02<00:00,  6.48it/s][AStarted validation step
Started forward pass
Batch size for logging: 32
Sampled prior
Generated molecules
Computed forward pass in validation step
Reached here


Validation DataLoader 0:  88%|████████▊ | 14/16 [00:02<00:00,  6.50it/s][AStarted validation step
Started forward pass
Batch size for logging: 32
Sampled prior
Generated molecules
Computed forward pass in validation step
Reached here


Validation DataLoader 0:  94%|█████████▍| 15/16 [00:02<00:00,  6.51it/s][AStarted validation step
Started forward pass
Batch size for logging: 20
Sampled prior
Generated molecules
Computed forward pass in validation step
Reached here


Validation DataLoader 0: 100%|██████████| 16/16 [00:02<00:00,  6.63it/s][A

                                                                        [A
Epoch 3: 100%|██████████| 172/172 [00:34<00:00,  5.01it/s, v_num=miig]
Epoch 3: 100%|██████████| 172/172 [00:34<00:00,  5.01it/s, v_num=miig]
Epoch 3:   0%|          | 0/172 [00:00<?, ?it/s, v_num=miig]          
Epoch 4:   0%|          | 0/172 [00:00<?, ?it/s, v_num=miig]Started forward pass
Batch size for logging: 32
Sampled prior
Generated molecules

Epoch 4:   1%|          | 1/172 [00:00<00:38,  4.43it/s, v_num=miig]
Epoch 4:   1%|          | 1/172 [00:00<00:38,  4.42it/s, v_num=miig]Started forward pass
Batch size for logging: 32
Sampled prior
Generated molecules

Epoch 4:   1%|          | 2/172 [00:00<00:49,  3.46it/s, v_num=miig]
Epoch 4:   1%|          | 2/172 [00:00<00:49,  3.46it/s, v_num=miig]Started forward pass
Batch size for logging: 32
Sampled prior
Generated molecules

Epoch 4:   2%|▏         | 3/172 [00:00<00:42,  3.97it/s, v_num=miig]
Epoch 4:   2%|▏         | 3/172 [00:00<00:42,  3.97it/s, v_num=miig]Started forward pass
Batch size for logging: 32
Sampled prior
Generated molecules

Epoch 4:   2%|▏         | 4/172 [00:00<00:39,  4.30it/s, v_num=miig]
Epoch 4:   2%|▏         | 4/172 [00:00<00:39,  4.29it/s, v_num=miig]Started forward pass
Batch size for logging: 32
Sampled prior
Generated molecules

Epoch 4:   3%|▎         | 5/172 [00:01<00:36,  4.52it/s, v_num=miig]
Epoch 4:   3%|▎         | 5/172 [00:01<00:36,  4.52it/s, v_num=miig]Started forward pass
Batch size for logging: 32
Sampled prior
Generated molecules

Epoch 4:   3%|▎         | 6/172 [00:01<00:35,  4.67it/s, v_num=miig]
Epoch 4:   3%|▎         | 6/172 [00:01<00:35,  4.67it/s, v_num=miig]Started forward pass
Batch size for logging: 32
Sampled prior
Generated molecules

Epoch 4:   4%|▍         | 7/172 [00:01<00:34,  4.79it/s, v_num=miig]
Epoch 4:   4%|▍         | 7/172 [00:01<00:34,  4.79it/s, v_num=miig]Started forward pass
Batch size for logging: 32
Sampled prior
Generated molecules

Epoch 4:   5%|▍         | 8/172 [00:01<00:33,  4.89it/s, v_num=miig]
Epoch 4:   5%|▍         | 8/172 [00:01<00:33,  4.89it/s, v_num=miig]Started forward pass
Batch size for logging: 32
Sampled prior
Generated molecules

Epoch 4:   5%|▌         | 9/172 [00:01<00:32,  4.97it/s, v_num=miig]
Epoch 4:   5%|▌         | 9/172 [00:01<00:32,  4.97it/s, v_num=miig]Started forward pass
Batch size for logging: 32
Sampled prior
Generated molecules

Epoch 4:   6%|▌         | 10/172 [00:01<00:32,  5.04it/s, v_num=miig]
Epoch 4:   6%|▌         | 10/172 [00:01<00:32,  5.03it/s, v_num=miig]Started forward pass
Batch size for logging: 32
Sampled prior
Generated molecules

Epoch 4:   6%|▋         | 11/172 [00:02<00:31,  5.09it/s, v_num=miig]
Epoch 4:   6%|▋         | 11/172 [00:02<00:31,  5.09it/s, v_num=miig]Started forward pass
Batch size for logging: 32
Sampled prior
Generated molecules

Epoch 4:   7%|▋         | 12/172 [00:02<00:31,  5.14it/s, v_num=miig]
Epoch 4:   7%|▋         | 12/172 [00:02<00:31,  5.14it/s, v_num=miig]Started forward pass
Batch size for logging: 32
Sampled prior
Generated molecules

Epoch 4:   8%|▊         | 13/172 [00:02<00:30,  5.16it/s, v_num=miig]
Epoch 4:   8%|▊         | 13/172 [00:02<00:30,  5.16it/s, v_num=miig]Started forward pass
Batch size for logging: 32
Sampled prior
Generated molecules

Epoch 4:   8%|▊         | 14/172 [00:02<00:30,  5.20it/s, v_num=miig]
Epoch 4:   8%|▊         | 14/172 [00:02<00:30,  5.20it/s, v_num=miig]Started forward pass
Batch size for logging: 32
Sampled prior
Generated molecules

Epoch 4:   9%|▊         | 15/172 [00:02<00:30,  5.23it/s, v_num=miig]
Epoch 4:   9%|▊         | 15/172 [00:02<00:30,  5.23it/s, v_num=miig]Started forward pass
Batch size for logging: 32
Sampled prior
Generated molecules

Epoch 4:   9%|▉         | 16/172 [00:03<00:29,  5.26it/s, v_num=miig]
Epoch 4:   9%|▉         | 16/172 [00:03<00:29,  5.26it/s, v_num=miig]Started forward pass
Batch size for logging: 32
Sampled prior
Generated molecules

Epoch 4:  10%|▉         | 17/172 [00:03<00:29,  5.28it/s, v_num=miig]
Epoch 4:  10%|▉         | 17/172 [00:03<00:29,  5.28it/s, v_num=miig]Started forward pass
Batch size for logging: 32
Sampled prior
Generated molecules

Epoch 4:  10%|█         | 18/172 [00:03<00:29,  5.30it/s, v_num=miig]
Epoch 4:  10%|█         | 18/172 [00:03<00:29,  5.30it/s, v_num=miig]Started forward pass
Batch size for logging: 32
Sampled prior
Generated molecules

Epoch 4:  11%|█         | 19/172 [00:03<00:28,  5.32it/s, v_num=miig]
Epoch 4:  11%|█         | 19/172 [00:03<00:28,  5.32it/s, v_num=miig]Started forward pass
Batch size for logging: 32
Sampled prior
Generated molecules

Epoch 4:  12%|█▏        | 20/172 [00:03<00:28,  5.34it/s, v_num=miig]
Epoch 4:  12%|█▏        | 20/172 [00:03<00:28,  5.34it/s, v_num=miig]Started forward pass
Batch size for logging: 32
Sampled prior
Generated molecules

Epoch 4:  12%|█▏        | 21/172 [00:03<00:28,  5.36it/s, v_num=miig]
Epoch 4:  12%|█▏        | 21/172 [00:03<00:28,  5.36it/s, v_num=miig]Started forward pass
Batch size for logging: 32
Sampled prior
Generated molecules

Epoch 4:  13%|█▎        | 22/172 [00:04<00:27,  5.37it/s, v_num=miig]
Epoch 4:  13%|█▎        | 22/172 [00:04<00:27,  5.37it/s, v_num=miig]Started forward pass
Batch size for logging: 32
Sampled prior
Generated molecules

Epoch 4:  13%|█▎        | 23/172 [00:04<00:27,  5.38it/s, v_num=miig]
Epoch 4:  13%|█▎        | 23/172 [00:04<00:27,  5.38it/s, v_num=miig]Started forward pass
Batch size for logging: 32
Sampled prior
Generated molecules

Epoch 4:  14%|█▍        | 24/172 [00:04<00:27,  5.40it/s, v_num=miig]
Epoch 4:  14%|█▍        | 24/172 [00:04<00:27,  5.40it/s, v_num=miig]Started forward pass
Batch size for logging: 32
Sampled prior
Generated molecules

Epoch 4:  15%|█▍        | 25/172 [00:04<00:27,  5.41it/s, v_num=miig]
Epoch 4:  15%|█▍        | 25/172 [00:04<00:27,  5.41it/s, v_num=miig]Started forward pass
Batch size for logging: 32
Sampled prior
Generated molecules

Epoch 4:  15%|█▌        | 26/172 [00:04<00:26,  5.42it/s, v_num=miig]
Epoch 4:  15%|█▌        | 26/172 [00:04<00:26,  5.41it/s, v_num=miig]Started forward pass
Batch size for logging: 32
Sampled prior
Generated molecules

Epoch 4:  16%|█▌        | 27/172 [00:04<00:26,  5.43it/s, v_num=miig]
Epoch 4:  16%|█▌        | 27/172 [00:04<00:26,  5.43it/s, v_num=miig]Started forward pass
Batch size for logging: 32
Sampled prior
Generated molecules

Epoch 4:  16%|█▋        | 28/172 [00:05<00:26,  5.44it/s, v_num=miig]
Epoch 4:  16%|█▋        | 28/172 [00:05<00:26,  5.44it/s, v_num=miig]Started forward pass
Batch size for logging: 32
Sampled prior
Generated molecules

Epoch 4:  17%|█▋        | 29/172 [00:05<00:26,  5.45it/s, v_num=miig]
Epoch 4:  17%|█▋        | 29/172 [00:05<00:26,  5.44it/s, v_num=miig]Started forward pass
Batch size for logging: 32
Sampled prior
Generated molecules

Epoch 4:  17%|█▋        | 30/172 [00:05<00:26,  5.45it/s, v_num=miig]
Epoch 4:  17%|█▋        | 30/172 [00:05<00:26,  5.45it/s, v_num=miig]Started forward pass
Batch size for logging: 32
Sampled prior
Generated molecules

Epoch 4:  18%|█▊        | 31/172 [00:05<00:25,  5.46it/s, v_num=miig]
Epoch 4:  18%|█▊        | 31/172 [00:05<00:25,  5.46it/s, v_num=miig]Started forward pass
Batch size for logging: 32
Sampled prior
Generated molecules

Epoch 4:  19%|█▊        | 32/172 [00:05<00:25,  5.47it/s, v_num=miig]
Epoch 4:  19%|█▊        | 32/172 [00:05<00:25,  5.47it/s, v_num=miig]Started forward pass
Batch size for logging: 32
Sampled prior
Generated molecules

Epoch 4:  19%|█▉        | 33/172 [00:06<00:25,  5.47it/s, v_num=miig]
Epoch 4:  19%|█▉        | 33/172 [00:06<00:25,  5.47it/s, v_num=miig]Started forward pass
Batch size for logging: 32
Sampled prior
Generated molecules

Epoch 4:  20%|█▉        | 34/172 [00:06<00:25,  5.48it/s, v_num=miig]
Epoch 4:  20%|█▉        | 34/172 [00:06<00:25,  5.48it/s, v_num=miig]Started forward pass
Batch size for logging: 32
Sampled prior
Generated molecules

Epoch 4:  20%|██        | 35/172 [00:06<00:24,  5.48it/s, v_num=miig]
Epoch 4:  20%|██        | 35/172 [00:06<00:24,  5.48it/s, v_num=miig]Started forward pass
Batch size for logging: 32
Sampled prior
Generated molecules

Epoch 4:  21%|██        | 36/172 [00:06<00:24,  5.49it/s, v_num=miig]
Epoch 4:  21%|██        | 36/172 [00:06<00:24,  5.49it/s, v_num=miig]Started forward pass
Batch size for logging: 32
Sampled prior
Generated molecules

Epoch 4:  22%|██▏       | 37/172 [00:06<00:24,  5.49it/s, v_num=miig]
Epoch 4:  22%|██▏       | 37/172 [00:06<00:24,  5.49it/s, v_num=miig]Started forward pass
Batch size for logging: 32
Sampled prior
Generated molecules

Epoch 4:  22%|██▏       | 38/172 [00:06<00:24,  5.50it/s, v_num=miig]
Epoch 4:  22%|██▏       | 38/172 [00:06<00:24,  5.50it/s, v_num=miig]Started forward pass
Batch size for logging: 32
Sampled prior
Generated molecules

Epoch 4:  23%|██▎       | 39/172 [00:07<00:24,  5.50it/s, v_num=miig]
Epoch 4:  23%|██▎       | 39/172 [00:07<00:24,  5.50it/s, v_num=miig]Started forward pass
Batch size for logging: 32
Sampled prior
Generated molecules

Epoch 4:  23%|██▎       | 40/172 [00:07<00:23,  5.51it/s, v_num=miig]
Epoch 4:  23%|██▎       | 40/172 [00:07<00:23,  5.50it/s, v_num=miig]Started forward pass
Batch size for logging: 32
Sampled prior
Generated molecules

Epoch 4:  24%|██▍       | 41/172 [00:07<00:23,  5.51it/s, v_num=miig]
Epoch 4:  24%|██▍       | 41/172 [00:07<00:23,  5.51it/s, v_num=miig]Started forward pass
Batch size for logging: 32
Sampled prior
Generated molecules

Epoch 4:  24%|██▍       | 42/172 [00:07<00:23,  5.51it/s, v_num=miig]
Epoch 4:  24%|██▍       | 42/172 [00:07<00:23,  5.51it/s, v_num=miig]Started forward pass
Batch size for logging: 32
Sampled prior
Generated molecules

Epoch 4:  25%|██▌       | 43/172 [00:07<00:23,  5.52it/s, v_num=miig]
Epoch 4:  25%|██▌       | 43/172 [00:07<00:23,  5.52it/s, v_num=miig]Started forward pass
Batch size for logging: 32
Sampled prior
Generated molecules

Epoch 4:  26%|██▌       | 44/172 [00:07<00:23,  5.52it/s, v_num=miig]
Epoch 4:  26%|██▌       | 44/172 [00:07<00:23,  5.52it/s, v_num=miig]Started forward pass
Batch size for logging: 32
Sampled prior
Generated molecules

Epoch 4:  26%|██▌       | 45/172 [00:08<00:22,  5.52it/s, v_num=miig]
Epoch 4:  26%|██▌       | 45/172 [00:08<00:22,  5.52it/s, v_num=miig]Started forward pass
Batch size for logging: 32
Sampled prior
Generated molecules

Epoch 4:  27%|██▋       | 46/172 [00:08<00:22,  5.53it/s, v_num=miig]
Epoch 4:  27%|██▋       | 46/172 [00:08<00:22,  5.53it/s, v_num=miig]Started forward pass
Batch size for logging: 32
Sampled prior
Generated molecules

Epoch 4:  27%|██▋       | 47/172 [00:08<00:22,  5.53it/s, v_num=miig]
Epoch 4:  27%|██▋       | 47/172 [00:08<00:22,  5.53it/s, v_num=miig]Started forward pass
Batch size for logging: 32
Sampled prior
Generated molecules

Epoch 4:  28%|██▊       | 48/172 [00:08<00:22,  5.53it/s, v_num=miig]
Epoch 4:  28%|██▊       | 48/172 [00:08<00:22,  5.53it/s, v_num=miig]Started forward pass
Batch size for logging: 32
Sampled prior
Generated molecules

Epoch 4:  28%|██▊       | 49/172 [00:08<00:22,  5.54it/s, v_num=miig]
Epoch 4:  28%|██▊       | 49/172 [00:08<00:22,  5.54it/s, v_num=miig]Started forward pass
Batch size for logging: 32
Sampled prior
Generated molecules

Epoch 4:  29%|██▉       | 50/172 [00:09<00:22,  5.54it/s, v_num=miig]
Epoch 4:  29%|██▉       | 50/172 [00:09<00:22,  5.54it/s, v_num=miig]Started forward pass
Batch size for logging: 32
Sampled prior
Generated molecules

Epoch 4:  30%|██▉       | 51/172 [00:09<00:21,  5.54it/s, v_num=miig]
Epoch 4:  30%|██▉       | 51/172 [00:09<00:21,  5.54it/s, v_num=miig]Started forward pass
Batch size for logging: 32
Sampled prior
Generated molecules

Epoch 4:  30%|███       | 52/172 [00:09<00:21,  5.55it/s, v_num=miig]
Epoch 4:  30%|███       | 52/172 [00:09<00:21,  5.55it/s, v_num=miig]Started forward pass
Batch size for logging: 32
Sampled prior
Generated molecules

Epoch 4:  31%|███       | 53/172 [00:09<00:21,  5.55it/s, v_num=miig]
Epoch 4:  31%|███       | 53/172 [00:09<00:21,  5.55it/s, v_num=miig]Started forward pass
Batch size for logging: 32
Sampled prior
Generated molecules

Epoch 4:  31%|███▏      | 54/172 [00:09<00:21,  5.55it/s, v_num=miig]
Epoch 4:  31%|███▏      | 54/172 [00:09<00:21,  5.55it/s, v_num=miig]Started forward pass
Batch size for logging: 32
Sampled prior
Generated molecules

Epoch 4:  32%|███▏      | 55/172 [00:09<00:21,  5.55it/s, v_num=miig]
Epoch 4:  32%|███▏      | 55/172 [00:09<00:21,  5.55it/s, v_num=miig]Started forward pass
Batch size for logging: 32
Sampled prior
Generated molecules

Epoch 4:  33%|███▎      | 56/172 [00:10<00:20,  5.56it/s, v_num=miig]
Epoch 4:  33%|███▎      | 56/172 [00:10<00:20,  5.56it/s, v_num=miig]Started forward pass
Batch size for logging: 32
Sampled prior
Generated molecules

Epoch 4:  33%|███▎      | 57/172 [00:10<00:20,  5.56it/s, v_num=miig]
Epoch 4:  33%|███▎      | 57/172 [00:10<00:20,  5.56it/s, v_num=miig]Started forward pass
Batch size for logging: 32
Sampled prior
Generated molecules

Epoch 4:  34%|███▎      | 58/172 [00:10<00:20,  5.56it/s, v_num=miig]
Epoch 4:  34%|███▎      | 58/172 [00:10<00:20,  5.56it/s, v_num=miig]Started forward pass
Batch size for logging: 32
Sampled prior
Generated molecules

Epoch 4:  34%|███▍      | 59/172 [00:10<00:20,  5.56it/s, v_num=miig]
Epoch 4:  34%|███▍      | 59/172 [00:10<00:20,  5.56it/s, v_num=miig]Started forward pass
Batch size for logging: 32
Sampled prior
Generated molecules

Epoch 4:  35%|███▍      | 60/172 [00:10<00:20,  5.57it/s, v_num=miig]
Epoch 4:  35%|███▍      | 60/172 [00:10<00:20,  5.57it/s, v_num=miig]Started forward pass
Batch size for logging: 32
Sampled prior
Generated molecules

Epoch 4:  35%|███▌      | 61/172 [00:10<00:19,  5.57it/s, v_num=miig]
Epoch 4:  35%|███▌      | 61/172 [00:10<00:19,  5.57it/s, v_num=miig]Started forward pass
Batch size for logging: 32
Sampled prior
Generated molecules

Epoch 4:  36%|███▌      | 62/172 [00:11<00:19,  5.57it/s, v_num=miig]
Epoch 4:  36%|███▌      | 62/172 [00:11<00:19,  5.57it/s, v_num=miig]Started forward pass
Batch size for logging: 32
Sampled prior
Generated molecules

Epoch 4:  37%|███▋      | 63/172 [00:11<00:19,  5.57it/s, v_num=miig]
Epoch 4:  37%|███▋      | 63/172 [00:11<00:19,  5.57it/s, v_num=miig]Started forward pass
Batch size for logging: 32
Sampled prior
Generated molecules

Epoch 4:  37%|███▋      | 64/172 [00:11<00:19,  5.57it/s, v_num=miig]
Epoch 4:  37%|███▋      | 64/172 [00:11<00:19,  5.57it/s, v_num=miig]Started forward pass
Batch size for logging: 32
Sampled prior
Generated molecules

Epoch 4:  38%|███▊      | 65/172 [00:11<00:19,  5.57it/s, v_num=miig]
Epoch 4:  38%|███▊      | 65/172 [00:11<00:19,  5.57it/s, v_num=miig]Started forward pass
Batch size for logging: 32
Sampled prior
Generated molecules

Epoch 4:  38%|███▊      | 66/172 [00:11<00:19,  5.58it/s, v_num=miig]
Epoch 4:  38%|███▊      | 66/172 [00:11<00:19,  5.58it/s, v_num=miig]Started forward pass
Batch size for logging: 32
Sampled prior
Generated molecules

Epoch 4:  39%|███▉      | 67/172 [00:12<00:18,  5.58it/s, v_num=miig]
Epoch 4:  39%|███▉      | 67/172 [00:12<00:18,  5.58it/s, v_num=miig]Started forward pass
Batch size for logging: 32
Sampled prior
Generated molecules

Epoch 4:  40%|███▉      | 68/172 [00:12<00:18,  5.58it/s, v_num=miig]
Epoch 4:  40%|███▉      | 68/172 [00:12<00:18,  5.58it/s, v_num=miig]Started forward pass
Batch size for logging: 32
Sampled prior
Generated molecules

Epoch 4:  40%|████      | 69/172 [00:12<00:18,  5.58it/s, v_num=miig]
Epoch 4:  40%|████      | 69/172 [00:12<00:18,  5.58it/s, v_num=miig]Started forward pass
Batch size for logging: 32
Sampled prior
Generated molecules

Epoch 4:  41%|████      | 70/172 [00:12<00:18,  5.58it/s, v_num=miig]
Epoch 4:  41%|████      | 70/172 [00:12<00:18,  5.58it/s, v_num=miig]Started forward pass
Batch size for logging: 32
Sampled prior
Generated molecules

Epoch 4:  41%|████▏     | 71/172 [00:12<00:18,  5.59it/s, v_num=miig]
Epoch 4:  41%|████▏     | 71/172 [00:12<00:18,  5.59it/s, v_num=miig]Started forward pass
Batch size for logging: 32
Sampled prior
Generated molecules

Epoch 4:  42%|████▏     | 72/172 [00:12<00:17,  5.59it/s, v_num=miig]
Epoch 4:  42%|████▏     | 72/172 [00:12<00:17,  5.59it/s, v_num=miig]Started forward pass
Batch size for logging: 32
Sampled prior
Generated molecules

Epoch 4:  42%|████▏     | 73/172 [00:13<00:17,  5.59it/s, v_num=miig]
Epoch 4:  42%|████▏     | 73/172 [00:13<00:17,  5.59it/s, v_num=miig]Started forward pass
Batch size for logging: 32
Sampled prior
Generated molecules

Epoch 4:  43%|████▎     | 74/172 [00:13<00:17,  5.59it/s, v_num=miig]
Epoch 4:  43%|████▎     | 74/172 [00:13<00:17,  5.59it/s, v_num=miig]Started forward pass
Batch size for logging: 32
Sampled prior
Generated molecules

Epoch 4:  44%|████▎     | 75/172 [00:13<00:17,  5.59it/s, v_num=miig]
Epoch 4:  44%|████▎     | 75/172 [00:13<00:17,  5.59it/s, v_num=miig]Started forward pass
Batch size for logging: 32
Sampled prior
Generated molecules

Epoch 4:  44%|████▍     | 76/172 [00:13<00:17,  5.59it/s, v_num=miig]
Epoch 4:  44%|████▍     | 76/172 [00:13<00:17,  5.59it/s, v_num=miig]Started forward pass
Batch size for logging: 32
Sampled prior
Generated molecules

Epoch 4:  45%|████▍     | 77/172 [00:13<00:16,  5.59it/s, v_num=miig]
Epoch 4:  45%|████▍     | 77/172 [00:13<00:16,  5.59it/s, v_num=miig]Started forward pass
Batch size for logging: 32
Sampled prior
Generated molecules

Epoch 4:  45%|████▌     | 78/172 [00:13<00:16,  5.60it/s, v_num=miig]
Epoch 4:  45%|████▌     | 78/172 [00:13<00:16,  5.60it/s, v_num=miig]Started forward pass
Batch size for logging: 32
Sampled prior
Generated molecules

Epoch 4:  46%|████▌     | 79/172 [00:14<00:16,  5.60it/s, v_num=miig]
Epoch 4:  46%|████▌     | 79/172 [00:14<00:16,  5.60it/s, v_num=miig]Started forward pass
Batch size for logging: 32
Sampled prior
Generated molecules

Epoch 4:  47%|████▋     | 80/172 [00:14<00:16,  5.60it/s, v_num=miig]
Epoch 4:  47%|████▋     | 80/172 [00:14<00:16,  5.60it/s, v_num=miig]Started forward pass
Batch size for logging: 32
Sampled prior
Generated molecules

Epoch 4:  47%|████▋     | 81/172 [00:14<00:16,  5.60it/s, v_num=miig]
Epoch 4:  47%|████▋     | 81/172 [00:14<00:16,  5.60it/s, v_num=miig]Started forward pass
Batch size for logging: 32
Sampled prior
Generated molecules

Epoch 4:  48%|████▊     | 82/172 [00:14<00:16,  5.60it/s, v_num=miig]
Epoch 4:  48%|████▊     | 82/172 [00:14<00:16,  5.60it/s, v_num=miig]Started forward pass
Batch size for logging: 32
Sampled prior
Generated molecules

Epoch 4:  48%|████▊     | 83/172 [00:14<00:15,  5.60it/s, v_num=miig]
Epoch 4:  48%|████▊     | 83/172 [00:14<00:15,  5.60it/s, v_num=miig]Started forward pass
Batch size for logging: 32
Sampled prior
Generated molecules

Epoch 4:  49%|████▉     | 84/172 [00:14<00:15,  5.60it/s, v_num=miig]
Epoch 4:  49%|████▉     | 84/172 [00:14<00:15,  5.60it/s, v_num=miig]Started forward pass
Batch size for logging: 32
Sampled prior
Generated molecules

Epoch 4:  49%|████▉     | 85/172 [00:15<00:15,  5.60it/s, v_num=miig]
Epoch 4:  49%|████▉     | 85/172 [00:15<00:15,  5.60it/s, v_num=miig]Started forward pass
Batch size for logging: 32
Sampled prior
Generated molecules

Epoch 4:  50%|█████     | 86/172 [00:15<00:15,  5.60it/s, v_num=miig]
Epoch 4:  50%|█████     | 86/172 [00:15<00:15,  5.60it/s, v_num=miig]Started forward pass
Batch size for logging: 32
Sampled prior
Generated molecules

Epoch 4:  51%|█████     | 87/172 [00:15<00:15,  5.60it/s, v_num=miig]
Epoch 4:  51%|█████     | 87/172 [00:15<00:15,  5.60it/s, v_num=miig]Started forward pass
Batch size for logging: 32
Sampled prior
Generated molecules

Epoch 4:  51%|█████     | 88/172 [00:15<00:14,  5.60it/s, v_num=miig]
Epoch 4:  51%|█████     | 88/172 [00:15<00:14,  5.60it/s, v_num=miig]Started forward pass
Batch size for logging: 32
Sampled prior
Generated molecules

Epoch 4:  52%|█████▏    | 89/172 [00:15<00:14,  5.61it/s, v_num=miig]
Epoch 4:  52%|█████▏    | 89/172 [00:15<00:14,  5.61it/s, v_num=miig]Started forward pass
Batch size for logging: 32
Sampled prior
Generated molecules

Epoch 4:  52%|█████▏    | 90/172 [00:16<00:14,  5.61it/s, v_num=miig]
Epoch 4:  52%|█████▏    | 90/172 [00:16<00:14,  5.61it/s, v_num=miig]Started forward pass
Batch size for logging: 32
Sampled prior
Generated molecules

Epoch 4:  53%|█████▎    | 91/172 [00:16<00:14,  5.61it/s, v_num=miig]
Epoch 4:  53%|█████▎    | 91/172 [00:16<00:14,  5.61it/s, v_num=miig]Started forward pass
Batch size for logging: 32
Sampled prior
Generated molecules

Epoch 4:  53%|█████▎    | 92/172 [00:16<00:14,  5.61it/s, v_num=miig]
Epoch 4:  53%|█████▎    | 92/172 [00:16<00:14,  5.61it/s, v_num=miig]Started forward pass
Batch size for logging: 32
Sampled prior
Generated molecules

Epoch 4:  54%|█████▍    | 93/172 [00:16<00:14,  5.61it/s, v_num=miig]
Epoch 4:  54%|█████▍    | 93/172 [00:16<00:14,  5.61it/s, v_num=miig]Started forward pass
Batch size for logging: 32
Sampled prior
Generated molecules

Epoch 4:  55%|█████▍    | 94/172 [00:16<00:13,  5.61it/s, v_num=miig]
Epoch 4:  55%|█████▍    | 94/172 [00:16<00:13,  5.61it/s, v_num=miig]Started forward pass
Batch size for logging: 32
Sampled prior
Generated molecules

Epoch 4:  55%|█████▌    | 95/172 [00:16<00:13,  5.61it/s, v_num=miig]
Epoch 4:  55%|█████▌    | 95/172 [00:16<00:13,  5.61it/s, v_num=miig]Started forward pass
Batch size for logging: 32
Sampled prior
Generated molecules

Epoch 4:  56%|█████▌    | 96/172 [00:17<00:13,  5.61it/s, v_num=miig]
Epoch 4:  56%|█████▌    | 96/172 [00:17<00:13,  5.61it/s, v_num=miig]Started forward pass
Batch size for logging: 32
Sampled prior
Generated molecules

Epoch 4:  56%|█████▋    | 97/172 [00:17<00:13,  5.61it/s, v_num=miig]
Epoch 4:  56%|█████▋    | 97/172 [00:17<00:13,  5.61it/s, v_num=miig]Started forward pass
Batch size for logging: 32
Sampled prior
Generated molecules

Epoch 4:  57%|█████▋    | 98/172 [00:17<00:13,  5.61it/s, v_num=miig]
Epoch 4:  57%|█████▋    | 98/172 [00:17<00:13,  5.61it/s, v_num=miig]Started forward pass
Batch size for logging: 32
Sampled prior
Generated molecules

Epoch 4:  58%|█████▊    | 99/172 [00:17<00:13,  5.61it/s, v_num=miig]
Epoch 4:  58%|█████▊    | 99/172 [00:17<00:13,  5.61it/s, v_num=miig]Started forward pass
Batch size for logging: 32
Sampled prior
Generated molecules

Epoch 4:  58%|█████▊    | 100/172 [00:17<00:12,  5.61it/s, v_num=miig]
Epoch 4:  58%|█████▊    | 100/172 [00:17<00:12,  5.61it/s, v_num=miig]Started forward pass
Batch size for logging: 32
Sampled prior
Generated molecules

Epoch 4:  59%|█████▊    | 101/172 [00:17<00:12,  5.61it/s, v_num=miig]
Epoch 4:  59%|█████▊    | 101/172 [00:17<00:12,  5.61it/s, v_num=miig]Started forward pass
Batch size for logging: 32
Sampled prior
Generated molecules

Epoch 4:  59%|█████▉    | 102/172 [00:18<00:12,  5.61it/s, v_num=miig]
Epoch 4:  59%|█████▉    | 102/172 [00:18<00:12,  5.61it/s, v_num=miig]Started forward pass
Batch size for logging: 32
Sampled prior
Generated molecules

Epoch 4:  60%|█████▉    | 103/172 [00:18<00:12,  5.61it/s, v_num=miig]
Epoch 4:  60%|█████▉    | 103/172 [00:18<00:12,  5.61it/s, v_num=miig]Started forward pass
Batch size for logging: 32
Sampled prior
Generated molecules

Epoch 4:  60%|██████    | 104/172 [00:18<00:12,  5.62it/s, v_num=miig]
Epoch 4:  60%|██████    | 104/172 [00:18<00:12,  5.61it/s, v_num=miig]Started forward pass
Batch size for logging: 32
Sampled prior
Generated molecules

Epoch 4:  61%|██████    | 105/172 [00:18<00:11,  5.62it/s, v_num=miig]
Epoch 4:  61%|██████    | 105/172 [00:18<00:11,  5.62it/s, v_num=miig]Started forward pass
Batch size for logging: 32
Sampled prior
Generated molecules

Epoch 4:  62%|██████▏   | 106/172 [00:18<00:11,  5.62it/s, v_num=miig]
Epoch 4:  62%|██████▏   | 106/172 [00:18<00:11,  5.62it/s, v_num=miig]Started forward pass
Batch size for logging: 32
Sampled prior
Generated molecules

Epoch 4:  62%|██████▏   | 107/172 [00:19<00:11,  5.62it/s, v_num=miig]
Epoch 4:  62%|██████▏   | 107/172 [00:19<00:11,  5.62it/s, v_num=miig]Started forward pass
Batch size for logging: 32
Sampled prior
Generated molecules

Epoch 4:  63%|██████▎   | 108/172 [00:19<00:11,  5.62it/s, v_num=miig]
Epoch 4:  63%|██████▎   | 108/172 [00:19<00:11,  5.62it/s, v_num=miig]Started forward pass
Batch size for logging: 32
Sampled prior
Generated molecules

Epoch 4:  63%|██████▎   | 109/172 [00:19<00:11,  5.62it/s, v_num=miig]
Epoch 4:  63%|██████▎   | 109/172 [00:19<00:11,  5.62it/s, v_num=miig]Started forward pass
Batch size for logging: 32
Sampled prior
Generated molecules

Epoch 4:  64%|██████▍   | 110/172 [00:19<00:11,  5.62it/s, v_num=miig]
Epoch 4:  64%|██████▍   | 110/172 [00:19<00:11,  5.62it/s, v_num=miig]Started forward pass
Batch size for logging: 32
Sampled prior
Generated molecules

Epoch 4:  65%|██████▍   | 111/172 [00:19<00:10,  5.62it/s, v_num=miig]
Epoch 4:  65%|██████▍   | 111/172 [00:19<00:10,  5.62it/s, v_num=miig]Started forward pass
Batch size for logging: 32
Sampled prior
Generated molecules

Epoch 4:  65%|██████▌   | 112/172 [00:19<00:10,  5.62it/s, v_num=miig]
Epoch 4:  65%|██████▌   | 112/172 [00:19<00:10,  5.62it/s, v_num=miig]Started forward pass
Batch size for logging: 32
Sampled prior
Generated molecules

Epoch 4:  66%|██████▌   | 113/172 [00:20<00:10,  5.62it/s, v_num=miig]
Epoch 4:  66%|██████▌   | 113/172 [00:20<00:10,  5.62it/s, v_num=miig]Started forward pass
Batch size for logging: 32
Sampled prior
Generated molecules

Epoch 4:  66%|██████▋   | 114/172 [00:20<00:10,  5.62it/s, v_num=miig]
Epoch 4:  66%|██████▋   | 114/172 [00:20<00:10,  5.62it/s, v_num=miig]Started forward pass
Batch size for logging: 32
Sampled prior
Generated molecules

Epoch 4:  67%|██████▋   | 115/172 [00:20<00:10,  5.62it/s, v_num=miig]
Epoch 4:  67%|██████▋   | 115/172 [00:20<00:10,  5.62it/s, v_num=miig]Started forward pass
Batch size for logging: 32
Sampled prior
Generated molecules

Epoch 4:  67%|██████▋   | 116/172 [00:20<00:09,  5.62it/s, v_num=miig]
Epoch 4:  67%|██████▋   | 116/172 [00:20<00:09,  5.62it/s, v_num=miig]Started forward pass
Batch size for logging: 32
Sampled prior
Generated molecules

Epoch 4:  68%|██████▊   | 117/172 [00:20<00:09,  5.62it/s, v_num=miig]
Epoch 4:  68%|██████▊   | 117/172 [00:20<00:09,  5.62it/s, v_num=miig]Started forward pass
Batch size for logging: 32
Sampled prior
Generated molecules

Epoch 4:  69%|██████▊   | 118/172 [00:20<00:09,  5.62it/s, v_num=miig]
Epoch 4:  69%|██████▊   | 118/172 [00:20<00:09,  5.62it/s, v_num=miig]Started forward pass
Batch size for logging: 32
Sampled prior
Generated molecules

Epoch 4:  69%|██████▉   | 119/172 [00:21<00:09,  5.62it/s, v_num=miig]
Epoch 4:  69%|██████▉   | 119/172 [00:21<00:09,  5.62it/s, v_num=miig]Started forward pass
Batch size for logging: 32
Sampled prior
Generated molecules

Epoch 4:  70%|██████▉   | 120/172 [00:21<00:09,  5.63it/s, v_num=miig]
Epoch 4:  70%|██████▉   | 120/172 [00:21<00:09,  5.62it/s, v_num=miig]Started forward pass
Batch size for logging: 32
Sampled prior
Generated molecules

Epoch 4:  70%|███████   | 121/172 [00:21<00:09,  5.63it/s, v_num=miig]
Epoch 4:  70%|███████   | 121/172 [00:21<00:09,  5.63it/s, v_num=miig]Started forward pass
Batch size for logging: 32
Sampled prior
Generated molecules

Epoch 4:  71%|███████   | 122/172 [00:21<00:08,  5.63it/s, v_num=miig]
Epoch 4:  71%|███████   | 122/172 [00:21<00:08,  5.63it/s, v_num=miig]Started forward pass
Batch size for logging: 32
Sampled prior
Generated molecules

Epoch 4:  72%|███████▏  | 123/172 [00:21<00:08,  5.63it/s, v_num=miig]
Epoch 4:  72%|███████▏  | 123/172 [00:21<00:08,  5.63it/s, v_num=miig]Started forward pass
Batch size for logging: 32
Sampled prior
Generated molecules

Epoch 4:  72%|███████▏  | 124/172 [00:22<00:08,  5.63it/s, v_num=miig]
Epoch 4:  72%|███████▏  | 124/172 [00:22<00:08,  5.63it/s, v_num=miig]Started forward pass
Batch size for logging: 32
Sampled prior
Generated molecules

Epoch 4:  73%|███████▎  | 125/172 [00:22<00:08,  5.63it/s, v_num=miig]
Epoch 4:  73%|███████▎  | 125/172 [00:22<00:08,  5.63it/s, v_num=miig]Started forward pass
Batch size for logging: 32
Sampled prior
Generated molecules

Epoch 4:  73%|███████▎  | 126/172 [00:22<00:08,  5.63it/s, v_num=miig]
Epoch 4:  73%|███████▎  | 126/172 [00:22<00:08,  5.63it/s, v_num=miig]Started forward pass
Batch size for logging: 32
Sampled prior
Generated molecules

Epoch 4:  74%|███████▍  | 127/172 [00:22<00:07,  5.63it/s, v_num=miig]
Epoch 4:  74%|███████▍  | 127/172 [00:22<00:07,  5.63it/s, v_num=miig]Started forward pass
Batch size for logging: 32
Sampled prior
Generated molecules

Epoch 4:  74%|███████▍  | 128/172 [00:22<00:07,  5.63it/s, v_num=miig]
Epoch 4:  74%|███████▍  | 128/172 [00:22<00:07,  5.63it/s, v_num=miig]Started forward pass
Batch size for logging: 32
Sampled prior
Generated molecules

Epoch 4:  75%|███████▌  | 129/172 [00:22<00:07,  5.63it/s, v_num=miig]
Epoch 4:  75%|███████▌  | 129/172 [00:22<00:07,  5.63it/s, v_num=miig]Started forward pass
Batch size for logging: 32
Sampled prior
Generated molecules

Epoch 4:  76%|███████▌  | 130/172 [00:23<00:07,  5.63it/s, v_num=miig]
Epoch 4:  76%|███████▌  | 130/172 [00:23<00:07,  5.63it/s, v_num=miig]Started forward pass
Batch size for logging: 32
Sampled prior
Generated molecules

Epoch 4:  76%|███████▌  | 131/172 [00:23<00:07,  5.63it/s, v_num=miig]
Epoch 4:  76%|███████▌  | 131/172 [00:23<00:07,  5.63it/s, v_num=miig]Started forward pass
Batch size for logging: 32
Sampled prior
Generated molecules

Epoch 4:  77%|███████▋  | 132/172 [00:23<00:07,  5.63it/s, v_num=miig]
Epoch 4:  77%|███████▋  | 132/172 [00:23<00:07,  5.63it/s, v_num=miig]Started forward pass
Batch size for logging: 32
Sampled prior
Generated molecules

Epoch 4:  77%|███████▋  | 133/172 [00:23<00:06,  5.63it/s, v_num=miig]
Epoch 4:  77%|███████▋  | 133/172 [00:23<00:06,  5.63it/s, v_num=miig]Started forward pass
Batch size for logging: 32
Sampled prior
Generated molecules

Epoch 4:  78%|███████▊  | 134/172 [00:23<00:06,  5.63it/s, v_num=miig]
Epoch 4:  78%|███████▊  | 134/172 [00:23<00:06,  5.63it/s, v_num=miig]Started forward pass
Batch size for logging: 32
Sampled prior
Generated molecules

Epoch 4:  78%|███████▊  | 135/172 [00:23<00:06,  5.63it/s, v_num=miig]
Epoch 4:  78%|███████▊  | 135/172 [00:23<00:06,  5.63it/s, v_num=miig]Started forward pass
Batch size for logging: 32
Sampled prior
Generated molecules

Epoch 4:  79%|███████▉  | 136/172 [00:24<00:06,  5.63it/s, v_num=miig]
Epoch 4:  79%|███████▉  | 136/172 [00:24<00:06,  5.63it/s, v_num=miig]Started forward pass
Batch size for logging: 32
Sampled prior
Generated molecules

Epoch 4:  80%|███████▉  | 137/172 [00:24<00:06,  5.63it/s, v_num=miig]
Epoch 4:  80%|███████▉  | 137/172 [00:24<00:06,  5.63it/s, v_num=miig]Started forward pass
Batch size for logging: 32
Sampled prior
Generated molecules

Epoch 4:  80%|████████  | 138/172 [00:24<00:06,  5.63it/s, v_num=miig]
Epoch 4:  80%|████████  | 138/172 [00:24<00:06,  5.63it/s, v_num=miig]Started forward pass
Batch size for logging: 32
Sampled prior
Generated molecules

Epoch 4:  81%|████████  | 139/172 [00:24<00:05,  5.63it/s, v_num=miig]
Epoch 4:  81%|████████  | 139/172 [00:24<00:05,  5.63it/s, v_num=miig]Started forward pass
Batch size for logging: 32
Sampled prior
Generated molecules

Epoch 4:  81%|████████▏ | 140/172 [00:24<00:05,  5.63it/s, v_num=miig]
Epoch 4:  81%|████████▏ | 140/172 [00:24<00:05,  5.63it/s, v_num=miig]Started forward pass
Batch size for logging: 32
Sampled prior
Generated molecules

Epoch 4:  82%|████████▏ | 141/172 [00:25<00:05,  5.64it/s, v_num=miig]
Epoch 4:  82%|████████▏ | 141/172 [00:25<00:05,  5.64it/s, v_num=miig]Started forward pass
Batch size for logging: 32
Sampled prior
Generated molecules

Epoch 4:  83%|████████▎ | 142/172 [00:25<00:05,  5.64it/s, v_num=miig]
Epoch 4:  83%|████████▎ | 142/172 [00:25<00:05,  5.64it/s, v_num=miig]Started forward pass
Batch size for logging: 32
Sampled prior
Generated molecules

Epoch 4:  83%|████████▎ | 143/172 [00:25<00:05,  5.64it/s, v_num=miig]
Epoch 4:  83%|████████▎ | 143/172 [00:25<00:05,  5.64it/s, v_num=miig]Started forward pass
Batch size for logging: 32
Sampled prior
Generated molecules

Epoch 4:  84%|████████▎ | 144/172 [00:25<00:04,  5.64it/s, v_num=miig]
Epoch 4:  84%|████████▎ | 144/172 [00:25<00:04,  5.64it/s, v_num=miig]Started forward pass
Batch size for logging: 32
Sampled prior
Generated molecules

Epoch 4:  84%|████████▍ | 145/172 [00:25<00:04,  5.64it/s, v_num=miig]
Epoch 4:  84%|████████▍ | 145/172 [00:25<00:04,  5.64it/s, v_num=miig]Started forward pass
Batch size for logging: 32
Sampled prior
Generated molecules

Epoch 4:  85%|████████▍ | 146/172 [00:25<00:04,  5.64it/s, v_num=miig]
Epoch 4:  85%|████████▍ | 146/172 [00:25<00:04,  5.64it/s, v_num=miig]Started forward pass
Batch size for logging: 32
Sampled prior
Generated molecules

Epoch 4:  85%|████████▌ | 147/172 [00:26<00:04,  5.64it/s, v_num=miig]
Epoch 4:  85%|████████▌ | 147/172 [00:26<00:04,  5.64it/s, v_num=miig]Started forward pass
Batch size for logging: 32
Sampled prior
Generated molecules

Epoch 4:  86%|████████▌ | 148/172 [00:26<00:04,  5.64it/s, v_num=miig]
Epoch 4:  86%|████████▌ | 148/172 [00:26<00:04,  5.64it/s, v_num=miig]Started forward pass
Batch size for logging: 32
Sampled prior
Generated molecules

Epoch 4:  87%|████████▋ | 149/172 [00:26<00:04,  5.64it/s, v_num=miig]
Epoch 4:  87%|████████▋ | 149/172 [00:26<00:04,  5.64it/s, v_num=miig]Started forward pass
Batch size for logging: 32
Sampled prior
Generated molecules

Epoch 4:  87%|████████▋ | 150/172 [00:26<00:03,  5.64it/s, v_num=miig]
Epoch 4:  87%|████████▋ | 150/172 [00:26<00:03,  5.64it/s, v_num=miig]Started forward pass
Batch size for logging: 32
Sampled prior
Generated molecules

Epoch 4:  88%|████████▊ | 151/172 [00:26<00:03,  5.64it/s, v_num=miig]
Epoch 4:  88%|████████▊ | 151/172 [00:26<00:03,  5.64it/s, v_num=miig]Started forward pass
Batch size for logging: 32
Sampled prior
Generated molecules

Epoch 4:  88%|████████▊ | 152/172 [00:26<00:03,  5.64it/s, v_num=miig]
Epoch 4:  88%|████████▊ | 152/172 [00:26<00:03,  5.64it/s, v_num=miig]Started forward pass
Batch size for logging: 32
Sampled prior
Generated molecules

Epoch 4:  89%|████████▉ | 153/172 [00:27<00:03,  5.64it/s, v_num=miig]
Epoch 4:  89%|████████▉ | 153/172 [00:27<00:03,  5.64it/s, v_num=miig]Started forward pass
Batch size for logging: 32
Sampled prior
Generated molecules

Epoch 4:  90%|████████▉ | 154/172 [00:27<00:03,  5.64it/s, v_num=miig]
Epoch 4:  90%|████████▉ | 154/172 [00:27<00:03,  5.64it/s, v_num=miig]Started forward pass
Batch size for logging: 32
Sampled prior
Generated molecules

Epoch 4:  90%|█████████ | 155/172 [00:27<00:03,  5.64it/s, v_num=miig]
Epoch 4:  90%|█████████ | 155/172 [00:27<00:03,  5.64it/s, v_num=miig]Started forward pass
Batch size for logging: 32
Sampled prior
Generated molecules

Epoch 4:  91%|█████████ | 156/172 [00:27<00:02,  5.64it/s, v_num=miig]
Epoch 4:  91%|█████████ | 156/172 [00:27<00:02,  5.64it/s, v_num=miig]Started forward pass
Batch size for logging: 32
Sampled prior
Generated molecules

Epoch 4:  91%|█████████▏| 157/172 [00:27<00:02,  5.64it/s, v_num=miig]
Epoch 4:  91%|█████████▏| 157/172 [00:27<00:02,  5.64it/s, v_num=miig]Started forward pass
Batch size for logging: 32
Sampled prior
Generated molecules

Epoch 4:  92%|█████████▏| 158/172 [00:28<00:02,  5.64it/s, v_num=miig]
Epoch 4:  92%|█████████▏| 158/172 [00:28<00:02,  5.64it/s, v_num=miig]Started forward pass
Batch size for logging: 32
Sampled prior
Generated molecules

Epoch 4:  92%|█████████▏| 159/172 [00:28<00:02,  5.64it/s, v_num=miig]
Epoch 4:  92%|█████████▏| 159/172 [00:28<00:02,  5.64it/s, v_num=miig]Started forward pass
Batch size for logging: 32
Sampled prior
Generated molecules

Epoch 4:  93%|█████████▎| 160/172 [00:28<00:02,  5.64it/s, v_num=miig]
Epoch 4:  93%|█████████▎| 160/172 [00:28<00:02,  5.64it/s, v_num=miig]Started forward pass
Batch size for logging: 32
Sampled prior
Generated molecules

Epoch 4:  94%|█████████▎| 161/172 [00:28<00:01,  5.64it/s, v_num=miig]
Epoch 4:  94%|█████████▎| 161/172 [00:28<00:01,  5.64it/s, v_num=miig]Started forward pass
Batch size for logging: 32
Sampled prior
Generated molecules

Epoch 4:  94%|█████████▍| 162/172 [00:28<00:01,  5.64it/s, v_num=miig]
Epoch 4:  94%|█████████▍| 162/172 [00:28<00:01,  5.64it/s, v_num=miig]Started forward pass
Batch size for logging: 32
Sampled prior
Generated molecules

Epoch 4:  95%|█████████▍| 163/172 [00:28<00:01,  5.64it/s, v_num=miig]
Epoch 4:  95%|█████████▍| 163/172 [00:28<00:01,  5.64it/s, v_num=miig]Started forward pass
Batch size for logging: 32
Sampled prior
Generated molecules

Epoch 4:  95%|█████████▌| 164/172 [00:29<00:01,  5.64it/s, v_num=miig]
Epoch 4:  95%|█████████▌| 164/172 [00:29<00:01,  5.64it/s, v_num=miig]Started forward pass
Batch size for logging: 32
Sampled prior
Generated molecules

Epoch 4:  96%|█████████▌| 165/172 [00:29<00:01,  5.64it/s, v_num=miig]
Epoch 4:  96%|█████████▌| 165/172 [00:29<00:01,  5.64it/s, v_num=miig]Started forward pass
Batch size for logging: 32
Sampled prior
Generated molecules

Epoch 4:  97%|█████████▋| 166/172 [00:29<00:01,  5.64it/s, v_num=miig]
Epoch 4:  97%|█████████▋| 166/172 [00:29<00:01,  5.64it/s, v_num=miig]Started forward pass
Batch size for logging: 32
Sampled prior
Generated molecules

Epoch 4:  97%|█████████▋| 167/172 [00:29<00:00,  5.64it/s, v_num=miig]
Epoch 4:  97%|█████████▋| 167/172 [00:29<00:00,  5.64it/s, v_num=miig]Started forward pass
Batch size for logging: 32
Sampled prior
Generated molecules

Epoch 4:  98%|█████████▊| 168/172 [00:29<00:00,  5.65it/s, v_num=miig]
Epoch 4:  98%|█████████▊| 168/172 [00:29<00:00,  5.65it/s, v_num=miig]Started forward pass
Batch size for logging: 32
Sampled prior
Generated molecules

Epoch 4:  98%|█████████▊| 169/172 [00:29<00:00,  5.65it/s, v_num=miig]
Epoch 4:  98%|█████████▊| 169/172 [00:29<00:00,  5.65it/s, v_num=miig]Started forward pass
Batch size for logging: 32
Sampled prior
Generated molecules

Epoch 4:  99%|█████████▉| 170/172 [00:30<00:00,  5.65it/s, v_num=miig]
Epoch 4:  99%|█████████▉| 170/172 [00:30<00:00,  5.65it/s, v_num=miig]Started forward pass
Batch size for logging: 32
Sampled prior
Generated molecules

Epoch 4:  99%|█████████▉| 171/172 [00:30<00:00,  5.65it/s, v_num=miig]
Epoch 4:  99%|█████████▉| 171/172 [00:30<00:00,  5.65it/s, v_num=miig]Started forward pass
Batch size for logging: 28
Sampled prior
Generated molecules

Epoch 4: 100%|██████████| 172/172 [00:30<00:00,  5.65it/s, v_num=miig]
Epoch 4: 100%|██████████| 172/172 [00:30<00:00,  5.65it/s, v_num=miig]

Validation: |          | 0/? [00:00<?, ?it/s][A

Validation: |          | 0/? [00:00<?, ?it/s][A

Validation DataLoader 0:   0%|          | 0/16 [00:00<?, ?it/s][AStarted validation step
Started forward pass
Batch size for logging: 32
Sampled prior
Generated molecules
Computed forward pass in validation step
Reached here


Validation DataLoader 0:   6%|▋         | 1/16 [00:00<00:02,  5.91it/s][AStarted validation step
Started forward pass
Batch size for logging: 32
Sampled prior
Generated molecules
Computed forward pass in validation step
Reached here


Validation DataLoader 0:  12%|█▎        | 2/16 [00:00<00:02,  6.18it/s][AStarted validation step
Started forward pass
Batch size for logging: 32
Sampled prior
Generated molecules
Computed forward pass in validation step
Reached here


Validation DataLoader 0:  19%|█▉        | 3/16 [00:00<00:02,  6.25it/s][AStarted validation step
Started forward pass
Batch size for logging: 32
Sampled prior
Generated molecules
Computed forward pass in validation step
Reached here


Validation DataLoader 0:  25%|██▌       | 4/16 [00:00<00:01,  6.33it/s][AStarted validation step
Started forward pass
Batch size for logging: 32
Sampled prior
Generated molecules
Computed forward pass in validation step
Reached here


Validation DataLoader 0:  31%|███▏      | 5/16 [00:00<00:01,  6.37it/s][AStarted validation step
Started forward pass
Batch size for logging: 32
Sampled prior
Generated molecules
Computed forward pass in validation step
Reached here


Validation DataLoader 0:  38%|███▊      | 6/16 [00:00<00:01,  6.39it/s][AStarted validation step
Started forward pass
Batch size for logging: 32
Sampled prior
Generated molecules
Computed forward pass in validation step
Reached here


Validation DataLoader 0:  44%|████▍     | 7/16 [00:01<00:01,  6.40it/s][AStarted validation step
Started forward pass
Batch size for logging: 32
Sampled prior
Generated molecules
Computed forward pass in validation step
Reached here


Validation DataLoader 0:  50%|█████     | 8/16 [00:01<00:01,  6.40it/s][AStarted validation step
Started forward pass
Batch size for logging: 32
Sampled prior
Generated molecules
Computed forward pass in validation step
Reached here


Validation DataLoader 0:  56%|█████▋    | 9/16 [00:01<00:01,  6.43it/s][AStarted validation step
Started forward pass
Batch size for logging: 32
Sampled prior
Generated molecules
Computed forward pass in validation step
Reached here


Validation DataLoader 0:  62%|██████▎   | 10/16 [00:01<00:00,  6.45it/s][AStarted validation step
Started forward pass
Batch size for logging: 32
Sampled prior
Generated molecules
Computed forward pass in validation step
Reached here


Validation DataLoader 0:  69%|██████▉   | 11/16 [00:01<00:00,  6.47it/s][AStarted validation step
Started forward pass
Batch size for logging: 32
Sampled prior
Generated molecules
Computed forward pass in validation step
Reached here


Validation DataLoader 0:  75%|███████▌  | 12/16 [00:01<00:00,  6.48it/s][AStarted validation step
Started forward pass
Batch size for logging: 32
Sampled prior
Generated molecules
Computed forward pass in validation step
Reached here


Validation DataLoader 0:  81%|████████▏ | 13/16 [00:02<00:00,  6.50it/s][AStarted validation step
Started forward pass
Batch size for logging: 32
Sampled prior
Generated molecules
Computed forward pass in validation step
Reached here


Validation DataLoader 0:  88%|████████▊ | 14/16 [00:02<00:00,  6.51it/s][AStarted validation step
Started forward pass
Batch size for logging: 32
Sampled prior
Generated molecules
Computed forward pass in validation step
Reached here


Validation DataLoader 0:  94%|█████████▍| 15/16 [00:02<00:00,  6.52it/s][AStarted validation step
Started forward pass
Batch size for logging: 20
Sampled prior
Generated molecules
Computed forward pass in validation step
Reached here


Validation DataLoader 0: 100%|██████████| 16/16 [00:02<00:00,  6.64it/s][A

                                                                        [A
Epoch 4: 100%|██████████| 172/172 [00:34<00:00,  4.98it/s, v_num=miig]
Epoch 4: 100%|██████████| 172/172 [00:34<00:00,  4.98it/s, v_num=miig]
Epoch 4:   0%|          | 0/172 [00:00<?, ?it/s, v_num=miig]          
Epoch 5:   0%|          | 0/172 [00:00<?, ?it/s, v_num=miig]Started forward pass
Batch size for logging: 32
Sampled prior
Generated molecules

Epoch 5:   1%|          | 1/172 [00:00<00:39,  4.37it/s, v_num=miig]
Epoch 5:   1%|          | 1/172 [00:00<00:39,  4.36it/s, v_num=miig]Started forward pass
Batch size for logging: 32
Sampled prior
Generated molecules

Epoch 5:   1%|          | 2/172 [00:00<00:34,  4.92it/s, v_num=miig]
Epoch 5:   1%|          | 2/172 [00:00<00:34,  4.91it/s, v_num=miig]Started forward pass
Batch size for logging: 32
Sampled prior
Generated molecules

Epoch 5:   2%|▏         | 3/172 [00:00<00:32,  5.14it/s, v_num=miig]
Epoch 5:   2%|▏         | 3/172 [00:00<00:32,  5.14it/s, v_num=miig]Started forward pass
Batch size for logging: 32
Sampled prior
Generated molecules

Epoch 5:   2%|▏         | 4/172 [00:00<00:31,  5.28it/s, v_num=miig]
Epoch 5:   2%|▏         | 4/172 [00:00<00:31,  5.27it/s, v_num=miig]Started forward pass
Batch size for logging: 32
Sampled prior
Generated molecules

Epoch 5:   3%|▎         | 5/172 [00:00<00:31,  5.35it/s, v_num=miig]
Epoch 5:   3%|▎         | 5/172 [00:00<00:31,  5.35it/s, v_num=miig]Started forward pass
Batch size for logging: 32
Sampled prior
Generated molecules

Epoch 5:   3%|▎         | 6/172 [00:01<00:30,  5.40it/s, v_num=miig]
Epoch 5:   3%|▎         | 6/172 [00:01<00:30,  5.40it/s, v_num=miig]Started forward pass
Batch size for logging: 32
Sampled prior
Generated molecules

Epoch 5:   4%|▍         | 7/172 [00:01<00:30,  5.43it/s, v_num=miig]
Epoch 5:   4%|▍         | 7/172 [00:01<00:30,  5.43it/s, v_num=miig]Started forward pass
Batch size for logging: 32
Sampled prior
Generated molecules

Epoch 5:   5%|▍         | 8/172 [00:01<00:30,  5.46it/s, v_num=miig]
Epoch 5:   5%|▍         | 8/172 [00:01<00:30,  5.45it/s, v_num=miig]Started forward pass
Batch size for logging: 32
Sampled prior
Generated molecules

Epoch 5:   5%|▌         | 9/172 [00:01<00:29,  5.48it/s, v_num=miig]
Epoch 5:   5%|▌         | 9/172 [00:01<00:29,  5.47it/s, v_num=miig]Started forward pass
Batch size for logging: 32
Sampled prior
Generated molecules

Epoch 5:   6%|▌         | 10/172 [00:01<00:29,  5.49it/s, v_num=miig]
Epoch 5:   6%|▌         | 10/172 [00:01<00:29,  5.49it/s, v_num=miig]Started forward pass
Batch size for logging: 32
Sampled prior
Generated molecules

Epoch 5:   6%|▋         | 11/172 [00:01<00:29,  5.51it/s, v_num=miig]
Epoch 5:   6%|▋         | 11/172 [00:01<00:29,  5.50it/s, v_num=miig]Started forward pass
Batch size for logging: 32
Sampled prior
Generated molecules

Epoch 5:   7%|▋         | 12/172 [00:02<00:28,  5.52it/s, v_num=miig]
Epoch 5:   7%|▋         | 12/172 [00:02<00:28,  5.52it/s, v_num=miig]Started forward pass
Batch size for logging: 32
Sampled prior
Generated molecules

Epoch 5:   8%|▊         | 13/172 [00:02<00:28,  5.54it/s, v_num=miig]
Epoch 5:   8%|▊         | 13/172 [00:02<00:28,  5.53it/s, v_num=miig]Started forward pass
Batch size for logging: 32
Sampled prior
Generated molecules

Epoch 5:   8%|▊         | 14/172 [00:02<00:28,  5.54it/s, v_num=miig]
Epoch 5:   8%|▊         | 14/172 [00:02<00:28,  5.54it/s, v_num=miig]Started forward pass
Batch size for logging: 32
Sampled prior
Generated molecules

Epoch 5:   9%|▊         | 15/172 [00:02<00:28,  5.55it/s, v_num=miig]
Epoch 5:   9%|▊         | 15/172 [00:02<00:28,  5.55it/s, v_num=miig]Started forward pass
Batch size for logging: 32
Sampled prior
Generated molecules

Epoch 5:   9%|▉         | 16/172 [00:02<00:28,  5.56it/s, v_num=miig]
Epoch 5:   9%|▉         | 16/172 [00:02<00:28,  5.56it/s, v_num=miig]Started forward pass
Batch size for logging: 32
Sampled prior
Generated molecules

Epoch 5:  10%|▉         | 17/172 [00:03<00:27,  5.57it/s, v_num=miig]
Epoch 5:  10%|▉         | 17/172 [00:03<00:27,  5.57it/s, v_num=miig]Started forward pass
Batch size for logging: 32
Sampled prior
Generated molecules

Epoch 5:  10%|█         | 18/172 [00:03<00:27,  5.57it/s, v_num=miig]
Epoch 5:  10%|█         | 18/172 [00:03<00:27,  5.57it/s, v_num=miig]Started forward pass
Batch size for logging: 32
Sampled prior
Generated molecules

Epoch 5:  11%|█         | 19/172 [00:03<00:27,  5.57it/s, v_num=miig]
Epoch 5:  11%|█         | 19/172 [00:03<00:27,  5.57it/s, v_num=miig]Started forward pass
Batch size for logging: 32
Sampled prior
Generated molecules

Epoch 5:  12%|█▏        | 20/172 [00:03<00:27,  5.58it/s, v_num=miig]
Epoch 5:  12%|█▏        | 20/172 [00:03<00:27,  5.58it/s, v_num=miig]Started forward pass
Batch size for logging: 32
Sampled prior
Generated molecules

Epoch 5:  12%|█▏        | 21/172 [00:03<00:27,  5.59it/s, v_num=miig]
Epoch 5:  12%|█▏        | 21/172 [00:03<00:27,  5.59it/s, v_num=miig]Started forward pass
Batch size for logging: 32
Sampled prior
Generated molecules

Epoch 5:  13%|█▎        | 22/172 [00:03<00:26,  5.59it/s, v_num=miig]
Epoch 5:  13%|█▎        | 22/172 [00:03<00:26,  5.59it/s, v_num=miig]Started forward pass
Batch size for logging: 32
Sampled prior
Generated molecules

Epoch 5:  13%|█▎        | 23/172 [00:04<00:26,  5.60it/s, v_num=miig]
Epoch 5:  13%|█▎        | 23/172 [00:04<00:26,  5.59it/s, v_num=miig]Started forward pass
Batch size for logging: 32
Sampled prior
Generated molecules

Epoch 5:  14%|█▍        | 24/172 [00:04<00:26,  5.60it/s, v_num=miig]
Epoch 5:  14%|█▍        | 24/172 [00:04<00:26,  5.60it/s, v_num=miig]Started forward pass
Batch size for logging: 32
Sampled prior
Generated molecules

Epoch 5:  15%|█▍        | 25/172 [00:04<00:26,  5.60it/s, v_num=miig]
Epoch 5:  15%|█▍        | 25/172 [00:04<00:26,  5.60it/s, v_num=miig]Started forward pass
Batch size for logging: 32
Sampled prior
Generated molecules

Epoch 5:  15%|█▌        | 26/172 [00:04<00:26,  5.61it/s, v_num=miig]
Epoch 5:  15%|█▌        | 26/172 [00:04<00:26,  5.61it/s, v_num=miig]Started forward pass
Batch size for logging: 32
Sampled prior
Generated molecules

Epoch 5:  16%|█▌        | 27/172 [00:04<00:25,  5.61it/s, v_num=miig]
Epoch 5:  16%|█▌        | 27/172 [00:04<00:25,  5.61it/s, v_num=miig]Started forward pass
Batch size for logging: 32
Sampled prior
Generated molecules

Epoch 5:  16%|█▋        | 28/172 [00:04<00:25,  5.61it/s, v_num=miig]
Epoch 5:  16%|█▋        | 28/172 [00:04<00:25,  5.61it/s, v_num=miig]Started forward pass
Batch size for logging: 32
Sampled prior
Generated molecules

Epoch 5:  17%|█▋        | 29/172 [00:05<00:25,  5.61it/s, v_num=miig]
Epoch 5:  17%|█▋        | 29/172 [00:05<00:25,  5.61it/s, v_num=miig]Started forward pass
Batch size for logging: 32
Sampled prior
Generated molecules

Epoch 5:  17%|█▋        | 30/172 [00:05<00:25,  5.62it/s, v_num=miig]
Epoch 5:  17%|█▋        | 30/172 [00:05<00:25,  5.62it/s, v_num=miig]Started forward pass
Batch size for logging: 32
Sampled prior
Generated molecules

Epoch 5:  18%|█▊        | 31/172 [00:05<00:25,  5.62it/s, v_num=miig]
Epoch 5:  18%|█▊        | 31/172 [00:05<00:25,  5.62it/s, v_num=miig]Started forward pass
Batch size for logging: 32
Sampled prior
Generated molecules

Epoch 5:  19%|█▊        | 32/172 [00:05<00:24,  5.62it/s, v_num=miig]
Epoch 5:  19%|█▊        | 32/172 [00:05<00:24,  5.62it/s, v_num=miig]Started forward pass
Batch size for logging: 32
Sampled prior
Generated molecules

Epoch 5:  19%|█▉        | 33/172 [00:05<00:24,  5.62it/s, v_num=miig]
Epoch 5:  19%|█▉        | 33/172 [00:05<00:24,  5.62it/s, v_num=miig]Started forward pass
Batch size for logging: 32
Sampled prior
Generated molecules

Epoch 5:  20%|█▉        | 34/172 [00:06<00:24,  5.62it/s, v_num=miig]
Epoch 5:  20%|█▉        | 34/172 [00:06<00:24,  5.62it/s, v_num=miig]Started forward pass
Batch size for logging: 32
Sampled prior
Generated molecules

Epoch 5:  20%|██        | 35/172 [00:06<00:24,  5.62it/s, v_num=miig]
Epoch 5:  20%|██        | 35/172 [00:06<00:24,  5.62it/s, v_num=miig]Started forward pass
Batch size for logging: 32
Sampled prior
Generated molecules

Epoch 5:  21%|██        | 36/172 [00:06<00:24,  5.62it/s, v_num=miig]
Epoch 5:  21%|██        | 36/172 [00:06<00:24,  5.62it/s, v_num=miig]Started forward pass
Batch size for logging: 32
Sampled prior
Generated molecules

Epoch 5:  22%|██▏       | 37/172 [00:06<00:24,  5.62it/s, v_num=miig]
Epoch 5:  22%|██▏       | 37/172 [00:06<00:24,  5.62it/s, v_num=miig]Started forward pass
Batch size for logging: 32
Sampled prior
Generated molecules

Epoch 5:  22%|██▏       | 38/172 [00:06<00:23,  5.62it/s, v_num=miig]
Epoch 5:  22%|██▏       | 38/172 [00:06<00:23,  5.62it/s, v_num=miig]Started forward pass
Batch size for logging: 32
Sampled prior
Generated molecules

Epoch 5:  23%|██▎       | 39/172 [00:06<00:23,  5.62it/s, v_num=miig]
Epoch 5:  23%|██▎       | 39/172 [00:06<00:23,  5.62it/s, v_num=miig]Started forward pass
Batch size for logging: 32
Sampled prior
Generated molecules

Epoch 5:  23%|██▎       | 40/172 [00:07<00:23,  5.63it/s, v_num=miig]
Epoch 5:  23%|██▎       | 40/172 [00:07<00:23,  5.63it/s, v_num=miig]Started forward pass
Batch size for logging: 32
Sampled prior
Generated molecules

Epoch 5:  24%|██▍       | 41/172 [00:07<00:23,  5.63it/s, v_num=miig]
Epoch 5:  24%|██▍       | 41/172 [00:07<00:23,  5.63it/s, v_num=miig]Started forward pass
Batch size for logging: 32
Sampled prior
Generated molecules

Epoch 5:  24%|██▍       | 42/172 [00:07<00:23,  5.63it/s, v_num=miig]
Epoch 5:  24%|██▍       | 42/172 [00:07<00:23,  5.63it/s, v_num=miig]Started forward pass
Batch size for logging: 32
Sampled prior
Generated molecules

Epoch 5:  25%|██▌       | 43/172 [00:07<00:22,  5.63it/s, v_num=miig]
Epoch 5:  25%|██▌       | 43/172 [00:07<00:22,  5.63it/s, v_num=miig]Started forward pass
Batch size for logging: 32
Sampled prior
Generated molecules

Epoch 5:  26%|██▌       | 44/172 [00:07<00:22,  5.63it/s, v_num=miig]
Epoch 5:  26%|██▌       | 44/172 [00:07<00:22,  5.63it/s, v_num=miig]Started forward pass
Batch size for logging: 32
Sampled prior
Generated molecules

Epoch 5:  26%|██▌       | 45/172 [00:07<00:22,  5.63it/s, v_num=miig]
Epoch 5:  26%|██▌       | 45/172 [00:07<00:22,  5.63it/s, v_num=miig]Started forward pass
Batch size for logging: 32
Sampled prior
Generated molecules

Epoch 5:  27%|██▋       | 46/172 [00:08<00:22,  5.63it/s, v_num=miig]
Epoch 5:  27%|██▋       | 46/172 [00:08<00:22,  5.63it/s, v_num=miig]Started forward pass
Batch size for logging: 32
Sampled prior
Generated molecules

Epoch 5:  27%|██▋       | 47/172 [00:08<00:22,  5.63it/s, v_num=miig]
Epoch 5:  27%|██▋       | 47/172 [00:08<00:22,  5.63it/s, v_num=miig]Started forward pass
Batch size for logging: 32
Sampled prior
Generated molecules

Epoch 5:  28%|██▊       | 48/172 [00:08<00:22,  5.63it/s, v_num=miig]
Epoch 5:  28%|██▊       | 48/172 [00:08<00:22,  5.63it/s, v_num=miig]Started forward pass
Batch size for logging: 32
Sampled prior
Generated molecules

Epoch 5:  28%|██▊       | 49/172 [00:08<00:21,  5.63it/s, v_num=miig]
Epoch 5:  28%|██▊       | 49/172 [00:08<00:21,  5.63it/s, v_num=miig]Started forward pass
Batch size for logging: 32
Sampled prior
Generated molecules

Epoch 5:  29%|██▉       | 50/172 [00:08<00:21,  5.63it/s, v_num=miig]
Epoch 5:  29%|██▉       | 50/172 [00:08<00:21,  5.63it/s, v_num=miig]Started forward pass
Batch size for logging: 32
Sampled prior
Generated molecules

Epoch 5:  30%|██▉       | 51/172 [00:09<00:21,  5.63it/s, v_num=miig]
Epoch 5:  30%|██▉       | 51/172 [00:09<00:21,  5.63it/s, v_num=miig]Started forward pass
Batch size for logging: 32
Sampled prior
Generated molecules

Epoch 5:  30%|███       | 52/172 [00:09<00:21,  5.63it/s, v_num=miig]
Epoch 5:  30%|███       | 52/172 [00:09<00:21,  5.63it/s, v_num=miig]Started forward pass
Batch size for logging: 32
Sampled prior
Generated molecules

Epoch 5:  31%|███       | 53/172 [00:09<00:21,  5.63it/s, v_num=miig]
Epoch 5:  31%|███       | 53/172 [00:09<00:21,  5.63it/s, v_num=miig]Started forward pass
Batch size for logging: 32
Sampled prior
Generated molecules

Epoch 5:  31%|███▏      | 54/172 [00:09<00:20,  5.63it/s, v_num=miig]
Epoch 5:  31%|███▏      | 54/172 [00:09<00:20,  5.63it/s, v_num=miig]Started forward pass
Batch size for logging: 32
Sampled prior
Generated molecules

Epoch 5:  32%|███▏      | 55/172 [00:09<00:20,  5.64it/s, v_num=miig]
Epoch 5:  32%|███▏      | 55/172 [00:09<00:20,  5.64it/s, v_num=miig]Started forward pass
Batch size for logging: 32
Sampled prior
Generated molecules

Epoch 5:  33%|███▎      | 56/172 [00:09<00:20,  5.64it/s, v_num=miig]
Epoch 5:  33%|███▎      | 56/172 [00:09<00:20,  5.64it/s, v_num=miig]Started forward pass
Batch size for logging: 32
Sampled prior
Generated molecules

Epoch 5:  33%|███▎      | 57/172 [00:10<00:20,  5.64it/s, v_num=miig]
Epoch 5:  33%|███▎      | 57/172 [00:10<00:20,  5.64it/s, v_num=miig]Started forward pass
Batch size for logging: 32
Sampled prior
Generated molecules

Epoch 5:  34%|███▎      | 58/172 [00:10<00:20,  5.64it/s, v_num=miig]
Epoch 5:  34%|███▎      | 58/172 [00:10<00:20,  5.64it/s, v_num=miig]Started forward pass
Batch size for logging: 32
Sampled prior
Generated molecules

Epoch 5:  34%|███▍      | 59/172 [00:10<00:20,  5.64it/s, v_num=miig]
Epoch 5:  34%|███▍      | 59/172 [00:10<00:20,  5.64it/s, v_num=miig]Started forward pass
Batch size for logging: 32
Sampled prior
Generated molecules

Epoch 5:  35%|███▍      | 60/172 [00:10<00:19,  5.64it/s, v_num=miig]
Epoch 5:  35%|███▍      | 60/172 [00:10<00:19,  5.64it/s, v_num=miig]Started forward pass
Batch size for logging: 32
Sampled prior
Generated molecules

Epoch 5:  35%|███▌      | 61/172 [00:10<00:19,  5.64it/s, v_num=miig]
Epoch 5:  35%|███▌      | 61/172 [00:10<00:19,  5.64it/s, v_num=miig]Started forward pass
Batch size for logging: 32
Sampled prior
Generated molecules

Epoch 5:  36%|███▌      | 62/172 [00:10<00:19,  5.64it/s, v_num=miig]
Epoch 5:  36%|███▌      | 62/172 [00:10<00:19,  5.64it/s, v_num=miig]Started forward pass
Batch size for logging: 32
Sampled prior
Generated molecules

Epoch 5:  37%|███▋      | 63/172 [00:11<00:19,  5.64it/s, v_num=miig]
Epoch 5:  37%|███▋      | 63/172 [00:11<00:19,  5.64it/s, v_num=miig]Started forward pass
Batch size for logging: 32
Sampled prior
Generated molecules

Epoch 5:  37%|███▋      | 64/172 [00:11<00:19,  5.64it/s, v_num=miig]
Epoch 5:  37%|███▋      | 64/172 [00:11<00:19,  5.64it/s, v_num=miig]Started forward pass
Batch size for logging: 32
Sampled prior
Generated molecules

Epoch 5:  38%|███▊      | 65/172 [00:11<00:18,  5.64it/s, v_num=miig]
Epoch 5:  38%|███▊      | 65/172 [00:11<00:18,  5.64it/s, v_num=miig]Started forward pass
Batch size for logging: 32
Sampled prior
Generated molecules

Epoch 5:  38%|███▊      | 66/172 [00:11<00:18,  5.64it/s, v_num=miig]
Epoch 5:  38%|███▊      | 66/172 [00:11<00:18,  5.64it/s, v_num=miig]Started forward pass
Batch size for logging: 32
Sampled prior
Generated molecules

Epoch 5:  39%|███▉      | 67/172 [00:11<00:18,  5.64it/s, v_num=miig]
Epoch 5:  39%|███▉      | 67/172 [00:11<00:18,  5.64it/s, v_num=miig]Started forward pass
Batch size for logging: 32
Sampled prior
Generated molecules

Epoch 5:  40%|███▉      | 68/172 [00:12<00:18,  5.64it/s, v_num=miig]
Epoch 5:  40%|███▉      | 68/172 [00:12<00:18,  5.64it/s, v_num=miig]Started forward pass
Batch size for logging: 32
Sampled prior
Generated molecules

Epoch 5:  40%|████      | 69/172 [00:12<00:18,  5.64it/s, v_num=miig]
Epoch 5:  40%|████      | 69/172 [00:12<00:18,  5.64it/s, v_num=miig]Started forward pass
Batch size for logging: 32
Sampled prior
Generated molecules

Epoch 5:  41%|████      | 70/172 [00:12<00:18,  5.64it/s, v_num=miig]
Epoch 5:  41%|████      | 70/172 [00:12<00:18,  5.64it/s, v_num=miig]Started forward pass
Batch size for logging: 32
Sampled prior
Generated molecules

Epoch 5:  41%|████▏     | 71/172 [00:12<00:17,  5.64it/s, v_num=miig]
Epoch 5:  41%|████▏     | 71/172 [00:12<00:17,  5.64it/s, v_num=miig]Started forward pass
Batch size for logging: 32
Sampled prior
Generated molecules

Epoch 5:  42%|████▏     | 72/172 [00:12<00:17,  5.65it/s, v_num=miig]
Epoch 5:  42%|████▏     | 72/172 [00:12<00:17,  5.65it/s, v_num=miig]Started forward pass
Batch size for logging: 32
Sampled prior
Generated molecules

Epoch 5:  42%|████▏     | 73/172 [00:12<00:17,  5.64it/s, v_num=miig]
Epoch 5:  42%|████▏     | 73/172 [00:12<00:17,  5.64it/s, v_num=miig]Started forward pass
Batch size for logging: 32
Sampled prior
Generated molecules

Epoch 5:  43%|████▎     | 74/172 [00:13<00:17,  5.65it/s, v_num=miig]
Epoch 5:  43%|████▎     | 74/172 [00:13<00:17,  5.65it/s, v_num=miig]Started forward pass
Batch size for logging: 32
Sampled prior
Generated molecules

Epoch 5:  44%|████▎     | 75/172 [00:13<00:17,  5.65it/s, v_num=miig]
Epoch 5:  44%|████▎     | 75/172 [00:13<00:17,  5.65it/s, v_num=miig]Started forward pass
Batch size for logging: 32
Sampled prior
Generated molecules

Epoch 5:  44%|████▍     | 76/172 [00:13<00:17,  5.65it/s, v_num=miig]
Epoch 5:  44%|████▍     | 76/172 [00:13<00:17,  5.65it/s, v_num=miig]Started forward pass
Batch size for logging: 32
Sampled prior
Generated molecules

Epoch 5:  45%|████▍     | 77/172 [00:13<00:16,  5.65it/s, v_num=miig]
Epoch 5:  45%|████▍     | 77/172 [00:13<00:16,  5.65it/s, v_num=miig]Started forward pass
Batch size for logging: 32
Sampled prior
Generated molecules

Epoch 5:  45%|████▌     | 78/172 [00:13<00:16,  5.65it/s, v_num=miig]
Epoch 5:  45%|████▌     | 78/172 [00:13<00:16,  5.65it/s, v_num=miig]Started forward pass
Batch size for logging: 32
Sampled prior
Generated molecules

Epoch 5:  46%|████▌     | 79/172 [00:13<00:16,  5.65it/s, v_num=miig]
Epoch 5:  46%|████▌     | 79/172 [00:13<00:16,  5.65it/s, v_num=miig]Started forward pass
Batch size for logging: 32
Sampled prior
Generated molecules

Epoch 5:  47%|████▋     | 80/172 [00:14<00:16,  5.65it/s, v_num=miig]
Epoch 5:  47%|████▋     | 80/172 [00:14<00:16,  5.65it/s, v_num=miig]Started forward pass
Batch size for logging: 32
Sampled prior
Generated molecules

Epoch 5:  47%|████▋     | 81/172 [00:14<00:16,  5.65it/s, v_num=miig]
Epoch 5:  47%|████▋     | 81/172 [00:14<00:16,  5.65it/s, v_num=miig]Started forward pass
Batch size for logging: 32
Sampled prior
Generated molecules

Epoch 5:  48%|████▊     | 82/172 [00:14<00:15,  5.65it/s, v_num=miig]
Epoch 5:  48%|████▊     | 82/172 [00:14<00:15,  5.65it/s, v_num=miig]Started forward pass
Batch size for logging: 32
Sampled prior
Generated molecules

Epoch 5:  48%|████▊     | 83/172 [00:14<00:15,  5.65it/s, v_num=miig]
Epoch 5:  48%|████▊     | 83/172 [00:14<00:15,  5.65it/s, v_num=miig]Started forward pass
Batch size for logging: 32
Sampled prior
Generated molecules

Epoch 5:  49%|████▉     | 84/172 [00:14<00:15,  5.65it/s, v_num=miig]
Epoch 5:  49%|████▉     | 84/172 [00:14<00:15,  5.65it/s, v_num=miig]Started forward pass
Batch size for logging: 32
Sampled prior
Generated molecules

Epoch 5:  49%|████▉     | 85/172 [00:15<00:15,  5.65it/s, v_num=miig]
Epoch 5:  49%|████▉     | 85/172 [00:15<00:15,  5.65it/s, v_num=miig]Started forward pass
Batch size for logging: 32
Sampled prior
Generated molecules

Epoch 5:  50%|█████     | 86/172 [00:15<00:15,  5.65it/s, v_num=miig]
Epoch 5:  50%|█████     | 86/172 [00:15<00:15,  5.65it/s, v_num=miig]Started forward pass
Batch size for logging: 32
Sampled prior
Generated molecules

Epoch 5:  51%|█████     | 87/172 [00:15<00:15,  5.65it/s, v_num=miig]
Epoch 5:  51%|█████     | 87/172 [00:15<00:15,  5.65it/s, v_num=miig]Started forward pass
Batch size for logging: 32
Sampled prior
Generated molecules

Epoch 5:  51%|█████     | 88/172 [00:15<00:14,  5.65it/s, v_num=miig]
Epoch 5:  51%|█████     | 88/172 [00:15<00:14,  5.65it/s, v_num=miig]Started forward pass
Batch size for logging: 32
Sampled prior
Generated molecules

Epoch 5:  52%|█████▏    | 89/172 [00:15<00:14,  5.65it/s, v_num=miig]
Epoch 5:  52%|█████▏    | 89/172 [00:15<00:14,  5.65it/s, v_num=miig]Started forward pass
Batch size for logging: 32
Sampled prior
Generated molecules

Epoch 5:  52%|█████▏    | 90/172 [00:15<00:14,  5.65it/s, v_num=miig]
Epoch 5:  52%|█████▏    | 90/172 [00:15<00:14,  5.65it/s, v_num=miig]Started forward pass
Batch size for logging: 32
Sampled prior
Generated molecules

Epoch 5:  53%|█████▎    | 91/172 [00:16<00:14,  5.65it/s, v_num=miig]
Epoch 5:  53%|█████▎    | 91/172 [00:16<00:14,  5.65it/s, v_num=miig]Started forward pass
Batch size for logging: 32
Sampled prior
Generated molecules

Epoch 5:  53%|█████▎    | 92/172 [00:16<00:14,  5.65it/s, v_num=miig]
Epoch 5:  53%|█████▎    | 92/172 [00:16<00:14,  5.65it/s, v_num=miig]Started forward pass
Batch size for logging: 32
Sampled prior
Generated molecules

Epoch 5:  54%|█████▍    | 93/172 [00:16<00:13,  5.65it/s, v_num=miig]
Epoch 5:  54%|█████▍    | 93/172 [00:16<00:13,  5.65it/s, v_num=miig]Started forward pass
Batch size for logging: 32
Sampled prior
Generated molecules

Epoch 5:  55%|█████▍    | 94/172 [00:16<00:13,  5.65it/s, v_num=miig]
Epoch 5:  55%|█████▍    | 94/172 [00:16<00:13,  5.65it/s, v_num=miig]Started forward pass
Batch size for logging: 32
Sampled prior
Generated molecules

Epoch 5:  55%|█████▌    | 95/172 [00:16<00:13,  5.65it/s, v_num=miig]
Epoch 5:  55%|█████▌    | 95/172 [00:16<00:13,  5.65it/s, v_num=miig]Started forward pass
Batch size for logging: 32
Sampled prior
Generated molecules

Epoch 5:  56%|█████▌    | 96/172 [00:16<00:13,  5.65it/s, v_num=miig]
Epoch 5:  56%|█████▌    | 96/172 [00:16<00:13,  5.65it/s, v_num=miig]Started forward pass
Batch size for logging: 32
Sampled prior
Generated molecules

Epoch 5:  56%|█████▋    | 97/172 [00:17<00:13,  5.65it/s, v_num=miig]
Epoch 5:  56%|█████▋    | 97/172 [00:17<00:13,  5.65it/s, v_num=miig]Started forward pass
Batch size for logging: 32
Sampled prior
Generated molecules

Epoch 5:  57%|█████▋    | 98/172 [00:17<00:13,  5.65it/s, v_num=miig]
Epoch 5:  57%|█████▋    | 98/172 [00:17<00:13,  5.65it/s, v_num=miig]Started forward pass
Batch size for logging: 32
Sampled prior
Generated molecules

Epoch 5:  58%|█████▊    | 99/172 [00:17<00:12,  5.65it/s, v_num=miig]
Epoch 5:  58%|█████▊    | 99/172 [00:17<00:12,  5.65it/s, v_num=miig]Started forward pass
Batch size for logging: 32
Sampled prior
Generated molecules

Epoch 5:  58%|█████▊    | 100/172 [00:17<00:12,  5.65it/s, v_num=miig]
Epoch 5:  58%|█████▊    | 100/172 [00:17<00:12,  5.65it/s, v_num=miig]Started forward pass
Batch size for logging: 32
Sampled prior
Generated molecules

Epoch 5:  59%|█████▊    | 101/172 [00:17<00:12,  5.65it/s, v_num=miig]
Epoch 5:  59%|█████▊    | 101/172 [00:17<00:12,  5.65it/s, v_num=miig]Started forward pass
Batch size for logging: 32
Sampled prior
Generated molecules

Epoch 5:  59%|█████▉    | 102/172 [00:18<00:12,  5.65it/s, v_num=miig]
Epoch 5:  59%|█████▉    | 102/172 [00:18<00:12,  5.65it/s, v_num=miig]Started forward pass
Batch size for logging: 32
Sampled prior
Generated molecules

Epoch 5:  60%|█████▉    | 103/172 [00:18<00:12,  5.65it/s, v_num=miig]
Epoch 5:  60%|█████▉    | 103/172 [00:18<00:12,  5.65it/s, v_num=miig]Started forward pass
Batch size for logging: 32
Sampled prior
Generated molecules

Epoch 5:  60%|██████    | 104/172 [00:18<00:12,  5.65it/s, v_num=miig]
Epoch 5:  60%|██████    | 104/172 [00:18<00:12,  5.65it/s, v_num=miig]Started forward pass
Batch size for logging: 32
Sampled prior
Generated molecules

Epoch 5:  61%|██████    | 105/172 [00:18<00:11,  5.65it/s, v_num=miig]
Epoch 5:  61%|██████    | 105/172 [00:18<00:11,  5.65it/s, v_num=miig]Started forward pass
Batch size for logging: 32
Sampled prior
Generated molecules

Epoch 5:  62%|██████▏   | 106/172 [00:18<00:11,  5.65it/s, v_num=miig]
Epoch 5:  62%|██████▏   | 106/172 [00:18<00:11,  5.65it/s, v_num=miig]Started forward pass
Batch size for logging: 32
Sampled prior
Generated molecules

Epoch 5:  62%|██████▏   | 107/172 [00:18<00:11,  5.65it/s, v_num=miig]
Epoch 5:  62%|██████▏   | 107/172 [00:18<00:11,  5.65it/s, v_num=miig]Started forward pass
Batch size for logging: 32
Sampled prior
Generated molecules

Epoch 5:  63%|██████▎   | 108/172 [00:19<00:11,  5.65it/s, v_num=miig]
Epoch 5:  63%|██████▎   | 108/172 [00:19<00:11,  5.65it/s, v_num=miig]Started forward pass
Batch size for logging: 32
Sampled prior
Generated molecules

Epoch 5:  63%|██████▎   | 109/172 [00:19<00:11,  5.65it/s, v_num=miig]
Epoch 5:  63%|██████▎   | 109/172 [00:19<00:11,  5.65it/s, v_num=miig]Started forward pass
Batch size for logging: 32
Sampled prior
Generated molecules

Epoch 5:  64%|██████▍   | 110/172 [00:19<00:10,  5.65it/s, v_num=miig]
Epoch 5:  64%|██████▍   | 110/172 [00:19<00:10,  5.65it/s, v_num=miig]Started forward pass
Batch size for logging: 32
Sampled prior
Generated molecules

Epoch 5:  65%|██████▍   | 111/172 [00:19<00:10,  5.65it/s, v_num=miig]
Epoch 5:  65%|██████▍   | 111/172 [00:19<00:10,  5.65it/s, v_num=miig]Started forward pass
Batch size for logging: 32
Sampled prior
Generated molecules

Epoch 5:  65%|██████▌   | 112/172 [00:19<00:10,  5.65it/s, v_num=miig]
Epoch 5:  65%|██████▌   | 112/172 [00:19<00:10,  5.65it/s, v_num=miig]Started forward pass
Batch size for logging: 32
Sampled prior
Generated molecules

Epoch 5:  66%|██████▌   | 113/172 [00:19<00:10,  5.65it/s, v_num=miig]
Epoch 5:  66%|██████▌   | 113/172 [00:19<00:10,  5.65it/s, v_num=miig]Started forward pass
Batch size for logging: 32
Sampled prior
Generated molecules

Epoch 5:  66%|██████▋   | 114/172 [00:20<00:10,  5.65it/s, v_num=miig]
Epoch 5:  66%|██████▋   | 114/172 [00:20<00:10,  5.65it/s, v_num=miig]Started forward pass
Batch size for logging: 32
Sampled prior
Generated molecules

Epoch 5:  67%|██████▋   | 115/172 [00:20<00:10,  5.65it/s, v_num=miig]
Epoch 5:  67%|██████▋   | 115/172 [00:20<00:10,  5.65it/s, v_num=miig]Started forward pass
Batch size for logging: 32
Sampled prior
Generated molecules

Epoch 5:  67%|██████▋   | 116/172 [00:20<00:09,  5.65it/s, v_num=miig]
Epoch 5:  67%|██████▋   | 116/172 [00:20<00:09,  5.65it/s, v_num=miig]Started forward pass
Batch size for logging: 32
Sampled prior
Generated molecules

Epoch 5:  68%|██████▊   | 117/172 [00:20<00:09,  5.65it/s, v_num=miig]
Epoch 5:  68%|██████▊   | 117/172 [00:20<00:09,  5.65it/s, v_num=miig]Started forward pass
Batch size for logging: 32
Sampled prior
Generated molecules

Epoch 5:  69%|██████▊   | 118/172 [00:20<00:09,  5.65it/s, v_num=miig]
Epoch 5:  69%|██████▊   | 118/172 [00:20<00:09,  5.65it/s, v_num=miig]Started forward pass
Batch size for logging: 32
Sampled prior
Generated molecules

Epoch 5:  69%|██████▉   | 119/172 [00:21<00:09,  5.66it/s, v_num=miig]
Epoch 5:  69%|██████▉   | 119/172 [00:21<00:09,  5.66it/s, v_num=miig]Started forward pass
Batch size for logging: 32
Sampled prior
Generated molecules

Epoch 5:  70%|██████▉   | 120/172 [00:21<00:09,  5.66it/s, v_num=miig]
Epoch 5:  70%|██████▉   | 120/172 [00:21<00:09,  5.66it/s, v_num=miig]Started forward pass
Batch size for logging: 32
Sampled prior
Generated molecules

Epoch 5:  70%|███████   | 121/172 [00:21<00:09,  5.66it/s, v_num=miig]
Epoch 5:  70%|███████   | 121/172 [00:21<00:09,  5.66it/s, v_num=miig]Started forward pass
Batch size for logging: 32
Sampled prior
Generated molecules

Epoch 5:  71%|███████   | 122/172 [00:21<00:08,  5.66it/s, v_num=miig]
Epoch 5:  71%|███████   | 122/172 [00:21<00:08,  5.66it/s, v_num=miig]Started forward pass
Batch size for logging: 32
Sampled prior
Generated molecules

Epoch 5:  72%|███████▏  | 123/172 [00:21<00:08,  5.66it/s, v_num=miig]
Epoch 5:  72%|███████▏  | 123/172 [00:21<00:08,  5.66it/s, v_num=miig]Started forward pass
Batch size for logging: 32
Sampled prior
Generated molecules

Epoch 5:  72%|███████▏  | 124/172 [00:21<00:08,  5.66it/s, v_num=miig]
Epoch 5:  72%|███████▏  | 124/172 [00:21<00:08,  5.66it/s, v_num=miig]Started forward pass
Batch size for logging: 32
Sampled prior
Generated molecules

Epoch 5:  73%|███████▎  | 125/172 [00:22<00:08,  5.66it/s, v_num=miig]
Epoch 5:  73%|███████▎  | 125/172 [00:22<00:08,  5.66it/s, v_num=miig]Started forward pass
Batch size for logging: 32
Sampled prior
Generated molecules

Epoch 5:  73%|███████▎  | 126/172 [00:22<00:08,  5.66it/s, v_num=miig]
Epoch 5:  73%|███████▎  | 126/172 [00:22<00:08,  5.66it/s, v_num=miig]Started forward pass
Batch size for logging: 32
Sampled prior
Generated molecules

Epoch 5:  74%|███████▍  | 127/172 [00:22<00:07,  5.66it/s, v_num=miig]
Epoch 5:  74%|███████▍  | 127/172 [00:22<00:07,  5.66it/s, v_num=miig]Started forward pass
Batch size for logging: 32
Sampled prior
Generated molecules

Epoch 5:  74%|███████▍  | 128/172 [00:22<00:07,  5.66it/s, v_num=miig]
Epoch 5:  74%|███████▍  | 128/172 [00:22<00:07,  5.66it/s, v_num=miig]Started forward pass
Batch size for logging: 32
Sampled prior
Generated molecules

Epoch 5:  75%|███████▌  | 129/172 [00:22<00:07,  5.66it/s, v_num=miig]
Epoch 5:  75%|███████▌  | 129/172 [00:22<00:07,  5.66it/s, v_num=miig]Started forward pass
Batch size for logging: 32
Sampled prior
Generated molecules

Epoch 5:  76%|███████▌  | 130/172 [00:22<00:07,  5.66it/s, v_num=miig]
Epoch 5:  76%|███████▌  | 130/172 [00:22<00:07,  5.66it/s, v_num=miig]Started forward pass
Batch size for logging: 32
Sampled prior
Generated molecules

Epoch 5:  76%|███████▌  | 131/172 [00:23<00:07,  5.66it/s, v_num=miig]
Epoch 5:  76%|███████▌  | 131/172 [00:23<00:07,  5.66it/s, v_num=miig]Started forward pass
Batch size for logging: 32
Sampled prior
Generated molecules

Epoch 5:  77%|███████▋  | 132/172 [00:23<00:07,  5.66it/s, v_num=miig]
Epoch 5:  77%|███████▋  | 132/172 [00:23<00:07,  5.66it/s, v_num=miig]Started forward pass
Batch size for logging: 32
Sampled prior
Generated molecules

Epoch 5:  77%|███████▋  | 133/172 [00:23<00:06,  5.66it/s, v_num=miig]
Epoch 5:  77%|███████▋  | 133/172 [00:23<00:06,  5.66it/s, v_num=miig]Started forward pass
Batch size for logging: 32
Sampled prior
Generated molecules

Epoch 5:  78%|███████▊  | 134/172 [00:23<00:06,  5.66it/s, v_num=miig]
Epoch 5:  78%|███████▊  | 134/172 [00:23<00:06,  5.66it/s, v_num=miig]Started forward pass
Batch size for logging: 32
Sampled prior
Generated molecules

Epoch 5:  78%|███████▊  | 135/172 [00:23<00:06,  5.66it/s, v_num=miig]
Epoch 5:  78%|███████▊  | 135/172 [00:23<00:06,  5.66it/s, v_num=miig]Started forward pass
Batch size for logging: 32
Sampled prior
Generated molecules

Epoch 5:  79%|███████▉  | 136/172 [00:24<00:06,  5.66it/s, v_num=miig]
Epoch 5:  79%|███████▉  | 136/172 [00:24<00:06,  5.66it/s, v_num=miig]Started forward pass
Batch size for logging: 32
Sampled prior
Generated molecules

Epoch 5:  80%|███████▉  | 137/172 [00:24<00:06,  5.66it/s, v_num=miig]
Epoch 5:  80%|███████▉  | 137/172 [00:24<00:06,  5.66it/s, v_num=miig]Started forward pass
Batch size for logging: 32
Sampled prior
Generated molecules

Epoch 5:  80%|████████  | 138/172 [00:24<00:06,  5.66it/s, v_num=miig]
Epoch 5:  80%|████████  | 138/172 [00:24<00:06,  5.66it/s, v_num=miig]Started forward pass
Batch size for logging: 32
Sampled prior
Generated molecules

Epoch 5:  81%|████████  | 139/172 [00:24<00:05,  5.66it/s, v_num=miig]
Epoch 5:  81%|████████  | 139/172 [00:24<00:05,  5.66it/s, v_num=miig]Started forward pass
Batch size for logging: 32
Sampled prior
Generated molecules

Epoch 5:  81%|████████▏ | 140/172 [00:24<00:05,  5.66it/s, v_num=miig]
Epoch 5:  81%|████████▏ | 140/172 [00:24<00:05,  5.66it/s, v_num=miig]Started forward pass
Batch size for logging: 32
Sampled prior
Generated molecules

Epoch 5:  82%|████████▏ | 141/172 [00:24<00:05,  5.66it/s, v_num=miig]
Epoch 5:  82%|████████▏ | 141/172 [00:24<00:05,  5.66it/s, v_num=miig]Started forward pass
Batch size for logging: 32
Sampled prior
Generated molecules

Epoch 5:  83%|████████▎ | 142/172 [00:25<00:05,  5.66it/s, v_num=miig]
Epoch 5:  83%|████████▎ | 142/172 [00:25<00:05,  5.66it/s, v_num=miig]Started forward pass
Batch size for logging: 32
Sampled prior
Generated molecules

Epoch 5:  83%|████████▎ | 143/172 [00:25<00:05,  5.66it/s, v_num=miig]
Epoch 5:  83%|████████▎ | 143/172 [00:25<00:05,  5.66it/s, v_num=miig]Started forward pass
Batch size for logging: 32
Sampled prior
Generated molecules

Epoch 5:  84%|████████▎ | 144/172 [00:25<00:04,  5.66it/s, v_num=miig]
Epoch 5:  84%|████████▎ | 144/172 [00:25<00:04,  5.66it/s, v_num=miig]Started forward pass
Batch size for logging: 32
Sampled prior
Generated molecules

Epoch 5:  84%|████████▍ | 145/172 [00:25<00:04,  5.66it/s, v_num=miig]
Epoch 5:  84%|████████▍ | 145/172 [00:25<00:04,  5.66it/s, v_num=miig]Started forward pass
Batch size for logging: 32
Sampled prior
Generated molecules

Epoch 5:  85%|████████▍ | 146/172 [00:25<00:04,  5.66it/s, v_num=miig]
Epoch 5:  85%|████████▍ | 146/172 [00:25<00:04,  5.66it/s, v_num=miig]Started forward pass
Batch size for logging: 32
Sampled prior
Generated molecules

Epoch 5:  85%|████████▌ | 147/172 [00:25<00:04,  5.66it/s, v_num=miig]
Epoch 5:  85%|████████▌ | 147/172 [00:25<00:04,  5.66it/s, v_num=miig]Started forward pass
Batch size for logging: 32
Sampled prior
Generated molecules

Epoch 5:  86%|████████▌ | 148/172 [00:26<00:04,  5.66it/s, v_num=miig]
Epoch 5:  86%|████████▌ | 148/172 [00:26<00:04,  5.66it/s, v_num=miig]Started forward pass
Batch size for logging: 32
Sampled prior
Generated molecules

Epoch 5:  87%|████████▋ | 149/172 [00:26<00:04,  5.66it/s, v_num=miig]
Epoch 5:  87%|████████▋ | 149/172 [00:26<00:04,  5.66it/s, v_num=miig]Started forward pass
Batch size for logging: 32
Sampled prior
Generated molecules

Epoch 5:  87%|████████▋ | 150/172 [00:26<00:03,  5.66it/s, v_num=miig]
Epoch 5:  87%|████████▋ | 150/172 [00:26<00:03,  5.66it/s, v_num=miig]Started forward pass
Batch size for logging: 32
Sampled prior
Generated molecules

Epoch 5:  88%|████████▊ | 151/172 [00:26<00:03,  5.66it/s, v_num=miig]
Epoch 5:  88%|████████▊ | 151/172 [00:26<00:03,  5.66it/s, v_num=miig]Started forward pass
Batch size for logging: 32
Sampled prior
Generated molecules

Epoch 5:  88%|████████▊ | 152/172 [00:26<00:03,  5.66it/s, v_num=miig]
Epoch 5:  88%|████████▊ | 152/172 [00:26<00:03,  5.66it/s, v_num=miig]Started forward pass
Batch size for logging: 32
Sampled prior
Generated molecules

Epoch 5:  89%|████████▉ | 153/172 [00:27<00:03,  5.66it/s, v_num=miig]
Epoch 5:  89%|████████▉ | 153/172 [00:27<00:03,  5.66it/s, v_num=miig]Started forward pass
Batch size for logging: 32
Sampled prior
Generated molecules

Epoch 5:  90%|████████▉ | 154/172 [00:27<00:03,  5.66it/s, v_num=miig]
Epoch 5:  90%|████████▉ | 154/172 [00:27<00:03,  5.66it/s, v_num=miig]Started forward pass
Batch size for logging: 32
Sampled prior
Generated molecules

Epoch 5:  90%|█████████ | 155/172 [00:27<00:03,  5.66it/s, v_num=miig]
Epoch 5:  90%|█████████ | 155/172 [00:27<00:03,  5.66it/s, v_num=miig]Started forward pass
Batch size for logging: 32
Sampled prior
Generated molecules

Epoch 5:  91%|█████████ | 156/172 [00:27<00:02,  5.66it/s, v_num=miig]
Epoch 5:  91%|█████████ | 156/172 [00:27<00:02,  5.66it/s, v_num=miig]Started forward pass
Batch size for logging: 32
Sampled prior
Generated molecules

Epoch 5:  91%|█████████▏| 157/172 [00:27<00:02,  5.66it/s, v_num=miig]
Epoch 5:  91%|█████████▏| 157/172 [00:27<00:02,  5.66it/s, v_num=miig]Started forward pass
Batch size for logging: 32
Sampled prior
Generated molecules

Epoch 5:  92%|█████████▏| 158/172 [00:27<00:02,  5.66it/s, v_num=miig]
Epoch 5:  92%|█████████▏| 158/172 [00:27<00:02,  5.66it/s, v_num=miig]Started forward pass
Batch size for logging: 32
Sampled prior
Generated molecules

Epoch 5:  92%|█████████▏| 159/172 [00:28<00:02,  5.66it/s, v_num=miig]
Epoch 5:  92%|█████████▏| 159/172 [00:28<00:02,  5.66it/s, v_num=miig]Started forward pass
Batch size for logging: 32
Sampled prior
Generated molecules

Epoch 5:  93%|█████████▎| 160/172 [00:28<00:02,  5.66it/s, v_num=miig]
Epoch 5:  93%|█████████▎| 160/172 [00:28<00:02,  5.66it/s, v_num=miig]Started forward pass
Batch size for logging: 32
Sampled prior
Generated molecules

Epoch 5:  94%|█████████▎| 161/172 [00:28<00:01,  5.66it/s, v_num=miig]
Epoch 5:  94%|█████████▎| 161/172 [00:28<00:01,  5.66it/s, v_num=miig]Started forward pass
Batch size for logging: 32
Sampled prior
Generated molecules

Epoch 5:  94%|█████████▍| 162/172 [00:28<00:01,  5.66it/s, v_num=miig]
Epoch 5:  94%|█████████▍| 162/172 [00:28<00:01,  5.66it/s, v_num=miig]Started forward pass
Batch size for logging: 32
Sampled prior
Generated molecules

Epoch 5:  95%|█████████▍| 163/172 [00:28<00:01,  5.66it/s, v_num=miig]
Epoch 5:  95%|█████████▍| 163/172 [00:28<00:01,  5.66it/s, v_num=miig]Started forward pass
Batch size for logging: 32
Sampled prior
Generated molecules

Epoch 5:  95%|█████████▌| 164/172 [00:28<00:01,  5.66it/s, v_num=miig]
Epoch 5:  95%|█████████▌| 164/172 [00:28<00:01,  5.66it/s, v_num=miig]Started forward pass
Batch size for logging: 32
Sampled prior
Generated molecules

Epoch 5:  96%|█████████▌| 165/172 [00:29<00:01,  5.67it/s, v_num=miig]
Epoch 5:  96%|█████████▌| 165/172 [00:29<00:01,  5.67it/s, v_num=miig]Started forward pass
Batch size for logging: 32
Sampled prior
Generated molecules

Epoch 5:  97%|█████████▋| 166/172 [00:29<00:01,  5.67it/s, v_num=miig]
Epoch 5:  97%|█████████▋| 166/172 [00:29<00:01,  5.67it/s, v_num=miig]Started forward pass
Batch size for logging: 32
Sampled prior
Generated molecules

Epoch 5:  97%|█████████▋| 167/172 [00:29<00:00,  5.67it/s, v_num=miig]
Epoch 5:  97%|█████████▋| 167/172 [00:29<00:00,  5.67it/s, v_num=miig]Started forward pass
Batch size for logging: 32
Sampled prior
Generated molecules

Epoch 5:  98%|█████████▊| 168/172 [00:29<00:00,  5.67it/s, v_num=miig]
Epoch 5:  98%|█████████▊| 168/172 [00:29<00:00,  5.67it/s, v_num=miig]Started forward pass
Batch size for logging: 32
Sampled prior
Generated molecules

Epoch 5:  98%|█████████▊| 169/172 [00:29<00:00,  5.67it/s, v_num=miig]
Epoch 5:  98%|█████████▊| 169/172 [00:29<00:00,  5.67it/s, v_num=miig]Started forward pass
Batch size for logging: 32
Sampled prior
Generated molecules

Epoch 5:  99%|█████████▉| 170/172 [00:29<00:00,  5.67it/s, v_num=miig]
Epoch 5:  99%|█████████▉| 170/172 [00:29<00:00,  5.67it/s, v_num=miig]Started forward pass
Batch size for logging: 32
Sampled prior
Generated molecules

Epoch 5:  99%|█████████▉| 171/172 [00:30<00:00,  5.67it/s, v_num=miig]
Epoch 5:  99%|█████████▉| 171/172 [00:30<00:00,  5.67it/s, v_num=miig]Started forward pass
Batch size for logging: 28
Sampled prior
Generated molecules

Epoch 5: 100%|██████████| 172/172 [00:30<00:00,  5.67it/s, v_num=miig]
Epoch 5: 100%|██████████| 172/172 [00:30<00:00,  5.67it/s, v_num=miig]

Validation: |          | 0/? [00:00<?, ?it/s][A

Validation: |          | 0/? [00:00<?, ?it/s][A

Validation DataLoader 0:   0%|          | 0/16 [00:00<?, ?it/s][AStarted validation step
Started forward pass
Batch size for logging: 32
Sampled prior
Generated molecules
Computed forward pass in validation step
Reached here


Validation DataLoader 0:   6%|▋         | 1/16 [00:00<00:02,  6.04it/s][AStarted validation step
Started forward pass
Batch size for logging: 32
Sampled prior
Generated molecules
Computed forward pass in validation step
Reached here


Validation DataLoader 0:  12%|█▎        | 2/16 [00:00<00:02,  6.30it/s][AStarted validation step
Started forward pass
Batch size for logging: 32
Sampled prior
Generated molecules
Computed forward pass in validation step
Reached here


Validation DataLoader 0:  19%|█▉        | 3/16 [00:00<00:02,  6.37it/s][AStarted validation step
Started forward pass
Batch size for logging: 32
Sampled prior
Generated molecules
Computed forward pass in validation step
Reached here


Validation DataLoader 0:  25%|██▌       | 4/16 [00:00<00:01,  6.42it/s][AStarted validation step
Started forward pass
Batch size for logging: 32
Sampled prior
Generated molecules
Computed forward pass in validation step
Reached here


Validation DataLoader 0:  31%|███▏      | 5/16 [00:00<00:01,  6.46it/s][AStarted validation step
Started forward pass
Batch size for logging: 32
Sampled prior
Generated molecules
Computed forward pass in validation step
Reached here


Validation DataLoader 0:  38%|███▊      | 6/16 [00:00<00:01,  6.48it/s][AStarted validation step
Started forward pass
Batch size for logging: 32
Sampled prior
Generated molecules
Computed forward pass in validation step
Reached here


Validation DataLoader 0:  44%|████▍     | 7/16 [00:01<00:01,  6.49it/s][AStarted validation step
Started forward pass
Batch size for logging: 32
Sampled prior
Generated molecules
Computed forward pass in validation step
Reached here


Validation DataLoader 0:  50%|█████     | 8/16 [00:01<00:01,  6.50it/s][AStarted validation step
Started forward pass
Batch size for logging: 32
Sampled prior
Generated molecules
Computed forward pass in validation step
Reached here


Validation DataLoader 0:  56%|█████▋    | 9/16 [00:01<00:01,  6.52it/s][AStarted validation step
Started forward pass
Batch size for logging: 32
Sampled prior
Generated molecules
Computed forward pass in validation step
Reached here


Validation DataLoader 0:  62%|██████▎   | 10/16 [00:01<00:00,  6.54it/s][AStarted validation step
Started forward pass
Batch size for logging: 32
Sampled prior
Generated molecules
Computed forward pass in validation step
Reached here


Validation DataLoader 0:  69%|██████▉   | 11/16 [00:01<00:00,  6.55it/s][AStarted validation step
Started forward pass
Batch size for logging: 32
Sampled prior
Generated molecules
Computed forward pass in validation step
Reached here


Validation DataLoader 0:  75%|███████▌  | 12/16 [00:01<00:00,  6.56it/s][AStarted validation step
Started forward pass
Batch size for logging: 32
Sampled prior
Generated molecules
Computed forward pass in validation step
Reached here


Validation DataLoader 0:  81%|████████▏ | 13/16 [00:01<00:00,  6.57it/s][AStarted validation step
Started forward pass
Batch size for logging: 32
Sampled prior
Generated molecules
Computed forward pass in validation step
Reached here


Validation DataLoader 0:  88%|████████▊ | 14/16 [00:02<00:00,  6.58it/s][AStarted validation step
Started forward pass
Batch size for logging: 32
Sampled prior
Generated molecules
Computed forward pass in validation step
Reached here


Validation DataLoader 0:  94%|█████████▍| 15/16 [00:02<00:00,  6.59it/s][AStarted validation step
Started forward pass
Batch size for logging: 20
Sampled prior
Generated molecules
Computed forward pass in validation step
Reached here


Validation DataLoader 0: 100%|██████████| 16/16 [00:02<00:00,  6.72it/s][A

                                                                        [A
Epoch 5: 100%|██████████| 172/172 [00:33<00:00,  5.08it/s, v_num=miig]
Epoch 5: 100%|██████████| 172/172 [00:33<00:00,  5.08it/s, v_num=miig]
Epoch 5:   0%|          | 0/172 [00:00<?, ?it/s, v_num=miig]          
Epoch 6:   0%|          | 0/172 [00:00<?, ?it/s, v_num=miig]Started forward pass
Batch size for logging: 32
Sampled prior
Generated molecules

Epoch 6:   1%|          | 1/172 [00:00<00:38,  4.44it/s, v_num=miig]
Epoch 6:   1%|          | 1/172 [00:00<00:38,  4.43it/s, v_num=miig]Started forward pass
Batch size for logging: 32
Sampled prior
Generated molecules

Epoch 6:   1%|          | 2/172 [00:00<00:34,  4.99it/s, v_num=miig]
Epoch 6:   1%|          | 2/172 [00:00<00:34,  4.99it/s, v_num=miig]Started forward pass
Batch size for logging: 32
Sampled prior
Generated molecules

Epoch 6:   2%|▏         | 3/172 [00:00<00:32,  5.22it/s, v_num=miig]
Epoch 6:   2%|▏         | 3/172 [00:00<00:32,  5.22it/s, v_num=miig]Started forward pass
Batch size for logging: 32
Sampled prior
Generated molecules

Epoch 6:   2%|▏         | 4/172 [00:00<00:31,  5.33it/s, v_num=miig]
Epoch 6:   2%|▏         | 4/172 [00:00<00:31,  5.33it/s, v_num=miig]Started forward pass
Batch size for logging: 32
Sampled prior
Generated molecules

Epoch 6:   3%|▎         | 5/172 [00:00<00:30,  5.40it/s, v_num=miig]
Epoch 6:   3%|▎         | 5/172 [00:00<00:30,  5.40it/s, v_num=miig]Started forward pass
Batch size for logging: 32
Sampled prior
Generated molecules

Epoch 6:   3%|▎         | 6/172 [00:01<00:30,  5.42it/s, v_num=miig]
Epoch 6:   3%|▎         | 6/172 [00:01<00:30,  5.42it/s, v_num=miig]Started forward pass
Batch size for logging: 32
Sampled prior
Generated molecules

Epoch 6:   4%|▍         | 7/172 [00:01<00:30,  5.46it/s, v_num=miig]
Epoch 6:   4%|▍         | 7/172 [00:01<00:30,  5.46it/s, v_num=miig]Started forward pass
Batch size for logging: 32
Sampled prior
Generated molecules

Epoch 6:   5%|▍         | 8/172 [00:01<00:29,  5.48it/s, v_num=miig]
Epoch 6:   5%|▍         | 8/172 [00:01<00:29,  5.48it/s, v_num=miig]Started forward pass
Batch size for logging: 32
Sampled prior
Generated molecules

Epoch 6:   5%|▌         | 9/172 [00:01<00:29,  5.50it/s, v_num=miig]
Epoch 6:   5%|▌         | 9/172 [00:01<00:29,  5.50it/s, v_num=miig]Started forward pass
Batch size for logging: 32
Sampled prior
Generated molecules

Epoch 6:   6%|▌         | 10/172 [00:01<00:29,  5.53it/s, v_num=miig]
Epoch 6:   6%|▌         | 10/172 [00:01<00:29,  5.52it/s, v_num=miig]Started forward pass
Batch size for logging: 32
Sampled prior
Generated molecules

Epoch 6:   6%|▋         | 11/172 [00:01<00:29,  5.55it/s, v_num=miig]
Epoch 6:   6%|▋         | 11/172 [00:01<00:29,  5.54it/s, v_num=miig]Started forward pass
Batch size for logging: 32
Sampled prior
Generated molecules

Epoch 6:   7%|▋         | 12/172 [00:02<00:28,  5.56it/s, v_num=miig]
Epoch 6:   7%|▋         | 12/172 [00:02<00:28,  5.56it/s, v_num=miig]Started forward pass
Batch size for logging: 32
Sampled prior
Generated molecules

Epoch 6:   8%|▊         | 13/172 [00:02<00:28,  5.57it/s, v_num=miig]
Epoch 6:   8%|▊         | 13/172 [00:02<00:28,  5.57it/s, v_num=miig]Started forward pass
Batch size for logging: 32
Sampled prior
Generated molecules

Epoch 6:   8%|▊         | 14/172 [00:02<00:28,  5.58it/s, v_num=miig]
Epoch 6:   8%|▊         | 14/172 [00:02<00:28,  5.58it/s, v_num=miig]Started forward pass
Batch size for logging: 32
Sampled prior
Generated molecules

Epoch 6:   9%|▊         | 15/172 [00:02<00:28,  5.59it/s, v_num=miig]
Epoch 6:   9%|▊         | 15/172 [00:02<00:28,  5.59it/s, v_num=miig]Started forward pass
Batch size for logging: 32
Sampled prior
Generated molecules

Epoch 6:   9%|▉         | 16/172 [00:02<00:27,  5.59it/s, v_num=miig]
Epoch 6:   9%|▉         | 16/172 [00:02<00:27,  5.59it/s, v_num=miig]Started forward pass
Batch size for logging: 32
Sampled prior
Generated molecules

Epoch 6:  10%|▉         | 17/172 [00:03<00:27,  5.60it/s, v_num=miig]
Epoch 6:  10%|▉         | 17/172 [00:03<00:27,  5.60it/s, v_num=miig]Started forward pass
Batch size for logging: 32
Sampled prior
Generated molecules

Epoch 6:  10%|█         | 18/172 [00:03<00:27,  5.61it/s, v_num=miig]
Epoch 6:  10%|█         | 18/172 [00:03<00:27,  5.61it/s, v_num=miig]Started forward pass
Batch size for logging: 32
Sampled prior
Generated molecules

Epoch 6:  11%|█         | 19/172 [00:03<00:27,  5.61it/s, v_num=miig]
Epoch 6:  11%|█         | 19/172 [00:03<00:27,  5.61it/s, v_num=miig]Started forward pass
Batch size for logging: 32
Sampled prior
Generated molecules

Epoch 6:  12%|█▏        | 20/172 [00:03<00:27,  5.62it/s, v_num=miig]
Epoch 6:  12%|█▏        | 20/172 [00:03<00:27,  5.62it/s, v_num=miig]Started forward pass
Batch size for logging: 32
Sampled prior
Generated molecules

Epoch 6:  12%|█▏        | 21/172 [00:03<00:26,  5.62it/s, v_num=miig]
Epoch 6:  12%|█▏        | 21/172 [00:03<00:26,  5.62it/s, v_num=miig]Started forward pass
Batch size for logging: 32
Sampled prior
Generated molecules

Epoch 6:  13%|█▎        | 22/172 [00:03<00:26,  5.63it/s, v_num=miig]
Epoch 6:  13%|█▎        | 22/172 [00:03<00:26,  5.63it/s, v_num=miig]Started forward pass
Batch size for logging: 32
Sampled prior
Generated molecules

Epoch 6:  13%|█▎        | 23/172 [00:04<00:26,  5.63it/s, v_num=miig]
Epoch 6:  13%|█▎        | 23/172 [00:04<00:26,  5.63it/s, v_num=miig]Started forward pass
Batch size for logging: 32
Sampled prior
Generated molecules

Epoch 6:  14%|█▍        | 24/172 [00:04<00:26,  5.64it/s, v_num=miig]
Epoch 6:  14%|█▍        | 24/172 [00:04<00:26,  5.64it/s, v_num=miig]Started forward pass
Batch size for logging: 32
Sampled prior
Generated molecules

Epoch 6:  15%|█▍        | 25/172 [00:04<00:26,  5.64it/s, v_num=miig]
Epoch 6:  15%|█▍        | 25/172 [00:04<00:26,  5.64it/s, v_num=miig]Started forward pass
Batch size for logging: 32
Sampled prior
Generated molecules

Epoch 6:  15%|█▌        | 26/172 [00:04<00:25,  5.64it/s, v_num=miig]
Epoch 6:  15%|█▌        | 26/172 [00:04<00:25,  5.64it/s, v_num=miig]Started forward pass
Batch size for logging: 32
Sampled prior
Generated molecules

Epoch 6:  16%|█▌        | 27/172 [00:04<00:25,  5.65it/s, v_num=miig]
Epoch 6:  16%|█▌        | 27/172 [00:04<00:25,  5.65it/s, v_num=miig]Started forward pass
Batch size for logging: 32
Sampled prior
Generated molecules

Epoch 6:  16%|█▋        | 28/172 [00:04<00:25,  5.65it/s, v_num=miig]
Epoch 6:  16%|█▋        | 28/172 [00:04<00:25,  5.65it/s, v_num=miig]Started forward pass
Batch size for logging: 32
Sampled prior
Generated molecules

Epoch 6:  17%|█▋        | 29/172 [00:05<00:25,  5.65it/s, v_num=miig]
Epoch 6:  17%|█▋        | 29/172 [00:05<00:25,  5.65it/s, v_num=miig]Started forward pass
Batch size for logging: 32
Sampled prior
Generated molecules

Epoch 6:  17%|█▋        | 30/172 [00:05<00:25,  5.65it/s, v_num=miig]
Epoch 6:  17%|█▋        | 30/172 [00:05<00:25,  5.65it/s, v_num=miig]Started forward pass
Batch size for logging: 32
Sampled prior
Generated molecules

Epoch 6:  18%|█▊        | 31/172 [00:05<00:24,  5.65it/s, v_num=miig]
Epoch 6:  18%|█▊        | 31/172 [00:05<00:24,  5.65it/s, v_num=miig]Started forward pass
Batch size for logging: 32
Sampled prior
Generated molecules

Epoch 6:  19%|█▊        | 32/172 [00:05<00:24,  5.65it/s, v_num=miig]
Epoch 6:  19%|█▊        | 32/172 [00:05<00:24,  5.65it/s, v_num=miig]Started forward pass
Batch size for logging: 32
Sampled prior
Generated molecules

Epoch 6:  19%|█▉        | 33/172 [00:05<00:24,  5.65it/s, v_num=miig]
Epoch 6:  19%|█▉        | 33/172 [00:05<00:24,  5.65it/s, v_num=miig]Started forward pass
Batch size for logging: 32
Sampled prior
Generated molecules

Epoch 6:  20%|█▉        | 34/172 [00:06<00:24,  5.65it/s, v_num=miig]
Epoch 6:  20%|█▉        | 34/172 [00:06<00:24,  5.65it/s, v_num=miig]Started forward pass
Batch size for logging: 32
Sampled prior
Generated molecules

Epoch 6:  20%|██        | 35/172 [00:06<00:24,  5.66it/s, v_num=miig]
Epoch 6:  20%|██        | 35/172 [00:06<00:24,  5.66it/s, v_num=miig]Started forward pass
Batch size for logging: 32
Sampled prior
Generated molecules

Epoch 6:  21%|██        | 36/172 [00:06<00:24,  5.66it/s, v_num=miig]
Epoch 6:  21%|██        | 36/172 [00:06<00:24,  5.65it/s, v_num=miig]Started forward pass
Batch size for logging: 32
Sampled prior
Generated molecules

Epoch 6:  22%|██▏       | 37/172 [00:06<00:23,  5.66it/s, v_num=miig]
Epoch 6:  22%|██▏       | 37/172 [00:06<00:23,  5.66it/s, v_num=miig]Started forward pass
Batch size for logging: 32
Sampled prior
Generated molecules

Epoch 6:  22%|██▏       | 38/172 [00:06<00:23,  5.66it/s, v_num=miig]
Epoch 6:  22%|██▏       | 38/172 [00:06<00:23,  5.66it/s, v_num=miig]Started forward pass
Batch size for logging: 32
Sampled prior
Generated molecules

Epoch 6:  23%|██▎       | 39/172 [00:06<00:23,  5.66it/s, v_num=miig]
Epoch 6:  23%|██▎       | 39/172 [00:06<00:23,  5.66it/s, v_num=miig]Started forward pass
Batch size for logging: 32
Sampled prior
Generated molecules

Epoch 6:  23%|██▎       | 40/172 [00:07<00:23,  5.66it/s, v_num=miig]
Epoch 6:  23%|██▎       | 40/172 [00:07<00:23,  5.66it/s, v_num=miig]Started forward pass
Batch size for logging: 32
Sampled prior
Generated molecules

Epoch 6:  24%|██▍       | 41/172 [00:07<00:23,  5.66it/s, v_num=miig]
Epoch 6:  24%|██▍       | 41/172 [00:07<00:23,  5.66it/s, v_num=miig]Started forward pass
Batch size for logging: 32
Sampled prior
Generated molecules

Epoch 6:  24%|██▍       | 42/172 [00:07<00:22,  5.66it/s, v_num=miig]
Epoch 6:  24%|██▍       | 42/172 [00:07<00:22,  5.66it/s, v_num=miig]Started forward pass
Batch size for logging: 32
Sampled prior
Generated molecules

Epoch 6:  25%|██▌       | 43/172 [00:07<00:22,  5.66it/s, v_num=miig]
Epoch 6:  25%|██▌       | 43/172 [00:07<00:22,  5.66it/s, v_num=miig]Started forward pass
Batch size for logging: 32
Sampled prior
Generated molecules

Epoch 6:  26%|██▌       | 44/172 [00:07<00:22,  5.66it/s, v_num=miig]
Epoch 6:  26%|██▌       | 44/172 [00:07<00:22,  5.66it/s, v_num=miig]Started forward pass
Batch size for logging: 32
Sampled prior
Generated molecules

Epoch 6:  26%|██▌       | 45/172 [00:07<00:22,  5.67it/s, v_num=miig]
Epoch 6:  26%|██▌       | 45/172 [00:07<00:22,  5.66it/s, v_num=miig]Started forward pass
Batch size for logging: 32
Sampled prior
Generated molecules

Epoch 6:  27%|██▋       | 46/172 [00:08<00:22,  5.67it/s, v_num=miig]
Epoch 6:  27%|██▋       | 46/172 [00:08<00:22,  5.66it/s, v_num=miig]Started forward pass
Batch size for logging: 32
Sampled prior
Generated molecules

Epoch 6:  27%|██▋       | 47/172 [00:08<00:22,  5.67it/s, v_num=miig]
Epoch 6:  27%|██▋       | 47/172 [00:08<00:22,  5.67it/s, v_num=miig]Started forward pass
Batch size for logging: 32
Sampled prior
Generated molecules

Epoch 6:  28%|██▊       | 48/172 [00:08<00:21,  5.67it/s, v_num=miig]
Epoch 6:  28%|██▊       | 48/172 [00:08<00:21,  5.67it/s, v_num=miig]Started forward pass
Batch size for logging: 32
Sampled prior
Generated molecules

Epoch 6:  28%|██▊       | 49/172 [00:08<00:21,  5.67it/s, v_num=miig]
Epoch 6:  28%|██▊       | 49/172 [00:08<00:21,  5.67it/s, v_num=miig]Started forward pass
Batch size for logging: 32
Sampled prior
Generated molecules

Epoch 6:  29%|██▉       | 50/172 [00:08<00:21,  5.67it/s, v_num=miig]
Epoch 6:  29%|██▉       | 50/172 [00:08<00:21,  5.67it/s, v_num=miig]Started forward pass
Batch size for logging: 32
Sampled prior
Generated molecules

Epoch 6:  30%|██▉       | 51/172 [00:08<00:21,  5.67it/s, v_num=miig]
Epoch 6:  30%|██▉       | 51/172 [00:08<00:21,  5.67it/s, v_num=miig]Started forward pass
Batch size for logging: 32
Sampled prior
Generated molecules

Epoch 6:  30%|███       | 52/172 [00:09<00:21,  5.67it/s, v_num=miig]
Epoch 6:  30%|███       | 52/172 [00:09<00:21,  5.67it/s, v_num=miig]Started forward pass
Batch size for logging: 32
Sampled prior
Generated molecules

Epoch 6:  31%|███       | 53/172 [00:09<00:20,  5.67it/s, v_num=miig]
Epoch 6:  31%|███       | 53/172 [00:09<00:20,  5.67it/s, v_num=miig]Started forward pass
Batch size for logging: 32
Sampled prior
Generated molecules

Epoch 6:  31%|███▏      | 54/172 [00:09<00:20,  5.67it/s, v_num=miig]
Epoch 6:  31%|███▏      | 54/172 [00:09<00:20,  5.67it/s, v_num=miig]Started forward pass
Batch size for logging: 32
Sampled prior
Generated molecules

Epoch 6:  32%|███▏      | 55/172 [00:09<00:20,  5.67it/s, v_num=miig]
Epoch 6:  32%|███▏      | 55/172 [00:09<00:20,  5.67it/s, v_num=miig]Started forward pass
Batch size for logging: 32
Sampled prior
Generated molecules

Epoch 6:  33%|███▎      | 56/172 [00:09<00:20,  5.67it/s, v_num=miig]
Epoch 6:  33%|███▎      | 56/172 [00:09<00:20,  5.67it/s, v_num=miig]Started forward pass
Batch size for logging: 32
Sampled prior
Generated molecules

Epoch 6:  33%|███▎      | 57/172 [00:10<00:20,  5.67it/s, v_num=miig]
Epoch 6:  33%|███▎      | 57/172 [00:10<00:20,  5.67it/s, v_num=miig]Started forward pass
Batch size for logging: 32
Sampled prior
Generated molecules

Epoch 6:  34%|███▎      | 58/172 [00:10<00:20,  5.67it/s, v_num=miig]
Epoch 6:  34%|███▎      | 58/172 [00:10<00:20,  5.67it/s, v_num=miig]Started forward pass
Batch size for logging: 32
Sampled prior
Generated molecules

Epoch 6:  34%|███▍      | 59/172 [00:10<00:19,  5.67it/s, v_num=miig]
Epoch 6:  34%|███▍      | 59/172 [00:10<00:19,  5.67it/s, v_num=miig]Started forward pass
Batch size for logging: 32
Sampled prior
Generated molecules

Epoch 6:  35%|███▍      | 60/172 [00:10<00:19,  5.67it/s, v_num=miig]
Epoch 6:  35%|███▍      | 60/172 [00:10<00:19,  5.67it/s, v_num=miig]Started forward pass
Batch size for logging: 32
Sampled prior
Generated molecules

Epoch 6:  35%|███▌      | 61/172 [00:10<00:19,  5.68it/s, v_num=miig]
Epoch 6:  35%|███▌      | 61/172 [00:10<00:19,  5.68it/s, v_num=miig]Started forward pass
Batch size for logging: 32
Sampled prior
Generated molecules

Epoch 6:  36%|███▌      | 62/172 [00:10<00:19,  5.68it/s, v_num=miig]
Epoch 6:  36%|███▌      | 62/172 [00:10<00:19,  5.68it/s, v_num=miig]Started forward pass
Batch size for logging: 32
Sampled prior
Generated molecules

Epoch 6:  37%|███▋      | 63/172 [00:11<00:19,  5.68it/s, v_num=miig]
Epoch 6:  37%|███▋      | 63/172 [00:11<00:19,  5.68it/s, v_num=miig]Started forward pass
Batch size for logging: 32
Sampled prior
Generated molecules

Epoch 6:  37%|███▋      | 64/172 [00:11<00:19,  5.68it/s, v_num=miig]
Epoch 6:  37%|███▋      | 64/172 [00:11<00:19,  5.68it/s, v_num=miig]Started forward pass
Batch size for logging: 32
Sampled prior
Generated molecules

Epoch 6:  38%|███▊      | 65/172 [00:11<00:18,  5.68it/s, v_num=miig]
Epoch 6:  38%|███▊      | 65/172 [00:11<00:18,  5.68it/s, v_num=miig]Started forward pass
Batch size for logging: 32
Sampled prior
Generated molecules

Epoch 6:  38%|███▊      | 66/172 [00:11<00:18,  5.68it/s, v_num=miig]
Epoch 6:  38%|███▊      | 66/172 [00:11<00:18,  5.68it/s, v_num=miig]Started forward pass
Batch size for logging: 32
Sampled prior
Generated molecules

Epoch 6:  39%|███▉      | 67/172 [00:11<00:18,  5.68it/s, v_num=miig]
Epoch 6:  39%|███▉      | 67/172 [00:11<00:18,  5.68it/s, v_num=miig]Started forward pass
Batch size for logging: 32
Sampled prior
Generated molecules

Epoch 6:  40%|███▉      | 68/172 [00:11<00:18,  5.68it/s, v_num=miig]
Epoch 6:  40%|███▉      | 68/172 [00:11<00:18,  5.68it/s, v_num=miig]Started forward pass
Batch size for logging: 32
Sampled prior
Generated molecules

Epoch 6:  40%|████      | 69/172 [00:12<00:18,  5.68it/s, v_num=miig]
Epoch 6:  40%|████      | 69/172 [00:12<00:18,  5.67it/s, v_num=miig]Started forward pass
Batch size for logging: 32
Sampled prior
Generated molecules

Epoch 6:  41%|████      | 70/172 [00:12<00:17,  5.68it/s, v_num=miig]
Epoch 6:  41%|████      | 70/172 [00:12<00:17,  5.68it/s, v_num=miig]Started forward pass
Batch size for logging: 32
Sampled prior
Generated molecules

Epoch 6:  41%|████▏     | 71/172 [00:12<00:17,  5.67it/s, v_num=miig]
Epoch 6:  41%|████▏     | 71/172 [00:12<00:17,  5.67it/s, v_num=miig]Started forward pass
Batch size for logging: 32
Sampled prior
Generated molecules

Epoch 6:  42%|████▏     | 72/172 [00:12<00:17,  5.67it/s, v_num=miig]
Epoch 6:  42%|████▏     | 72/172 [00:12<00:17,  5.67it/s, v_num=miig]Started forward pass
Batch size for logging: 32
Sampled prior
Generated molecules

Epoch 6:  42%|████▏     | 73/172 [00:12<00:17,  5.67it/s, v_num=miig]
Epoch 6:  42%|████▏     | 73/172 [00:12<00:17,  5.67it/s, v_num=miig]Started forward pass
Batch size for logging: 32
Sampled prior
Generated molecules

Epoch 6:  43%|████▎     | 74/172 [00:13<00:17,  5.67it/s, v_num=miig]
Epoch 6:  43%|████▎     | 74/172 [00:13<00:17,  5.67it/s, v_num=miig]Started forward pass
Batch size for logging: 32
Sampled prior
Generated molecules

Epoch 6:  44%|████▎     | 75/172 [00:13<00:17,  5.68it/s, v_num=miig]
Epoch 6:  44%|████▎     | 75/172 [00:13<00:17,  5.68it/s, v_num=miig]Started forward pass
Batch size for logging: 32
Sampled prior
Generated molecules

Epoch 6:  44%|████▍     | 76/172 [00:13<00:16,  5.68it/s, v_num=miig]
Epoch 6:  44%|████▍     | 76/172 [00:13<00:16,  5.68it/s, v_num=miig]Started forward pass
Batch size for logging: 32
Sampled prior
Generated molecules

Epoch 6:  45%|████▍     | 77/172 [00:13<00:16,  5.68it/s, v_num=miig]
Epoch 6:  45%|████▍     | 77/172 [00:13<00:16,  5.68it/s, v_num=miig]Started forward pass
Batch size for logging: 32
Sampled prior
Generated molecules

Epoch 6:  45%|████▌     | 78/172 [00:13<00:16,  5.68it/s, v_num=miig]
Epoch 6:  45%|████▌     | 78/172 [00:13<00:16,  5.68it/s, v_num=miig]Started forward pass
Batch size for logging: 32
Sampled prior
Generated molecules

Epoch 6:  46%|████▌     | 79/172 [00:13<00:16,  5.68it/s, v_num=miig]
Epoch 6:  46%|████▌     | 79/172 [00:13<00:16,  5.68it/s, v_num=miig]Started forward pass
Batch size for logging: 32
Sampled prior
Generated molecules

Epoch 6:  47%|████▋     | 80/172 [00:14<00:16,  5.68it/s, v_num=miig]
Epoch 6:  47%|████▋     | 80/172 [00:14<00:16,  5.68it/s, v_num=miig]Started forward pass
Batch size for logging: 32
Sampled prior
Generated molecules

Epoch 6:  47%|████▋     | 81/172 [00:14<00:16,  5.68it/s, v_num=miig]
Epoch 6:  47%|████▋     | 81/172 [00:14<00:16,  5.68it/s, v_num=miig]Started forward pass
Batch size for logging: 32
Sampled prior
Generated molecules

Epoch 6:  48%|████▊     | 82/172 [00:14<00:15,  5.68it/s, v_num=miig]
Epoch 6:  48%|████▊     | 82/172 [00:14<00:15,  5.68it/s, v_num=miig]Started forward pass
Batch size for logging: 32
Sampled prior
Generated molecules

Epoch 6:  48%|████▊     | 83/172 [00:14<00:15,  5.68it/s, v_num=miig]
Epoch 6:  48%|████▊     | 83/172 [00:14<00:15,  5.68it/s, v_num=miig]Started forward pass
Batch size for logging: 32
Sampled prior
Generated molecules

Epoch 6:  49%|████▉     | 84/172 [00:14<00:15,  5.68it/s, v_num=miig]
Epoch 6:  49%|████▉     | 84/172 [00:14<00:15,  5.68it/s, v_num=miig]Started forward pass
Batch size for logging: 32
Sampled prior
Generated molecules

Epoch 6:  49%|████▉     | 85/172 [00:14<00:15,  5.68it/s, v_num=miig]
Epoch 6:  49%|████▉     | 85/172 [00:14<00:15,  5.68it/s, v_num=miig]Started forward pass
Batch size for logging: 32
Sampled prior
Generated molecules

Epoch 6:  50%|█████     | 86/172 [00:15<00:15,  5.68it/s, v_num=miig]
Epoch 6:  50%|█████     | 86/172 [00:15<00:15,  5.68it/s, v_num=miig]Started forward pass
Batch size for logging: 32
Sampled prior
Generated molecules

Epoch 6:  51%|█████     | 87/172 [00:15<00:14,  5.68it/s, v_num=miig]
Epoch 6:  51%|█████     | 87/172 [00:15<00:14,  5.68it/s, v_num=miig]Started forward pass
Batch size for logging: 32
Sampled prior
Generated molecules

Epoch 6:  51%|█████     | 88/172 [00:15<00:14,  5.68it/s, v_num=miig]
Epoch 6:  51%|█████     | 88/172 [00:15<00:14,  5.68it/s, v_num=miig]Started forward pass
Batch size for logging: 32
Sampled prior
Generated molecules

Epoch 6:  52%|█████▏    | 89/172 [00:15<00:14,  5.68it/s, v_num=miig]
Epoch 6:  52%|█████▏    | 89/172 [00:15<00:14,  5.68it/s, v_num=miig]Started forward pass
Batch size for logging: 32
Sampled prior
Generated molecules

Epoch 6:  52%|█████▏    | 90/172 [00:15<00:14,  5.68it/s, v_num=miig]
Epoch 6:  52%|█████▏    | 90/172 [00:15<00:14,  5.68it/s, v_num=miig]Started forward pass
Batch size for logging: 32
Sampled prior
Generated molecules

Epoch 6:  53%|█████▎    | 91/172 [00:16<00:14,  5.68it/s, v_num=miig]
Epoch 6:  53%|█████▎    | 91/172 [00:16<00:14,  5.68it/s, v_num=miig]Started forward pass
Batch size for logging: 32
Sampled prior
Generated molecules

Epoch 6:  53%|█████▎    | 92/172 [00:16<00:14,  5.68it/s, v_num=miig]
Epoch 6:  53%|█████▎    | 92/172 [00:16<00:14,  5.68it/s, v_num=miig]Started forward pass
Batch size for logging: 32
Sampled prior
Generated molecules

Epoch 6:  54%|█████▍    | 93/172 [00:16<00:13,  5.68it/s, v_num=miig]
Epoch 6:  54%|█████▍    | 93/172 [00:16<00:13,  5.68it/s, v_num=miig]Started forward pass
Batch size for logging: 32
Sampled prior
Generated molecules

Epoch 6:  55%|█████▍    | 94/172 [00:16<00:13,  5.68it/s, v_num=miig]
Epoch 6:  55%|█████▍    | 94/172 [00:16<00:13,  5.68it/s, v_num=miig]Started forward pass
Batch size for logging: 32
Sampled prior
Generated molecules

Epoch 6:  55%|█████▌    | 95/172 [00:16<00:13,  5.68it/s, v_num=miig]
Epoch 6:  55%|█████▌    | 95/172 [00:16<00:13,  5.68it/s, v_num=miig]Started forward pass
Batch size for logging: 32
Sampled prior
Generated molecules

Epoch 6:  56%|█████▌    | 96/172 [00:16<00:13,  5.68it/s, v_num=miig]
Epoch 6:  56%|█████▌    | 96/172 [00:16<00:13,  5.68it/s, v_num=miig]Started forward pass
Batch size for logging: 32
Sampled prior
Generated molecules

Epoch 6:  56%|█████▋    | 97/172 [00:17<00:13,  5.68it/s, v_num=miig]
Epoch 6:  56%|█████▋    | 97/172 [00:17<00:13,  5.68it/s, v_num=miig]Started forward pass
Batch size for logging: 32
Sampled prior
Generated molecules

Epoch 6:  57%|█████▋    | 98/172 [00:17<00:13,  5.68it/s, v_num=miig]
Epoch 6:  57%|█████▋    | 98/172 [00:17<00:13,  5.68it/s, v_num=miig]Started forward pass
Batch size for logging: 32
Sampled prior
Generated molecules

Epoch 6:  58%|█████▊    | 99/172 [00:17<00:12,  5.68it/s, v_num=miig]
Epoch 6:  58%|█████▊    | 99/172 [00:17<00:12,  5.68it/s, v_num=miig]Started forward pass
Batch size for logging: 32
Sampled prior
Generated molecules

Epoch 6:  58%|█████▊    | 100/172 [00:17<00:12,  5.68it/s, v_num=miig]
Epoch 6:  58%|█████▊    | 100/172 [00:17<00:12,  5.68it/s, v_num=miig]Started forward pass
Batch size for logging: 32
Sampled prior
Generated molecules

Epoch 6:  59%|█████▊    | 101/172 [00:17<00:12,  5.68it/s, v_num=miig]
Epoch 6:  59%|█████▊    | 101/172 [00:17<00:12,  5.68it/s, v_num=miig]Started forward pass
Batch size for logging: 32
Sampled prior
Generated molecules

Epoch 6:  59%|█████▉    | 102/172 [00:17<00:12,  5.68it/s, v_num=miig]
Epoch 6:  59%|█████▉    | 102/172 [00:17<00:12,  5.68it/s, v_num=miig]Started forward pass
Batch size for logging: 32
Sampled prior
Generated molecules

Epoch 6:  60%|█████▉    | 103/172 [00:18<00:12,  5.68it/s, v_num=miig]
Epoch 6:  60%|█████▉    | 103/172 [00:18<00:12,  5.68it/s, v_num=miig]Started forward pass
Batch size for logging: 32
Sampled prior
Generated molecules

Epoch 6:  60%|██████    | 104/172 [00:18<00:11,  5.68it/s, v_num=miig]
Epoch 6:  60%|██████    | 104/172 [00:18<00:11,  5.68it/s, v_num=miig]Started forward pass
Batch size for logging: 32
Sampled prior
Generated molecules

Epoch 6:  61%|██████    | 105/172 [00:18<00:11,  5.68it/s, v_num=miig]
Epoch 6:  61%|██████    | 105/172 [00:18<00:11,  5.68it/s, v_num=miig]Started forward pass
Batch size for logging: 32
Sampled prior
Generated molecules

Epoch 6:  62%|██████▏   | 106/172 [00:18<00:11,  5.68it/s, v_num=miig]
Epoch 6:  62%|██████▏   | 106/172 [00:18<00:11,  5.68it/s, v_num=miig]Started forward pass
Batch size for logging: 32
Sampled prior
Generated molecules

Epoch 6:  62%|██████▏   | 107/172 [00:18<00:11,  5.68it/s, v_num=miig]
Epoch 6:  62%|██████▏   | 107/172 [00:18<00:11,  5.68it/s, v_num=miig]Started forward pass
Batch size for logging: 32
Sampled prior
Generated molecules

Epoch 6:  63%|██████▎   | 108/172 [00:19<00:11,  5.68it/s, v_num=miig]
Epoch 6:  63%|██████▎   | 108/172 [00:19<00:11,  5.68it/s, v_num=miig]Started forward pass
Batch size for logging: 32
Sampled prior
Generated molecules

Epoch 6:  63%|██████▎   | 109/172 [00:19<00:11,  5.68it/s, v_num=miig]
Epoch 6:  63%|██████▎   | 109/172 [00:19<00:11,  5.68it/s, v_num=miig]Started forward pass
Batch size for logging: 32
Sampled prior
Generated molecules

Epoch 6:  64%|██████▍   | 110/172 [00:19<00:10,  5.68it/s, v_num=miig]
Epoch 6:  64%|██████▍   | 110/172 [00:19<00:10,  5.68it/s, v_num=miig]Started forward pass
Batch size for logging: 32
Sampled prior
Generated molecules

Epoch 6:  65%|██████▍   | 111/172 [00:19<00:10,  5.68it/s, v_num=miig]
Epoch 6:  65%|██████▍   | 111/172 [00:19<00:10,  5.68it/s, v_num=miig]Started forward pass
Batch size for logging: 32
Sampled prior
Generated molecules

Epoch 6:  65%|██████▌   | 112/172 [00:19<00:10,  5.68it/s, v_num=miig]
Epoch 6:  65%|██████▌   | 112/172 [00:19<00:10,  5.68it/s, v_num=miig]Started forward pass
Batch size for logging: 32
Sampled prior
Generated molecules

Epoch 6:  66%|██████▌   | 113/172 [00:19<00:10,  5.68it/s, v_num=miig]
Epoch 6:  66%|██████▌   | 113/172 [00:19<00:10,  5.68it/s, v_num=miig]Started forward pass
Batch size for logging: 32
Sampled prior
Generated molecules

Epoch 6:  66%|██████▋   | 114/172 [00:20<00:10,  5.68it/s, v_num=miig]
Epoch 6:  66%|██████▋   | 114/172 [00:20<00:10,  5.68it/s, v_num=miig]Started forward pass
Batch size for logging: 32
Sampled prior
Generated molecules

Epoch 6:  67%|██████▋   | 115/172 [00:20<00:10,  5.68it/s, v_num=miig]
Epoch 6:  67%|██████▋   | 115/172 [00:20<00:10,  5.68it/s, v_num=miig]Started forward pass
Batch size for logging: 32
Sampled prior
Generated molecules

Epoch 6:  67%|██████▋   | 116/172 [00:20<00:09,  5.68it/s, v_num=miig]
Epoch 6:  67%|██████▋   | 116/172 [00:20<00:09,  5.68it/s, v_num=miig]Started forward pass
Batch size for logging: 32
Sampled prior
Generated molecules

Epoch 6:  68%|██████▊   | 117/172 [00:20<00:09,  5.68it/s, v_num=miig]
Epoch 6:  68%|██████▊   | 117/172 [00:20<00:09,  5.68it/s, v_num=miig]Started forward pass
Batch size for logging: 32
Sampled prior
Generated molecules

Epoch 6:  69%|██████▊   | 118/172 [00:20<00:09,  5.68it/s, v_num=miig]
Epoch 6:  69%|██████▊   | 118/172 [00:20<00:09,  5.68it/s, v_num=miig]Started forward pass
Batch size for logging: 32
Sampled prior
Generated molecules

Epoch 6:  69%|██████▉   | 119/172 [00:20<00:09,  5.68it/s, v_num=miig]
Epoch 6:  69%|██████▉   | 119/172 [00:20<00:09,  5.68it/s, v_num=miig]Started forward pass
Batch size for logging: 32
Sampled prior
Generated molecules

Epoch 6:  70%|██████▉   | 120/172 [00:21<00:09,  5.68it/s, v_num=miig]
Epoch 6:  70%|██████▉   | 120/172 [00:21<00:09,  5.68it/s, v_num=miig]Started forward pass
Batch size for logging: 32
Sampled prior
Generated molecules

Epoch 6:  70%|███████   | 121/172 [00:21<00:08,  5.68it/s, v_num=miig]
Epoch 6:  70%|███████   | 121/172 [00:21<00:08,  5.68it/s, v_num=miig]Started forward pass
Batch size for logging: 32
Sampled prior
Generated molecules

Epoch 6:  71%|███████   | 122/172 [00:21<00:08,  5.68it/s, v_num=miig]
Epoch 6:  71%|███████   | 122/172 [00:21<00:08,  5.68it/s, v_num=miig]Started forward pass
Batch size for logging: 32
Sampled prior
Generated molecules

Epoch 6:  72%|███████▏  | 123/172 [00:21<00:08,  5.68it/s, v_num=miig]
Epoch 6:  72%|███████▏  | 123/172 [00:21<00:08,  5.68it/s, v_num=miig]Started forward pass
Batch size for logging: 32
Sampled prior
Generated molecules

Epoch 6:  72%|███████▏  | 124/172 [00:21<00:08,  5.68it/s, v_num=miig]
Epoch 6:  72%|███████▏  | 124/172 [00:21<00:08,  5.68it/s, v_num=miig]Started forward pass
Batch size for logging: 32
Sampled prior
Generated molecules

Epoch 6:  73%|███████▎  | 125/172 [00:22<00:08,  5.68it/s, v_num=miig]
Epoch 6:  73%|███████▎  | 125/172 [00:22<00:08,  5.68it/s, v_num=miig]Started forward pass
Batch size for logging: 32
Sampled prior
Generated molecules

Epoch 6:  73%|███████▎  | 126/172 [00:22<00:08,  5.68it/s, v_num=miig]
Epoch 6:  73%|███████▎  | 126/172 [00:22<00:08,  5.68it/s, v_num=miig]Started forward pass
Batch size for logging: 32
Sampled prior
Generated molecules

Epoch 6:  74%|███████▍  | 127/172 [00:22<00:07,  5.68it/s, v_num=miig]
Epoch 6:  74%|███████▍  | 127/172 [00:22<00:07,  5.68it/s, v_num=miig]Started forward pass
Batch size for logging: 32
Sampled prior
Generated molecules

Epoch 6:  74%|███████▍  | 128/172 [00:22<00:07,  5.68it/s, v_num=miig]
Epoch 6:  74%|███████▍  | 128/172 [00:22<00:07,  5.68it/s, v_num=miig]Started forward pass
Batch size for logging: 32
Sampled prior
Generated molecules

Epoch 6:  75%|███████▌  | 129/172 [00:22<00:07,  5.68it/s, v_num=miig]
Epoch 6:  75%|███████▌  | 129/172 [00:22<00:07,  5.68it/s, v_num=miig]Started forward pass
Batch size for logging: 32
Sampled prior
Generated molecules

Epoch 6:  76%|███████▌  | 130/172 [00:22<00:07,  5.68it/s, v_num=miig]
Epoch 6:  76%|███████▌  | 130/172 [00:22<00:07,  5.68it/s, v_num=miig]Started forward pass
Batch size for logging: 32
Sampled prior
Generated molecules

Epoch 6:  76%|███████▌  | 131/172 [00:23<00:07,  5.68it/s, v_num=miig]
Epoch 6:  76%|███████▌  | 131/172 [00:23<00:07,  5.68it/s, v_num=miig]Started forward pass
Batch size for logging: 32
Sampled prior
Generated molecules

Epoch 6:  77%|███████▋  | 132/172 [00:23<00:07,  5.68it/s, v_num=miig]
Epoch 6:  77%|███████▋  | 132/172 [00:23<00:07,  5.68it/s, v_num=miig]Started forward pass
Batch size for logging: 32
Sampled prior
Generated molecules

Epoch 6:  77%|███████▋  | 133/172 [00:23<00:06,  5.68it/s, v_num=miig]
Epoch 6:  77%|███████▋  | 133/172 [00:23<00:06,  5.68it/s, v_num=miig]Started forward pass
Batch size for logging: 32
Sampled prior
Generated molecules

Epoch 6:  78%|███████▊  | 134/172 [00:23<00:06,  5.68it/s, v_num=miig]
Epoch 6:  78%|███████▊  | 134/172 [00:23<00:06,  5.68it/s, v_num=miig]Started forward pass
Batch size for logging: 32
Sampled prior
Generated molecules

Epoch 6:  78%|███████▊  | 135/172 [00:23<00:06,  5.68it/s, v_num=miig]
Epoch 6:  78%|███████▊  | 135/172 [00:23<00:06,  5.68it/s, v_num=miig]Started forward pass
Batch size for logging: 32
Sampled prior
Generated molecules

Epoch 6:  79%|███████▉  | 136/172 [00:23<00:06,  5.68it/s, v_num=miig]
Epoch 6:  79%|███████▉  | 136/172 [00:23<00:06,  5.68it/s, v_num=miig]Started forward pass
Batch size for logging: 32
Sampled prior
Generated molecules

Epoch 6:  80%|███████▉  | 137/172 [00:24<00:06,  5.68it/s, v_num=miig]
Epoch 6:  80%|███████▉  | 137/172 [00:24<00:06,  5.68it/s, v_num=miig]Started forward pass
Batch size for logging: 32
Sampled prior
Generated molecules

Epoch 6:  80%|████████  | 138/172 [00:24<00:05,  5.68it/s, v_num=miig]
Epoch 6:  80%|████████  | 138/172 [00:24<00:05,  5.68it/s, v_num=miig]Started forward pass
Batch size for logging: 32
Sampled prior
Generated molecules

Epoch 6:  81%|████████  | 139/172 [00:24<00:05,  5.68it/s, v_num=miig]
Epoch 6:  81%|████████  | 139/172 [00:24<00:05,  5.68it/s, v_num=miig]Started forward pass
Batch size for logging: 32
Sampled prior
Generated molecules

Epoch 6:  81%|████████▏ | 140/172 [00:24<00:05,  5.68it/s, v_num=miig]
Epoch 6:  81%|████████▏ | 140/172 [00:24<00:05,  5.68it/s, v_num=miig]Started forward pass
Batch size for logging: 32
Sampled prior
Generated molecules

Epoch 6:  82%|████████▏ | 141/172 [00:24<00:05,  5.68it/s, v_num=miig]
Epoch 6:  82%|████████▏ | 141/172 [00:24<00:05,  5.68it/s, v_num=miig]Started forward pass
Batch size for logging: 32
Sampled prior
Generated molecules

Epoch 6:  83%|████████▎ | 142/172 [00:24<00:05,  5.68it/s, v_num=miig]
Epoch 6:  83%|████████▎ | 142/172 [00:24<00:05,  5.68it/s, v_num=miig]Started forward pass
Batch size for logging: 32
Sampled prior
Generated molecules

Epoch 6:  83%|████████▎ | 143/172 [00:25<00:05,  5.68it/s, v_num=miig]
Epoch 6:  83%|████████▎ | 143/172 [00:25<00:05,  5.68it/s, v_num=miig]Started forward pass
Batch size for logging: 32
Sampled prior
Generated molecules

Epoch 6:  84%|████████▎ | 144/172 [00:25<00:04,  5.68it/s, v_num=miig]
Epoch 6:  84%|████████▎ | 144/172 [00:25<00:04,  5.68it/s, v_num=miig]Started forward pass
Batch size for logging: 32
Sampled prior
Generated molecules

Epoch 6:  84%|████████▍ | 145/172 [00:25<00:04,  5.68it/s, v_num=miig]
Epoch 6:  84%|████████▍ | 145/172 [00:25<00:04,  5.68it/s, v_num=miig]Started forward pass
Batch size for logging: 32
Sampled prior
Generated molecules

Epoch 6:  85%|████████▍ | 146/172 [00:25<00:04,  5.68it/s, v_num=miig]
Epoch 6:  85%|████████▍ | 146/172 [00:25<00:04,  5.68it/s, v_num=miig]Started forward pass
Batch size for logging: 32
Sampled prior
Generated molecules

Epoch 6:  85%|████████▌ | 147/172 [00:25<00:04,  5.68it/s, v_num=miig]
Epoch 6:  85%|████████▌ | 147/172 [00:25<00:04,  5.68it/s, v_num=miig]Started forward pass
Batch size for logging: 32
Sampled prior
Generated molecules

Epoch 6:  86%|████████▌ | 148/172 [00:26<00:04,  5.68it/s, v_num=miig]
Epoch 6:  86%|████████▌ | 148/172 [00:26<00:04,  5.68it/s, v_num=miig]Started forward pass
Batch size for logging: 32
Sampled prior
Generated molecules

Epoch 6:  87%|████████▋ | 149/172 [00:26<00:04,  5.68it/s, v_num=miig]
Epoch 6:  87%|████████▋ | 149/172 [00:26<00:04,  5.68it/s, v_num=miig]Started forward pass
Batch size for logging: 32
Sampled prior
Generated molecules

Epoch 6:  87%|████████▋ | 150/172 [00:26<00:03,  5.68it/s, v_num=miig]
Epoch 6:  87%|████████▋ | 150/172 [00:26<00:03,  5.68it/s, v_num=miig]Started forward pass
Batch size for logging: 32
Sampled prior
Generated molecules

Epoch 6:  88%|████████▊ | 151/172 [00:26<00:03,  5.68it/s, v_num=miig]
Epoch 6:  88%|████████▊ | 151/172 [00:26<00:03,  5.68it/s, v_num=miig]Started forward pass
Batch size for logging: 32
Sampled prior
Generated molecules

Epoch 6:  88%|████████▊ | 152/172 [00:26<00:03,  5.68it/s, v_num=miig]
Epoch 6:  88%|████████▊ | 152/172 [00:26<00:03,  5.68it/s, v_num=miig]Started forward pass
Batch size for logging: 32
Sampled prior
Generated molecules

Epoch 6:  89%|████████▉ | 153/172 [00:26<00:03,  5.68it/s, v_num=miig]
Epoch 6:  89%|████████▉ | 153/172 [00:26<00:03,  5.68it/s, v_num=miig]Started forward pass
Batch size for logging: 32
Sampled prior
Generated molecules

Epoch 6:  90%|████████▉ | 154/172 [00:27<00:03,  5.68it/s, v_num=miig]
Epoch 6:  90%|████████▉ | 154/172 [00:27<00:03,  5.68it/s, v_num=miig]Started forward pass
Batch size for logging: 32
Sampled prior
Generated molecules

Epoch 6:  90%|█████████ | 155/172 [00:27<00:02,  5.68it/s, v_num=miig]
Epoch 6:  90%|█████████ | 155/172 [00:27<00:02,  5.68it/s, v_num=miig]Started forward pass
Batch size for logging: 32
Sampled prior
Generated molecules

Epoch 6:  91%|█████████ | 156/172 [00:27<00:02,  5.68it/s, v_num=miig]
Epoch 6:  91%|█████████ | 156/172 [00:27<00:02,  5.68it/s, v_num=miig]Started forward pass
Batch size for logging: 32
Sampled prior
Generated molecules

Epoch 6:  91%|█████████▏| 157/172 [00:27<00:02,  5.68it/s, v_num=miig]
Epoch 6:  91%|█████████▏| 157/172 [00:27<00:02,  5.68it/s, v_num=miig]Started forward pass
Batch size for logging: 32
Sampled prior
Generated molecules

Epoch 6:  92%|█████████▏| 158/172 [00:27<00:02,  5.68it/s, v_num=miig]
Epoch 6:  92%|█████████▏| 158/172 [00:27<00:02,  5.68it/s, v_num=miig]Started forward pass
Batch size for logging: 32
Sampled prior
Generated molecules

Epoch 6:  92%|█████████▏| 159/172 [00:27<00:02,  5.68it/s, v_num=miig]
Epoch 6:  92%|█████████▏| 159/172 [00:27<00:02,  5.68it/s, v_num=miig]Started forward pass
Batch size for logging: 32
Sampled prior
Generated molecules

Epoch 6:  93%|█████████▎| 160/172 [00:28<00:02,  5.68it/s, v_num=miig]
Epoch 6:  93%|█████████▎| 160/172 [00:28<00:02,  5.68it/s, v_num=miig]Started forward pass
Batch size for logging: 32
Sampled prior
Generated molecules

Epoch 6:  94%|█████████▎| 161/172 [00:28<00:01,  5.68it/s, v_num=miig]
Epoch 6:  94%|█████████▎| 161/172 [00:28<00:01,  5.68it/s, v_num=miig]Started forward pass
Batch size for logging: 32
Sampled prior
Generated molecules

Epoch 6:  94%|█████████▍| 162/172 [00:28<00:01,  5.68it/s, v_num=miig]
Epoch 6:  94%|█████████▍| 162/172 [00:28<00:01,  5.68it/s, v_num=miig]Started forward pass
Batch size for logging: 32
Sampled prior
Generated molecules

Epoch 6:  95%|█████████▍| 163/172 [00:28<00:01,  5.68it/s, v_num=miig]
Epoch 6:  95%|█████████▍| 163/172 [00:28<00:01,  5.68it/s, v_num=miig]Started forward pass
Batch size for logging: 32
Sampled prior
Generated molecules

Epoch 6:  95%|█████████▌| 164/172 [00:28<00:01,  5.68it/s, v_num=miig]
Epoch 6:  95%|█████████▌| 164/172 [00:28<00:01,  5.68it/s, v_num=miig]Started forward pass
Batch size for logging: 32
Sampled prior
Generated molecules

Epoch 6:  96%|█████████▌| 165/172 [00:29<00:01,  5.68it/s, v_num=miig]
Epoch 6:  96%|█████████▌| 165/172 [00:29<00:01,  5.68it/s, v_num=miig]Started forward pass
Batch size for logging: 32
Sampled prior
Generated molecules

Epoch 6:  97%|█████████▋| 166/172 [00:29<00:01,  5.68it/s, v_num=miig]
Epoch 6:  97%|█████████▋| 166/172 [00:29<00:01,  5.68it/s, v_num=miig]Started forward pass
Batch size for logging: 32
Sampled prior
Generated molecules

Epoch 6:  97%|█████████▋| 167/172 [00:29<00:00,  5.68it/s, v_num=miig]
Epoch 6:  97%|█████████▋| 167/172 [00:29<00:00,  5.68it/s, v_num=miig]Started forward pass
Batch size for logging: 32
Sampled prior
Generated molecules

Epoch 6:  98%|█████████▊| 168/172 [00:29<00:00,  5.68it/s, v_num=miig]
Epoch 6:  98%|█████████▊| 168/172 [00:29<00:00,  5.68it/s, v_num=miig]Started forward pass
Batch size for logging: 32
Sampled prior
Generated molecules

Epoch 6:  98%|█████████▊| 169/172 [00:29<00:00,  5.68it/s, v_num=miig]
Epoch 6:  98%|█████████▊| 169/172 [00:29<00:00,  5.68it/s, v_num=miig]Started forward pass
Batch size for logging: 32
Sampled prior
Generated molecules

Epoch 6:  99%|█████████▉| 170/172 [00:29<00:00,  5.69it/s, v_num=miig]
Epoch 6:  99%|█████████▉| 170/172 [00:29<00:00,  5.69it/s, v_num=miig]Started forward pass
Batch size for logging: 32
Sampled prior
Generated molecules

Epoch 6:  99%|█████████▉| 171/172 [00:30<00:00,  5.69it/s, v_num=miig]
Epoch 6:  99%|█████████▉| 171/172 [00:30<00:00,  5.69it/s, v_num=miig]Started forward pass
Batch size for logging: 28
Sampled prior
Generated molecules

Epoch 6: 100%|██████████| 172/172 [00:30<00:00,  5.69it/s, v_num=miig]
Epoch 6: 100%|██████████| 172/172 [00:30<00:00,  5.69it/s, v_num=miig]

Validation: |          | 0/? [00:00<?, ?it/s][A

Validation: |          | 0/? [00:00<?, ?it/s][A

Validation DataLoader 0:   0%|          | 0/16 [00:00<?, ?it/s][AStarted validation step
Started forward pass
Batch size for logging: 32
Sampled prior
Generated molecules
Computed forward pass in validation step
Reached here


Validation DataLoader 0:   6%|▋         | 1/16 [00:00<00:02,  5.70it/s][AStarted validation step
Started forward pass
Batch size for logging: 32
Sampled prior
Generated molecules
Computed forward pass in validation step
Reached here


Validation DataLoader 0:  12%|█▎        | 2/16 [00:00<00:02,  6.09it/s][AStarted validation step
Started forward pass
Batch size for logging: 32
Sampled prior
Generated molecules
Computed forward pass in validation step
Reached here


Validation DataLoader 0:  19%|█▉        | 3/16 [00:00<00:02,  6.22it/s][AStarted validation step
Started forward pass
Batch size for logging: 32
Sampled prior
Generated molecules
Computed forward pass in validation step
Reached here


Validation DataLoader 0:  25%|██▌       | 4/16 [00:00<00:01,  6.29it/s][AStarted validation step
Started forward pass
Batch size for logging: 32
Sampled prior
Generated molecules
Computed forward pass in validation step
Reached here


Validation DataLoader 0:  31%|███▏      | 5/16 [00:00<00:01,  6.34it/s][AStarted validation step
Started forward pass
Batch size for logging: 32
Sampled prior
Generated molecules
Computed forward pass in validation step
Reached here


Validation DataLoader 0:  38%|███▊      | 6/16 [00:00<00:01,  6.38it/s][AStarted validation step
Started forward pass
Batch size for logging: 32
Sampled prior
Generated molecules
Computed forward pass in validation step
Reached here


Validation DataLoader 0:  44%|████▍     | 7/16 [00:01<00:01,  6.40it/s][AStarted validation step
Started forward pass
Batch size for logging: 32
Sampled prior
Generated molecules
Computed forward pass in validation step
Reached here


Validation DataLoader 0:  50%|█████     | 8/16 [00:01<00:01,  6.42it/s][AStarted validation step
Started forward pass
Batch size for logging: 32
Sampled prior
Generated molecules
Computed forward pass in validation step
Reached here


Validation DataLoader 0:  56%|█████▋    | 9/16 [00:01<00:01,  6.45it/s][AStarted validation step
Started forward pass
Batch size for logging: 32
Sampled prior
Generated molecules
Computed forward pass in validation step
Reached here


Validation DataLoader 0:  62%|██████▎   | 10/16 [00:01<00:00,  6.47it/s][AStarted validation step
Started forward pass
Batch size for logging: 32
Sampled prior
Generated molecules
Computed forward pass in validation step
Reached here


Validation DataLoader 0:  69%|██████▉   | 11/16 [00:01<00:00,  6.47it/s][AStarted validation step
Started forward pass
Batch size for logging: 32
Sampled prior
Generated molecules
Computed forward pass in validation step
Reached here


Validation DataLoader 0:  75%|███████▌  | 12/16 [00:01<00:00,  6.49it/s][AStarted validation step
Started forward pass
Batch size for logging: 32
Sampled prior
Generated molecules
Computed forward pass in validation step
Reached here


Validation DataLoader 0:  81%|████████▏ | 13/16 [00:01<00:00,  6.51it/s][AStarted validation step
Started forward pass
Batch size for logging: 32
Sampled prior
Generated molecules
Computed forward pass in validation step
Reached here


Validation DataLoader 0:  88%|████████▊ | 14/16 [00:02<00:00,  6.52it/s][AStarted validation step
Started forward pass
Batch size for logging: 32
Sampled prior
Generated molecules
Computed forward pass in validation step
Reached here


Validation DataLoader 0:  94%|█████████▍| 15/16 [00:02<00:00,  6.53it/s][AStarted validation step
Started forward pass
Batch size for logging: 20
Sampled prior
Generated molecules
Computed forward pass in validation step
Reached here


Validation DataLoader 0: 100%|██████████| 16/16 [00:02<00:00,  6.66it/s][A

                                                                        [A
Epoch 6: 100%|██████████| 172/172 [00:33<00:00,  5.08it/s, v_num=miig]
Epoch 6: 100%|██████████| 172/172 [00:33<00:00,  5.08it/s, v_num=miig]
Epoch 6:   0%|          | 0/172 [00:00<?, ?it/s, v_num=miig]          
Epoch 7:   0%|          | 0/172 [00:00<?, ?it/s, v_num=miig]Started forward pass
Batch size for logging: 32
Sampled prior
Generated molecules

Epoch 7:   1%|          | 1/172 [00:00<00:37,  4.57it/s, v_num=miig]
Epoch 7:   1%|          | 1/172 [00:00<00:37,  4.55it/s, v_num=miig]Started forward pass
Batch size for logging: 32
Sampled prior
Generated molecules

Epoch 7:   1%|          | 2/172 [00:00<00:33,  5.06it/s, v_num=miig]
Epoch 7:   1%|          | 2/172 [00:00<00:33,  5.06it/s, v_num=miig]Started forward pass
Batch size for logging: 32
Sampled prior
Generated molecules

Epoch 7:   2%|▏         | 3/172 [00:00<00:32,  5.25it/s, v_num=miig]
Epoch 7:   2%|▏         | 3/172 [00:00<00:32,  5.25it/s, v_num=miig]Started forward pass
Batch size for logging: 32
Sampled prior
Generated molecules

Epoch 7:   2%|▏         | 4/172 [00:00<00:31,  5.36it/s, v_num=miig]
Epoch 7:   2%|▏         | 4/172 [00:00<00:31,  5.36it/s, v_num=miig]Started forward pass
Batch size for logging: 32
Sampled prior
Generated molecules

Epoch 7:   3%|▎         | 5/172 [00:00<00:30,  5.43it/s, v_num=miig]
Epoch 7:   3%|▎         | 5/172 [00:00<00:30,  5.42it/s, v_num=miig]Started forward pass
Batch size for logging: 32
Sampled prior
Generated molecules

Epoch 7:   3%|▎         | 6/172 [00:01<00:30,  5.47it/s, v_num=miig]
Epoch 7:   3%|▎         | 6/172 [00:01<00:30,  5.46it/s, v_num=miig]Started forward pass
Batch size for logging: 32
Sampled prior
Generated molecules

Epoch 7:   4%|▍         | 7/172 [00:01<00:30,  5.49it/s, v_num=miig]
Epoch 7:   4%|▍         | 7/172 [00:01<00:30,  5.49it/s, v_num=miig]Started forward pass
Batch size for logging: 32
Sampled prior
Generated molecules

Epoch 7:   5%|▍         | 8/172 [00:01<00:29,  5.52it/s, v_num=miig]
Epoch 7:   5%|▍         | 8/172 [00:01<00:29,  5.52it/s, v_num=miig]Started forward pass
Batch size for logging: 32
Sampled prior
Generated molecules

Epoch 7:   5%|▌         | 9/172 [00:01<00:29,  5.54it/s, v_num=miig]
Epoch 7:   5%|▌         | 9/172 [00:01<00:29,  5.54it/s, v_num=miig]Started forward pass
Batch size for logging: 32
Sampled prior
Generated molecules

Epoch 7:   6%|▌         | 10/172 [00:01<00:29,  5.56it/s, v_num=miig]
Epoch 7:   6%|▌         | 10/172 [00:01<00:29,  5.55it/s, v_num=miig]Started forward pass
Batch size for logging: 32
Sampled prior
Generated molecules

Epoch 7:   6%|▋         | 11/172 [00:01<00:28,  5.57it/s, v_num=miig]
Epoch 7:   6%|▋         | 11/172 [00:01<00:28,  5.57it/s, v_num=miig]Started forward pass
Batch size for logging: 32
Sampled prior
Generated molecules

Epoch 7:   7%|▋         | 12/172 [00:02<00:28,  5.59it/s, v_num=miig]
Epoch 7:   7%|▋         | 12/172 [00:02<00:28,  5.59it/s, v_num=miig]Started forward pass
Batch size for logging: 32
Sampled prior
Generated molecules

Epoch 7:   8%|▊         | 13/172 [00:02<00:28,  5.59it/s, v_num=miig]
Epoch 7:   8%|▊         | 13/172 [00:02<00:28,  5.59it/s, v_num=miig]Started forward pass
Batch size for logging: 32
Sampled prior
Generated molecules

Epoch 7:   8%|▊         | 14/172 [00:02<00:28,  5.60it/s, v_num=miig]
Epoch 7:   8%|▊         | 14/172 [00:02<00:28,  5.60it/s, v_num=miig]Started forward pass
Batch size for logging: 32
Sampled prior
Generated molecules

Epoch 7:   9%|▊         | 15/172 [00:02<00:27,  5.61it/s, v_num=miig]
Epoch 7:   9%|▊         | 15/172 [00:02<00:27,  5.61it/s, v_num=miig]Started forward pass
Batch size for logging: 32
Sampled prior
Generated molecules

Epoch 7:   9%|▉         | 16/172 [00:02<00:27,  5.62it/s, v_num=miig]
Epoch 7:   9%|▉         | 16/172 [00:02<00:27,  5.62it/s, v_num=miig]Started forward pass
Batch size for logging: 32
Sampled prior
Generated molecules

Epoch 7:  10%|▉         | 17/172 [00:03<00:27,  5.62it/s, v_num=miig]
Epoch 7:  10%|▉         | 17/172 [00:03<00:27,  5.61it/s, v_num=miig]Started forward pass
Batch size for logging: 32
Sampled prior
Generated molecules

Epoch 7:  10%|█         | 18/172 [00:03<00:27,  5.62it/s, v_num=miig]
Epoch 7:  10%|█         | 18/172 [00:03<00:27,  5.62it/s, v_num=miig]Started forward pass
Batch size for logging: 32
Sampled prior
Generated molecules

Epoch 7:  11%|█         | 19/172 [00:03<00:27,  5.62it/s, v_num=miig]
Epoch 7:  11%|█         | 19/172 [00:03<00:27,  5.62it/s, v_num=miig]Started forward pass
Batch size for logging: 32
Sampled prior
Generated molecules

Epoch 7:  12%|█▏        | 20/172 [00:03<00:27,  5.62it/s, v_num=miig]
Epoch 7:  12%|█▏        | 20/172 [00:03<00:27,  5.62it/s, v_num=miig]Started forward pass
Batch size for logging: 32
Sampled prior
Generated molecules

Epoch 7:  12%|█▏        | 21/172 [00:03<00:26,  5.62it/s, v_num=miig]
Epoch 7:  12%|█▏        | 21/172 [00:03<00:26,  5.62it/s, v_num=miig]Started forward pass
Batch size for logging: 32
Sampled prior
Generated molecules

Epoch 7:  13%|█▎        | 22/172 [00:03<00:26,  5.63it/s, v_num=miig]
Epoch 7:  13%|█▎        | 22/172 [00:03<00:26,  5.63it/s, v_num=miig]Started forward pass
Batch size for logging: 32
Sampled prior
Generated molecules

Epoch 7:  13%|█▎        | 23/172 [00:04<00:26,  5.63it/s, v_num=miig]
Epoch 7:  13%|█▎        | 23/172 [00:04<00:26,  5.63it/s, v_num=miig]Started forward pass
Batch size for logging: 32
Sampled prior
Generated molecules

Epoch 7:  14%|█▍        | 24/172 [00:04<00:26,  5.63it/s, v_num=miig]
Epoch 7:  14%|█▍        | 24/172 [00:04<00:26,  5.63it/s, v_num=miig]Started forward pass
Batch size for logging: 32
Sampled prior
Generated molecules

Epoch 7:  15%|█▍        | 25/172 [00:04<00:26,  5.63it/s, v_num=miig]
Epoch 7:  15%|█▍        | 25/172 [00:04<00:26,  5.63it/s, v_num=miig]Started forward pass
Batch size for logging: 32
Sampled prior
Generated molecules

Epoch 7:  15%|█▌        | 26/172 [00:04<00:25,  5.63it/s, v_num=miig]
Epoch 7:  15%|█▌        | 26/172 [00:04<00:25,  5.63it/s, v_num=miig]Started forward pass
Batch size for logging: 32
Sampled prior
Generated molecules

Epoch 7:  16%|█▌        | 27/172 [00:04<00:25,  5.64it/s, v_num=miig]
Epoch 7:  16%|█▌        | 27/172 [00:04<00:25,  5.63it/s, v_num=miig]Started forward pass
Batch size for logging: 32
Sampled prior
Generated molecules

Epoch 7:  16%|█▋        | 28/172 [00:04<00:25,  5.64it/s, v_num=miig]
Epoch 7:  16%|█▋        | 28/172 [00:04<00:25,  5.64it/s, v_num=miig]Started forward pass
Batch size for logging: 32
Sampled prior
Generated molecules

Epoch 7:  17%|█▋        | 29/172 [00:05<00:25,  5.64it/s, v_num=miig]
Epoch 7:  17%|█▋        | 29/172 [00:05<00:25,  5.64it/s, v_num=miig]Started forward pass
Batch size for logging: 32
Sampled prior
Generated molecules

Epoch 7:  17%|█▋        | 30/172 [00:05<00:25,  5.64it/s, v_num=miig]
Epoch 7:  17%|█▋        | 30/172 [00:05<00:25,  5.64it/s, v_num=miig]Started forward pass
Batch size for logging: 32
Sampled prior
Generated molecules

Epoch 7:  18%|█▊        | 31/172 [00:05<00:24,  5.64it/s, v_num=miig]
Epoch 7:  18%|█▊        | 31/172 [00:05<00:24,  5.64it/s, v_num=miig]Started forward pass
Batch size for logging: 32
Sampled prior
Generated molecules

Epoch 7:  19%|█▊        | 32/172 [00:05<00:24,  5.65it/s, v_num=miig]
Epoch 7:  19%|█▊        | 32/172 [00:05<00:24,  5.65it/s, v_num=miig]Started forward pass
Batch size for logging: 32
Sampled prior
Generated molecules

Epoch 7:  19%|█▉        | 33/172 [00:05<00:24,  5.65it/s, v_num=miig]
Epoch 7:  19%|█▉        | 33/172 [00:05<00:24,  5.65it/s, v_num=miig]Started forward pass
Batch size for logging: 32
Sampled prior
Generated molecules

Epoch 7:  20%|█▉        | 34/172 [00:06<00:24,  5.65it/s, v_num=miig]
Epoch 7:  20%|█▉        | 34/172 [00:06<00:24,  5.65it/s, v_num=miig]Started forward pass
Batch size for logging: 32
Sampled prior
Generated molecules

Epoch 7:  20%|██        | 35/172 [00:06<00:24,  5.65it/s, v_num=miig]
Epoch 7:  20%|██        | 35/172 [00:06<00:24,  5.65it/s, v_num=miig]Started forward pass
Batch size for logging: 32
Sampled prior
Generated molecules

Epoch 7:  21%|██        | 36/172 [00:06<00:24,  5.65it/s, v_num=miig]
Epoch 7:  21%|██        | 36/172 [00:06<00:24,  5.65it/s, v_num=miig]Started forward pass
Batch size for logging: 32
Sampled prior
Generated molecules

Epoch 7:  22%|██▏       | 37/172 [00:06<00:23,  5.65it/s, v_num=miig]
Epoch 7:  22%|██▏       | 37/172 [00:06<00:23,  5.65it/s, v_num=miig]Started forward pass
Batch size for logging: 32
Sampled prior
Generated molecules

Epoch 7:  22%|██▏       | 38/172 [00:06<00:23,  5.65it/s, v_num=miig]
Epoch 7:  22%|██▏       | 38/172 [00:06<00:23,  5.65it/s, v_num=miig]Started forward pass
Batch size for logging: 32
Sampled prior
Generated molecules

Epoch 7:  23%|██▎       | 39/172 [00:06<00:23,  5.65it/s, v_num=miig]
Epoch 7:  23%|██▎       | 39/172 [00:06<00:23,  5.65it/s, v_num=miig]Started forward pass
Batch size for logging: 32
Sampled prior
Generated molecules

Epoch 7:  23%|██▎       | 40/172 [00:07<00:23,  5.65it/s, v_num=miig]
Epoch 7:  23%|██▎       | 40/172 [00:07<00:23,  5.65it/s, v_num=miig]Started forward pass
Batch size for logging: 32
Sampled prior
Generated molecules

Epoch 7:  24%|██▍       | 41/172 [00:07<00:23,  5.66it/s, v_num=miig]
Epoch 7:  24%|██▍       | 41/172 [00:07<00:23,  5.65it/s, v_num=miig]Started forward pass
Batch size for logging: 32
Sampled prior
Generated molecules

Epoch 7:  24%|██▍       | 42/172 [00:07<00:22,  5.66it/s, v_num=miig]
Epoch 7:  24%|██▍       | 42/172 [00:07<00:22,  5.66it/s, v_num=miig]Started forward pass
Batch size for logging: 32
Sampled prior
Generated molecules

Epoch 7:  25%|██▌       | 43/172 [00:07<00:22,  5.66it/s, v_num=miig]
Epoch 7:  25%|██▌       | 43/172 [00:07<00:22,  5.66it/s, v_num=miig]Started forward pass
Batch size for logging: 32
Sampled prior
Generated molecules

Epoch 7:  26%|██▌       | 44/172 [00:07<00:22,  5.66it/s, v_num=miig]
Epoch 7:  26%|██▌       | 44/172 [00:07<00:22,  5.66it/s, v_num=miig]Started forward pass
Batch size for logging: 32
Sampled prior
Generated molecules

Epoch 7:  26%|██▌       | 45/172 [00:07<00:22,  5.66it/s, v_num=miig]
Epoch 7:  26%|██▌       | 45/172 [00:07<00:22,  5.66it/s, v_num=miig]Started forward pass
Batch size for logging: 32
Sampled prior
Generated molecules

Epoch 7:  27%|██▋       | 46/172 [00:08<00:22,  5.66it/s, v_num=miig]
Epoch 7:  27%|██▋       | 46/172 [00:08<00:22,  5.66it/s, v_num=miig]Started forward pass
Batch size for logging: 32
Sampled prior
Generated molecules

Epoch 7:  27%|██▋       | 47/172 [00:08<00:22,  5.66it/s, v_num=miig]
Epoch 7:  27%|██▋       | 47/172 [00:08<00:22,  5.66it/s, v_num=miig]Started forward pass
Batch size for logging: 32
Sampled prior
Generated molecules

Epoch 7:  28%|██▊       | 48/172 [00:08<00:21,  5.66it/s, v_num=miig]
Epoch 7:  28%|██▊       | 48/172 [00:08<00:21,  5.66it/s, v_num=miig]Started forward pass
Batch size for logging: 32
Sampled prior
Generated molecules

Epoch 7:  28%|██▊       | 49/172 [00:08<00:21,  5.66it/s, v_num=miig]
Epoch 7:  28%|██▊       | 49/172 [00:08<00:21,  5.66it/s, v_num=miig]Started forward pass
Batch size for logging: 32
Sampled prior
Generated molecules

Epoch 7:  29%|██▉       | 50/172 [00:08<00:21,  5.66it/s, v_num=miig]
Epoch 7:  29%|██▉       | 50/172 [00:08<00:21,  5.66it/s, v_num=miig]Started forward pass
Batch size for logging: 32
Sampled prior
Generated molecules

Epoch 7:  30%|██▉       | 51/172 [00:09<00:21,  5.66it/s, v_num=miig]
Epoch 7:  30%|██▉       | 51/172 [00:09<00:21,  5.66it/s, v_num=miig]Started forward pass
Batch size for logging: 32
Sampled prior
Generated molecules

Epoch 7:  30%|███       | 52/172 [00:09<00:21,  5.66it/s, v_num=miig]
Epoch 7:  30%|███       | 52/172 [00:09<00:21,  5.66it/s, v_num=miig]Started forward pass
Batch size for logging: 32
Sampled prior
Generated molecules

Epoch 7:  31%|███       | 53/172 [00:09<00:21,  5.66it/s, v_num=miig]
Epoch 7:  31%|███       | 53/172 [00:09<00:21,  5.66it/s, v_num=miig]Started forward pass
Batch size for logging: 32
Sampled prior
Generated molecules

Epoch 7:  31%|███▏      | 54/172 [00:09<00:20,  5.66it/s, v_num=miig]
Epoch 7:  31%|███▏      | 54/172 [00:09<00:20,  5.66it/s, v_num=miig]Started forward pass
Batch size for logging: 32
Sampled prior
Generated molecules

Epoch 7:  32%|███▏      | 55/172 [00:09<00:20,  5.66it/s, v_num=miig]
Epoch 7:  32%|███▏      | 55/172 [00:09<00:20,  5.66it/s, v_num=miig]Started forward pass
Batch size for logging: 32
Sampled prior
Generated molecules

Epoch 7:  33%|███▎      | 56/172 [00:09<00:20,  5.66it/s, v_num=miig]
Epoch 7:  33%|███▎      | 56/172 [00:09<00:20,  5.66it/s, v_num=miig]Started forward pass
Batch size for logging: 32
Sampled prior
Generated molecules

Epoch 7:  33%|███▎      | 57/172 [00:10<00:20,  5.66it/s, v_num=miig]
Epoch 7:  33%|███▎      | 57/172 [00:10<00:20,  5.66it/s, v_num=miig]Started forward pass
Batch size for logging: 32
Sampled prior
Generated molecules

Epoch 7:  34%|███▎      | 58/172 [00:10<00:20,  5.66it/s, v_num=miig]
Epoch 7:  34%|███▎      | 58/172 [00:10<00:20,  5.66it/s, v_num=miig]Started forward pass
Batch size for logging: 32
Sampled prior
Generated molecules

Epoch 7:  34%|███▍      | 59/172 [00:10<00:19,  5.67it/s, v_num=miig]
Epoch 7:  34%|███▍      | 59/172 [00:10<00:19,  5.67it/s, v_num=miig]Started forward pass
Batch size for logging: 32
Sampled prior
Generated molecules

Epoch 7:  35%|███▍      | 60/172 [00:10<00:19,  5.67it/s, v_num=miig]
Epoch 7:  35%|███▍      | 60/172 [00:10<00:19,  5.67it/s, v_num=miig]Started forward pass
Batch size for logging: 32
Sampled prior
Generated molecules

Epoch 7:  35%|███▌      | 61/172 [00:10<00:19,  5.67it/s, v_num=miig]
Epoch 7:  35%|███▌      | 61/172 [00:10<00:19,  5.67it/s, v_num=miig]Started forward pass
Batch size for logging: 32
Sampled prior
Generated molecules

Epoch 7:  36%|███▌      | 62/172 [00:10<00:19,  5.67it/s, v_num=miig]
Epoch 7:  36%|███▌      | 62/172 [00:10<00:19,  5.67it/s, v_num=miig]Started forward pass
Batch size for logging: 32
Sampled prior
Generated molecules

Epoch 7:  37%|███▋      | 63/172 [00:11<00:19,  5.67it/s, v_num=miig]
Epoch 7:  37%|███▋      | 63/172 [00:11<00:19,  5.67it/s, v_num=miig]Started forward pass
Batch size for logging: 32
Sampled prior
Generated molecules

Epoch 7:  37%|███▋      | 64/172 [00:11<00:19,  5.67it/s, v_num=miig]
Epoch 7:  37%|███▋      | 64/172 [00:11<00:19,  5.67it/s, v_num=miig]Started forward pass
Batch size for logging: 32
Sampled prior
Generated molecules

Epoch 7:  38%|███▊      | 65/172 [00:11<00:18,  5.67it/s, v_num=miig]
Epoch 7:  38%|███▊      | 65/172 [00:11<00:18,  5.67it/s, v_num=miig]Started forward pass
Batch size for logging: 32
Sampled prior
Generated molecules

Epoch 7:  38%|███▊      | 66/172 [00:11<00:18,  5.67it/s, v_num=miig]
Epoch 7:  38%|███▊      | 66/172 [00:11<00:18,  5.67it/s, v_num=miig]Started forward pass
Batch size for logging: 32
Sampled prior
Generated molecules

Epoch 7:  39%|███▉      | 67/172 [00:11<00:18,  5.67it/s, v_num=miig]
Epoch 7:  39%|███▉      | 67/172 [00:11<00:18,  5.67it/s, v_num=miig]Started forward pass
Batch size for logging: 32
Sampled prior
Generated molecules

Epoch 7:  40%|███▉      | 68/172 [00:11<00:18,  5.67it/s, v_num=miig]
Epoch 7:  40%|███▉      | 68/172 [00:11<00:18,  5.67it/s, v_num=miig]Started forward pass
Batch size for logging: 32
Sampled prior
Generated molecules

Epoch 7:  40%|████      | 69/172 [00:12<00:18,  5.67it/s, v_num=miig]
Epoch 7:  40%|████      | 69/172 [00:12<00:18,  5.67it/s, v_num=miig]Started forward pass
Batch size for logging: 32
Sampled prior
Generated molecules

Epoch 7:  41%|████      | 70/172 [00:12<00:17,  5.67it/s, v_num=miig]
Epoch 7:  41%|████      | 70/172 [00:12<00:17,  5.67it/s, v_num=miig]Started forward pass
Batch size for logging: 32
Sampled prior
Generated molecules

Epoch 7:  41%|████▏     | 71/172 [00:12<00:17,  5.67it/s, v_num=miig]
Epoch 7:  41%|████▏     | 71/172 [00:12<00:17,  5.67it/s, v_num=miig]Started forward pass
Batch size for logging: 32
Sampled prior
Generated molecules

Epoch 7:  42%|████▏     | 72/172 [00:12<00:17,  5.67it/s, v_num=miig]
Epoch 7:  42%|████▏     | 72/172 [00:12<00:17,  5.67it/s, v_num=miig]Started forward pass
Batch size for logging: 32
Sampled prior
Generated molecules

Epoch 7:  42%|████▏     | 73/172 [00:12<00:17,  5.67it/s, v_num=miig]
Epoch 7:  42%|████▏     | 73/172 [00:12<00:17,  5.67it/s, v_num=miig]Started forward pass
Batch size for logging: 32
Sampled prior
Generated molecules

Epoch 7:  43%|████▎     | 74/172 [00:13<00:17,  5.67it/s, v_num=miig]
Epoch 7:  43%|████▎     | 74/172 [00:13<00:17,  5.67it/s, v_num=miig]Started forward pass
Batch size for logging: 32
Sampled prior
Generated molecules

Epoch 7:  44%|████▎     | 75/172 [00:13<00:17,  5.67it/s, v_num=miig]
Epoch 7:  44%|████▎     | 75/172 [00:13<00:17,  5.67it/s, v_num=miig]Started forward pass
Batch size for logging: 32
Sampled prior
Generated molecules

Epoch 7:  44%|████▍     | 76/172 [00:13<00:16,  5.67it/s, v_num=miig]
Epoch 7:  44%|████▍     | 76/172 [00:13<00:16,  5.67it/s, v_num=miig]Started forward pass
Batch size for logging: 32
Sampled prior
Generated molecules

Epoch 7:  45%|████▍     | 77/172 [00:13<00:16,  5.67it/s, v_num=miig]
Epoch 7:  45%|████▍     | 77/172 [00:13<00:16,  5.67it/s, v_num=miig]Started forward pass
Batch size for logging: 32
Sampled prior
Generated molecules

Epoch 7:  45%|████▌     | 78/172 [00:13<00:16,  5.67it/s, v_num=miig]
Epoch 7:  45%|████▌     | 78/172 [00:13<00:16,  5.67it/s, v_num=miig]Started forward pass
Batch size for logging: 32
Sampled prior
Generated molecules

Epoch 7:  46%|████▌     | 79/172 [00:13<00:16,  5.67it/s, v_num=miig]
Epoch 7:  46%|████▌     | 79/172 [00:13<00:16,  5.67it/s, v_num=miig]Started forward pass
Batch size for logging: 32
Sampled prior
Generated molecules

Epoch 7:  47%|████▋     | 80/172 [00:14<00:16,  5.67it/s, v_num=miig]
Epoch 7:  47%|████▋     | 80/172 [00:14<00:16,  5.67it/s, v_num=miig]Started forward pass
Batch size for logging: 32
Sampled prior
Generated molecules

Epoch 7:  47%|████▋     | 81/172 [00:14<00:16,  5.67it/s, v_num=miig]
Epoch 7:  47%|████▋     | 81/172 [00:14<00:16,  5.67it/s, v_num=miig]Started forward pass
Batch size for logging: 32
Sampled prior
Generated molecules

Epoch 7:  48%|████▊     | 82/172 [00:14<00:15,  5.67it/s, v_num=miig]
Epoch 7:  48%|████▊     | 82/172 [00:14<00:15,  5.67it/s, v_num=miig]Started forward pass
Batch size for logging: 32
Sampled prior
Generated molecules

Epoch 7:  48%|████▊     | 83/172 [00:14<00:15,  5.67it/s, v_num=miig]
Epoch 7:  48%|████▊     | 83/172 [00:14<00:15,  5.67it/s, v_num=miig]Started forward pass
Batch size for logging: 32
Sampled prior
Generated molecules

Epoch 7:  49%|████▉     | 84/172 [00:14<00:15,  5.67it/s, v_num=miig]
Epoch 7:  49%|████▉     | 84/172 [00:14<00:15,  5.67it/s, v_num=miig]Started forward pass
Batch size for logging: 32
Sampled prior
Generated molecules

Epoch 7:  49%|████▉     | 85/172 [00:14<00:15,  5.67it/s, v_num=miig]
Epoch 7:  49%|████▉     | 85/172 [00:14<00:15,  5.67it/s, v_num=miig]Started forward pass
Batch size for logging: 32
Sampled prior
Generated molecules

Epoch 7:  50%|█████     | 86/172 [00:15<00:15,  5.67it/s, v_num=miig]
Epoch 7:  50%|█████     | 86/172 [00:15<00:15,  5.67it/s, v_num=miig]Started forward pass
Batch size for logging: 32
Sampled prior
Generated molecules

Epoch 7:  51%|█████     | 87/172 [00:15<00:14,  5.67it/s, v_num=miig]
Epoch 7:  51%|█████     | 87/172 [00:15<00:14,  5.67it/s, v_num=miig]Started forward pass
Batch size for logging: 32
Sampled prior
Generated molecules

Epoch 7:  51%|█████     | 88/172 [00:15<00:14,  5.67it/s, v_num=miig]
Epoch 7:  51%|█████     | 88/172 [00:15<00:14,  5.67it/s, v_num=miig]Started forward pass
Batch size for logging: 32
Sampled prior
Generated molecules

Epoch 7:  52%|█████▏    | 89/172 [00:15<00:14,  5.67it/s, v_num=miig]
Epoch 7:  52%|█████▏    | 89/172 [00:15<00:14,  5.67it/s, v_num=miig]Started forward pass
Batch size for logging: 32
Sampled prior
Generated molecules

Epoch 7:  52%|█████▏    | 90/172 [00:15<00:14,  5.67it/s, v_num=miig]
Epoch 7:  52%|█████▏    | 90/172 [00:15<00:14,  5.67it/s, v_num=miig]Started forward pass
Batch size for logging: 32
Sampled prior
Generated molecules

Epoch 7:  53%|█████▎    | 91/172 [00:16<00:14,  5.67it/s, v_num=miig]
Epoch 7:  53%|█████▎    | 91/172 [00:16<00:14,  5.67it/s, v_num=miig]Started forward pass
Batch size for logging: 32
Sampled prior
Generated molecules

Epoch 7:  53%|█████▎    | 92/172 [00:16<00:14,  5.67it/s, v_num=miig]
Epoch 7:  53%|█████▎    | 92/172 [00:16<00:14,  5.67it/s, v_num=miig]Started forward pass
Batch size for logging: 32
Sampled prior
Generated molecules

Epoch 7:  54%|█████▍    | 93/172 [00:16<00:13,  5.67it/s, v_num=miig]
Epoch 7:  54%|█████▍    | 93/172 [00:16<00:13,  5.67it/s, v_num=miig]Started forward pass
Batch size for logging: 32
Sampled prior
Generated molecules

Epoch 7:  55%|█████▍    | 94/172 [00:16<00:13,  5.67it/s, v_num=miig]
Epoch 7:  55%|█████▍    | 94/172 [00:16<00:13,  5.67it/s, v_num=miig]Started forward pass
Batch size for logging: 32
Sampled prior
Generated molecules

Epoch 7:  55%|█████▌    | 95/172 [00:16<00:13,  5.67it/s, v_num=miig]
Epoch 7:  55%|█████▌    | 95/172 [00:16<00:13,  5.67it/s, v_num=miig]Started forward pass
Batch size for logging: 32
Sampled prior
Generated molecules

Epoch 7:  56%|█████▌    | 96/172 [00:16<00:13,  5.68it/s, v_num=miig]
Epoch 7:  56%|█████▌    | 96/172 [00:16<00:13,  5.67it/s, v_num=miig]Started forward pass
Batch size for logging: 32
Sampled prior
Generated molecules

Epoch 7:  56%|█████▋    | 97/172 [00:17<00:13,  5.67it/s, v_num=miig]
Epoch 7:  56%|█████▋    | 97/172 [00:17<00:13,  5.67it/s, v_num=miig]Started forward pass
Batch size for logging: 32
Sampled prior
Generated molecules

Epoch 7:  57%|█████▋    | 98/172 [00:17<00:13,  5.68it/s, v_num=miig]
Epoch 7:  57%|█████▋    | 98/172 [00:17<00:13,  5.67it/s, v_num=miig]Started forward pass
Batch size for logging: 32
Sampled prior
Generated molecules

Epoch 7:  58%|█████▊    | 99/172 [00:17<00:12,  5.68it/s, v_num=miig]
Epoch 7:  58%|█████▊    | 99/172 [00:17<00:12,  5.68it/s, v_num=miig]Started forward pass
Batch size for logging: 32
Sampled prior
Generated molecules

Epoch 7:  58%|█████▊    | 100/172 [00:17<00:12,  5.68it/s, v_num=miig]
Epoch 7:  58%|█████▊    | 100/172 [00:17<00:12,  5.68it/s, v_num=miig]Started forward pass
Batch size for logging: 32
Sampled prior
Generated molecules

Epoch 7:  59%|█████▊    | 101/172 [00:17<00:12,  5.68it/s, v_num=miig]
Epoch 7:  59%|█████▊    | 101/172 [00:17<00:12,  5.68it/s, v_num=miig]Started forward pass
Batch size for logging: 32
Sampled prior
Generated molecules

Epoch 7:  59%|█████▉    | 102/172 [00:18<00:12,  5.63it/s, v_num=miig]
Epoch 7:  59%|█████▉    | 102/172 [00:18<00:12,  5.63it/s, v_num=miig]Started forward pass
Batch size for logging: 32
Sampled prior
Generated molecules

Epoch 7:  60%|█████▉    | 103/172 [00:18<00:12,  5.63it/s, v_num=miig]
Epoch 7:  60%|█████▉    | 103/172 [00:18<00:12,  5.63it/s, v_num=miig]Started forward pass
Batch size for logging: 32
Sampled prior
Generated molecules

Epoch 7:  60%|██████    | 104/172 [00:18<00:12,  5.63it/s, v_num=miig]
Epoch 7:  60%|██████    | 104/172 [00:18<00:12,  5.63it/s, v_num=miig]Started forward pass
Batch size for logging: 32
Sampled prior
Generated molecules

Epoch 7:  61%|██████    | 105/172 [00:18<00:11,  5.63it/s, v_num=miig]
Epoch 7:  61%|██████    | 105/172 [00:18<00:11,  5.63it/s, v_num=miig]Started forward pass
Batch size for logging: 32
Sampled prior
Generated molecules

Epoch 7:  62%|██████▏   | 106/172 [00:18<00:11,  5.63it/s, v_num=miig]
Epoch 7:  62%|██████▏   | 106/172 [00:18<00:11,  5.63it/s, v_num=miig]Started forward pass
Batch size for logging: 32
Sampled prior
Generated molecules

Epoch 7:  62%|██████▏   | 107/172 [00:19<00:11,  5.63it/s, v_num=miig]
Epoch 7:  62%|██████▏   | 107/172 [00:19<00:11,  5.63it/s, v_num=miig]Started forward pass
Batch size for logging: 32
Sampled prior
Generated molecules

Epoch 7:  63%|██████▎   | 108/172 [00:19<00:11,  5.63it/s, v_num=miig]
Epoch 7:  63%|██████▎   | 108/172 [00:19<00:11,  5.63it/s, v_num=miig]Started forward pass
Batch size for logging: 32
Sampled prior
Generated molecules

Epoch 7:  63%|██████▎   | 109/172 [00:19<00:11,  5.63it/s, v_num=miig]
Epoch 7:  63%|██████▎   | 109/172 [00:19<00:11,  5.63it/s, v_num=miig]Started forward pass
Batch size for logging: 32
Sampled prior
Generated molecules

Epoch 7:  64%|██████▍   | 110/172 [00:19<00:11,  5.63it/s, v_num=miig]
Epoch 7:  64%|██████▍   | 110/172 [00:19<00:11,  5.63it/s, v_num=miig]Started forward pass
Batch size for logging: 32
Sampled prior
Generated molecules

Epoch 7:  65%|██████▍   | 111/172 [00:19<00:10,  5.63it/s, v_num=miig]
Epoch 7:  65%|██████▍   | 111/172 [00:19<00:10,  5.63it/s, v_num=miig]Started forward pass
Batch size for logging: 32
Sampled prior
Generated molecules

Epoch 7:  65%|██████▌   | 112/172 [00:19<00:10,  5.63it/s, v_num=miig]
Epoch 7:  65%|██████▌   | 112/172 [00:19<00:10,  5.63it/s, v_num=miig]Started forward pass
Batch size for logging: 32
Sampled prior
Generated molecules

Epoch 7:  66%|██████▌   | 113/172 [00:20<00:10,  5.63it/s, v_num=miig]
Epoch 7:  66%|██████▌   | 113/172 [00:20<00:10,  5.63it/s, v_num=miig]Started forward pass
Batch size for logging: 32
Sampled prior
Generated molecules

Epoch 7:  66%|██████▋   | 114/172 [00:20<00:10,  5.63it/s, v_num=miig]
Epoch 7:  66%|██████▋   | 114/172 [00:20<00:10,  5.63it/s, v_num=miig]Started forward pass
Batch size for logging: 32
Sampled prior
Generated molecules

Epoch 7:  67%|██████▋   | 115/172 [00:20<00:10,  5.63it/s, v_num=miig]
Epoch 7:  67%|██████▋   | 115/172 [00:20<00:10,  5.63it/s, v_num=miig]Started forward pass
Batch size for logging: 32
Sampled prior
Generated molecules

Epoch 7:  67%|██████▋   | 116/172 [00:20<00:09,  5.63it/s, v_num=miig]
Epoch 7:  67%|██████▋   | 116/172 [00:20<00:09,  5.63it/s, v_num=miig]Started forward pass
Batch size for logging: 32
Sampled prior
Generated molecules

Epoch 7:  68%|██████▊   | 117/172 [00:20<00:09,  5.63it/s, v_num=miig]
Epoch 7:  68%|██████▊   | 117/172 [00:20<00:09,  5.63it/s, v_num=miig]Started forward pass
Batch size for logging: 32
Sampled prior
Generated molecules

Epoch 7:  69%|██████▊   | 118/172 [00:20<00:09,  5.63it/s, v_num=miig]
Epoch 7:  69%|██████▊   | 118/172 [00:20<00:09,  5.63it/s, v_num=miig]Started forward pass
Batch size for logging: 32
Sampled prior
Generated molecules

Epoch 7:  69%|██████▉   | 119/172 [00:21<00:09,  5.63it/s, v_num=miig]
Epoch 7:  69%|██████▉   | 119/172 [00:21<00:09,  5.63it/s, v_num=miig]Started forward pass
Batch size for logging: 32
Sampled prior
Generated molecules

Epoch 7:  70%|██████▉   | 120/172 [00:21<00:09,  5.64it/s, v_num=miig]
Epoch 7:  70%|██████▉   | 120/172 [00:21<00:09,  5.63it/s, v_num=miig]Started forward pass
Batch size for logging: 32
Sampled prior
Generated molecules

Epoch 7:  70%|███████   | 121/172 [00:21<00:09,  5.64it/s, v_num=miig]
Epoch 7:  70%|███████   | 121/172 [00:21<00:09,  5.64it/s, v_num=miig]Started forward pass
Batch size for logging: 32
Sampled prior
Generated molecules

Epoch 7:  71%|███████   | 122/172 [00:21<00:08,  5.64it/s, v_num=miig]
Epoch 7:  71%|███████   | 122/172 [00:21<00:08,  5.64it/s, v_num=miig]Started forward pass
Batch size for logging: 32
Sampled prior
Generated molecules

Epoch 7:  72%|███████▏  | 123/172 [00:21<00:08,  5.64it/s, v_num=miig]
Epoch 7:  72%|███████▏  | 123/172 [00:21<00:08,  5.64it/s, v_num=miig]Started forward pass
Batch size for logging: 32
Sampled prior
Generated molecules

Epoch 7:  72%|███████▏  | 124/172 [00:21<00:08,  5.64it/s, v_num=miig]
Epoch 7:  72%|███████▏  | 124/172 [00:21<00:08,  5.64it/s, v_num=miig]Started forward pass
Batch size for logging: 32
Sampled prior
Generated molecules

Epoch 7:  73%|███████▎  | 125/172 [00:22<00:08,  5.64it/s, v_num=miig]
Epoch 7:  73%|███████▎  | 125/172 [00:22<00:08,  5.64it/s, v_num=miig]Started forward pass
Batch size for logging: 32
Sampled prior
Generated molecules

Epoch 7:  73%|███████▎  | 126/172 [00:22<00:08,  5.64it/s, v_num=miig]
Epoch 7:  73%|███████▎  | 126/172 [00:22<00:08,  5.64it/s, v_num=miig]Started forward pass
Batch size for logging: 32
Sampled prior
Generated molecules

Epoch 7:  74%|███████▍  | 127/172 [00:22<00:07,  5.64it/s, v_num=miig]
Epoch 7:  74%|███████▍  | 127/172 [00:22<00:07,  5.64it/s, v_num=miig]Started forward pass
Batch size for logging: 32
Sampled prior
Generated molecules

Epoch 7:  74%|███████▍  | 128/172 [00:22<00:07,  5.64it/s, v_num=miig]
Epoch 7:  74%|███████▍  | 128/172 [00:22<00:07,  5.64it/s, v_num=miig]Started forward pass
Batch size for logging: 32
Sampled prior
Generated molecules

Epoch 7:  75%|███████▌  | 129/172 [00:22<00:07,  5.64it/s, v_num=miig]
Epoch 7:  75%|███████▌  | 129/172 [00:22<00:07,  5.64it/s, v_num=miig]Started forward pass
Batch size for logging: 32
Sampled prior
Generated molecules

Epoch 7:  76%|███████▌  | 130/172 [00:23<00:07,  5.64it/s, v_num=miig]
Epoch 7:  76%|███████▌  | 130/172 [00:23<00:07,  5.64it/s, v_num=miig]Started forward pass
Batch size for logging: 32
Sampled prior
Generated molecules

Epoch 7:  76%|███████▌  | 131/172 [00:23<00:07,  5.64it/s, v_num=miig]
Epoch 7:  76%|███████▌  | 131/172 [00:23<00:07,  5.64it/s, v_num=miig]Started forward pass
Batch size for logging: 32
Sampled prior
Generated molecules

Epoch 7:  77%|███████▋  | 132/172 [00:23<00:07,  5.64it/s, v_num=miig]
Epoch 7:  77%|███████▋  | 132/172 [00:23<00:07,  5.64it/s, v_num=miig]Started forward pass
Batch size for logging: 32
Sampled prior
Generated molecules

Epoch 7:  77%|███████▋  | 133/172 [00:23<00:06,  5.64it/s, v_num=miig]
Epoch 7:  77%|███████▋  | 133/172 [00:23<00:06,  5.64it/s, v_num=miig]Started forward pass
Batch size for logging: 32
Sampled prior
Generated molecules

Epoch 7:  78%|███████▊  | 134/172 [00:23<00:06,  5.64it/s, v_num=miig]
Epoch 7:  78%|███████▊  | 134/172 [00:23<00:06,  5.64it/s, v_num=miig]Started forward pass
Batch size for logging: 32
Sampled prior
Generated molecules

Epoch 7:  78%|███████▊  | 135/172 [00:23<00:06,  5.64it/s, v_num=miig]
Epoch 7:  78%|███████▊  | 135/172 [00:23<00:06,  5.64it/s, v_num=miig]Started forward pass
Batch size for logging: 32
Sampled prior
Generated molecules

Epoch 7:  79%|███████▉  | 136/172 [00:24<00:06,  5.64it/s, v_num=miig]
Epoch 7:  79%|███████▉  | 136/172 [00:24<00:06,  5.64it/s, v_num=miig]Started forward pass
Batch size for logging: 32
Sampled prior
Generated molecules

Epoch 7:  80%|███████▉  | 137/172 [00:24<00:06,  5.64it/s, v_num=miig]
Epoch 7:  80%|███████▉  | 137/172 [00:24<00:06,  5.64it/s, v_num=miig]Started forward pass
Batch size for logging: 32
Sampled prior
Generated molecules

Epoch 7:  80%|████████  | 138/172 [00:24<00:06,  5.64it/s, v_num=miig]
Epoch 7:  80%|████████  | 138/172 [00:24<00:06,  5.64it/s, v_num=miig]Started forward pass
Batch size for logging: 32
Sampled prior
Generated molecules

Epoch 7:  81%|████████  | 139/172 [00:24<00:05,  5.64it/s, v_num=miig]
Epoch 7:  81%|████████  | 139/172 [00:24<00:05,  5.64it/s, v_num=miig]Started forward pass
Batch size for logging: 32
Sampled prior
Generated molecules

Epoch 7:  81%|████████▏ | 140/172 [00:24<00:05,  5.64it/s, v_num=miig]
Epoch 7:  81%|████████▏ | 140/172 [00:24<00:05,  5.64it/s, v_num=miig]Started forward pass
Batch size for logging: 32
Sampled prior
Generated molecules

Epoch 7:  82%|████████▏ | 141/172 [00:24<00:05,  5.64it/s, v_num=miig]
Epoch 7:  82%|████████▏ | 141/172 [00:24<00:05,  5.64it/s, v_num=miig]Started forward pass
Batch size for logging: 32
Sampled prior
Generated molecules

Epoch 7:  83%|████████▎ | 142/172 [00:25<00:05,  5.64it/s, v_num=miig]
Epoch 7:  83%|████████▎ | 142/172 [00:25<00:05,  5.64it/s, v_num=miig]Started forward pass
Batch size for logging: 32
Sampled prior
Generated molecules

Epoch 7:  83%|████████▎ | 143/172 [00:25<00:05,  5.64it/s, v_num=miig]
Epoch 7:  83%|████████▎ | 143/172 [00:25<00:05,  5.64it/s, v_num=miig]Started forward pass
Batch size for logging: 32
Sampled prior
Generated molecules

Epoch 7:  84%|████████▎ | 144/172 [00:25<00:04,  5.64it/s, v_num=miig]
Epoch 7:  84%|████████▎ | 144/172 [00:25<00:04,  5.64it/s, v_num=miig]Started forward pass
Batch size for logging: 32
Sampled prior
Generated molecules

Epoch 7:  84%|████████▍ | 145/172 [00:25<00:04,  5.65it/s, v_num=miig]
Epoch 7:  84%|████████▍ | 145/172 [00:25<00:04,  5.65it/s, v_num=miig]Started forward pass
Batch size for logging: 32
Sampled prior
Generated molecules

Epoch 7:  85%|████████▍ | 146/172 [00:25<00:04,  5.65it/s, v_num=miig]
Epoch 7:  85%|████████▍ | 146/172 [00:25<00:04,  5.65it/s, v_num=miig]Started forward pass
Batch size for logging: 32
Sampled prior
Generated molecules

Epoch 7:  85%|████████▌ | 147/172 [00:26<00:04,  5.65it/s, v_num=miig]
Epoch 7:  85%|████████▌ | 147/172 [00:26<00:04,  5.65it/s, v_num=miig]Started forward pass
Batch size for logging: 32
Sampled prior
Generated molecules

Epoch 7:  86%|████████▌ | 148/172 [00:26<00:04,  5.65it/s, v_num=miig]
Epoch 7:  86%|████████▌ | 148/172 [00:26<00:04,  5.65it/s, v_num=miig]Started forward pass
Batch size for logging: 32
Sampled prior
Generated molecules

Epoch 7:  87%|████████▋ | 149/172 [00:26<00:04,  5.65it/s, v_num=miig]
Epoch 7:  87%|████████▋ | 149/172 [00:26<00:04,  5.65it/s, v_num=miig]Started forward pass
Batch size for logging: 32
Sampled prior
Generated molecules

Epoch 7:  87%|████████▋ | 150/172 [00:26<00:03,  5.65it/s, v_num=miig]
Epoch 7:  87%|████████▋ | 150/172 [00:26<00:03,  5.65it/s, v_num=miig]Started forward pass
Batch size for logging: 32
Sampled prior
Generated molecules

Epoch 7:  88%|████████▊ | 151/172 [00:26<00:03,  5.65it/s, v_num=miig]
Epoch 7:  88%|████████▊ | 151/172 [00:26<00:03,  5.65it/s, v_num=miig]Started forward pass
Batch size for logging: 32
Sampled prior
Generated molecules

Epoch 7:  88%|████████▊ | 152/172 [00:26<00:03,  5.65it/s, v_num=miig]
Epoch 7:  88%|████████▊ | 152/172 [00:26<00:03,  5.65it/s, v_num=miig]Started forward pass
Batch size for logging: 32
Sampled prior
Generated molecules

Epoch 7:  89%|████████▉ | 153/172 [00:27<00:03,  5.65it/s, v_num=miig]
Epoch 7:  89%|████████▉ | 153/172 [00:27<00:03,  5.65it/s, v_num=miig]Started forward pass
Batch size for logging: 32
Sampled prior
Generated molecules

Epoch 7:  90%|████████▉ | 154/172 [00:27<00:03,  5.65it/s, v_num=miig]
Epoch 7:  90%|████████▉ | 154/172 [00:27<00:03,  5.65it/s, v_num=miig]Started forward pass
Batch size for logging: 32
Sampled prior
Generated molecules

Epoch 7:  90%|█████████ | 155/172 [00:27<00:03,  5.65it/s, v_num=miig]
Epoch 7:  90%|█████████ | 155/172 [00:27<00:03,  5.65it/s, v_num=miig]Started forward pass
Batch size for logging: 32
Sampled prior
Generated molecules

Epoch 7:  91%|█████████ | 156/172 [00:27<00:02,  5.65it/s, v_num=miig]
Epoch 7:  91%|█████████ | 156/172 [00:27<00:02,  5.65it/s, v_num=miig]Started forward pass
Batch size for logging: 32
Sampled prior
Generated molecules

Epoch 7:  91%|█████████▏| 157/172 [00:27<00:02,  5.65it/s, v_num=miig]
Epoch 7:  91%|█████████▏| 157/172 [00:27<00:02,  5.65it/s, v_num=miig]Started forward pass
Batch size for logging: 32
Sampled prior
Generated molecules

Epoch 7:  92%|█████████▏| 158/172 [00:27<00:02,  5.65it/s, v_num=miig]
Epoch 7:  92%|█████████▏| 158/172 [00:27<00:02,  5.65it/s, v_num=miig]Started forward pass
Batch size for logging: 32
Sampled prior
Generated molecules

Epoch 7:  92%|█████████▏| 159/172 [00:28<00:02,  5.65it/s, v_num=miig]
Epoch 7:  92%|█████████▏| 159/172 [00:28<00:02,  5.65it/s, v_num=miig]Started forward pass
Batch size for logging: 32
Sampled prior
Generated molecules

Epoch 7:  93%|█████████▎| 160/172 [00:28<00:02,  5.65it/s, v_num=miig]
Epoch 7:  93%|█████████▎| 160/172 [00:28<00:02,  5.65it/s, v_num=miig]Started forward pass
Batch size for logging: 32
Sampled prior
Generated molecules

Epoch 7:  94%|█████████▎| 161/172 [00:28<00:01,  5.65it/s, v_num=miig]
Epoch 7:  94%|█████████▎| 161/172 [00:28<00:01,  5.65it/s, v_num=miig]Started forward pass
Batch size for logging: 32
Sampled prior
Generated molecules

Epoch 7:  94%|█████████▍| 162/172 [00:28<00:01,  5.65it/s, v_num=miig]
Epoch 7:  94%|█████████▍| 162/172 [00:28<00:01,  5.65it/s, v_num=miig]Started forward pass
Batch size for logging: 32
Sampled prior
Generated molecules

Epoch 7:  95%|█████████▍| 163/172 [00:28<00:01,  5.65it/s, v_num=miig]
Epoch 7:  95%|█████████▍| 163/172 [00:28<00:01,  5.65it/s, v_num=miig]Started forward pass
Batch size for logging: 32
Sampled prior
Generated molecules

Epoch 7:  95%|█████████▌| 164/172 [00:29<00:01,  5.65it/s, v_num=miig]
Epoch 7:  95%|█████████▌| 164/172 [00:29<00:01,  5.65it/s, v_num=miig]Started forward pass
Batch size for logging: 32
Sampled prior
Generated molecules

Epoch 7:  96%|█████████▌| 165/172 [00:29<00:01,  5.65it/s, v_num=miig]
Epoch 7:  96%|█████████▌| 165/172 [00:29<00:01,  5.65it/s, v_num=miig]Started forward pass
Batch size for logging: 32
Sampled prior
Generated molecules

Epoch 7:  97%|█████████▋| 166/172 [00:29<00:01,  5.65it/s, v_num=miig]
Epoch 7:  97%|█████████▋| 166/172 [00:29<00:01,  5.65it/s, v_num=miig]Started forward pass
Batch size for logging: 32
Sampled prior
Generated molecules

Epoch 7:  97%|█████████▋| 167/172 [00:29<00:00,  5.65it/s, v_num=miig]
Epoch 7:  97%|█████████▋| 167/172 [00:29<00:00,  5.65it/s, v_num=miig]Started forward pass
Batch size for logging: 32
Sampled prior
Generated molecules

Epoch 7:  98%|█████████▊| 168/172 [00:29<00:00,  5.65it/s, v_num=miig]
Epoch 7:  98%|█████████▊| 168/172 [00:29<00:00,  5.65it/s, v_num=miig]Started forward pass
Batch size for logging: 32
Sampled prior
Generated molecules

Epoch 7:  98%|█████████▊| 169/172 [00:29<00:00,  5.66it/s, v_num=miig]
Epoch 7:  98%|█████████▊| 169/172 [00:29<00:00,  5.66it/s, v_num=miig]Started forward pass
Batch size for logging: 32
Sampled prior
Generated molecules

Epoch 7:  99%|█████████▉| 170/172 [00:30<00:00,  5.66it/s, v_num=miig]
Epoch 7:  99%|█████████▉| 170/172 [00:30<00:00,  5.66it/s, v_num=miig]Started forward pass
Batch size for logging: 32
Sampled prior
Generated molecules

Epoch 7:  99%|█████████▉| 171/172 [00:30<00:00,  5.66it/s, v_num=miig]
Epoch 7:  99%|█████████▉| 171/172 [00:30<00:00,  5.66it/s, v_num=miig]Started forward pass
Batch size for logging: 28
Sampled prior
Generated molecules

Epoch 7: 100%|██████████| 172/172 [00:30<00:00,  5.66it/s, v_num=miig]
Epoch 7: 100%|██████████| 172/172 [00:30<00:00,  5.66it/s, v_num=miig]

Validation: |          | 0/? [00:00<?, ?it/s][A

Validation: |          | 0/? [00:00<?, ?it/s][A

Validation DataLoader 0:   0%|          | 0/16 [00:00<?, ?it/s][AStarted validation step
Started forward pass
Batch size for logging: 32
Sampled prior
Generated molecules
Computed forward pass in validation step
Reached here


Validation DataLoader 0:   6%|▋         | 1/16 [00:00<00:02,  5.74it/s][AStarted validation step
Started forward pass
Batch size for logging: 32
Sampled prior
Generated molecules
Computed forward pass in validation step
Reached here


Validation DataLoader 0:  12%|█▎        | 2/16 [00:00<00:02,  6.08it/s][AStarted validation step
Started forward pass
Batch size for logging: 32
Sampled prior
Generated molecules
Computed forward pass in validation step
Reached here


Validation DataLoader 0:  19%|█▉        | 3/16 [00:00<00:02,  6.22it/s][AStarted validation step
Started forward pass
Batch size for logging: 32
Sampled prior
Generated molecules
Computed forward pass in validation step
Reached here


Validation DataLoader 0:  25%|██▌       | 4/16 [00:00<00:01,  6.30it/s][AStarted validation step
Started forward pass
Batch size for logging: 32
Sampled prior
Generated molecules
Computed forward pass in validation step
Reached here


Validation DataLoader 0:  31%|███▏      | 5/16 [00:00<00:01,  6.35it/s][AStarted validation step
Started forward pass
Batch size for logging: 32
Sampled prior
Generated molecules
Computed forward pass in validation step
Reached here


Validation DataLoader 0:  38%|███▊      | 6/16 [00:00<00:01,  6.39it/s][AStarted validation step
Started forward pass
Batch size for logging: 32
Sampled prior
Generated molecules
Computed forward pass in validation step
Reached here


Validation DataLoader 0:  44%|████▍     | 7/16 [00:01<00:01,  6.39it/s][AStarted validation step
Started forward pass
Batch size for logging: 32
Sampled prior
Generated molecules
Computed forward pass in validation step
Reached here


Validation DataLoader 0:  50%|█████     | 8/16 [00:01<00:01,  6.40it/s][AStarted validation step
Started forward pass
Batch size for logging: 32
Sampled prior
Generated molecules
Computed forward pass in validation step
Reached here


Validation DataLoader 0:  56%|█████▋    | 9/16 [00:01<00:01,  6.42it/s][AStarted validation step
Started forward pass
Batch size for logging: 32
Sampled prior
Generated molecules
Computed forward pass in validation step
Reached here


Validation DataLoader 0:  62%|██████▎   | 10/16 [00:01<00:00,  6.45it/s][AStarted validation step
Started forward pass
Batch size for logging: 32
Sampled prior
Generated molecules
Computed forward pass in validation step
Reached here


Validation DataLoader 0:  69%|██████▉   | 11/16 [00:01<00:00,  6.45it/s][AStarted validation step
Started forward pass
Batch size for logging: 32
Sampled prior
Generated molecules
Computed forward pass in validation step
Reached here


Validation DataLoader 0:  75%|███████▌  | 12/16 [00:01<00:00,  6.48it/s][AStarted validation step
Started forward pass
Batch size for logging: 32
Sampled prior
Generated molecules
Computed forward pass in validation step
Reached here


Validation DataLoader 0:  81%|████████▏ | 13/16 [00:02<00:00,  6.50it/s][AStarted validation step
Started forward pass
Batch size for logging: 32
Sampled prior
Generated molecules
Computed forward pass in validation step
Reached here


Validation DataLoader 0:  88%|████████▊ | 14/16 [00:02<00:00,  6.51it/s][AStarted validation step
Started forward pass
Batch size for logging: 32
Sampled prior
Generated molecules
Computed forward pass in validation step
Reached here


Validation DataLoader 0:  94%|█████████▍| 15/16 [00:02<00:00,  6.52it/s][AStarted validation step
Started forward pass
Batch size for logging: 20
Sampled prior
Generated molecules
Computed forward pass in validation step
Reached here


Validation DataLoader 0: 100%|██████████| 16/16 [00:02<00:00,  6.65it/s][A

                                                                        [A
Epoch 7: 100%|██████████| 172/172 [00:34<00:00,  5.03it/s, v_num=miig]
Epoch 7: 100%|██████████| 172/172 [00:34<00:00,  5.03it/s, v_num=miig]
Epoch 7:   0%|          | 0/172 [00:00<?, ?it/s, v_num=miig]          
Epoch 8:   0%|          | 0/172 [00:00<?, ?it/s, v_num=miig]Started forward pass
Batch size for logging: 32
Sampled prior
Generated molecules

Epoch 8:   1%|          | 1/172 [00:00<00:38,  4.43it/s, v_num=miig]
Epoch 8:   1%|          | 1/172 [00:00<00:38,  4.42it/s, v_num=miig]Started forward pass
Batch size for logging: 32
Sampled prior
Generated molecules

Epoch 8:   1%|          | 2/172 [00:00<00:34,  4.96it/s, v_num=miig]
Epoch 8:   1%|          | 2/172 [00:00<00:34,  4.96it/s, v_num=miig]Started forward pass
Batch size for logging: 32
Sampled prior
Generated molecules

Epoch 8:   2%|▏         | 3/172 [00:00<00:32,  5.20it/s, v_num=miig]
Epoch 8:   2%|▏         | 3/172 [00:00<00:32,  5.19it/s, v_num=miig]Started forward pass
Batch size for logging: 32
Sampled prior
Generated molecules

Epoch 8:   2%|▏         | 4/172 [00:00<00:31,  5.31it/s, v_num=miig]
Epoch 8:   2%|▏         | 4/172 [00:00<00:31,  5.30it/s, v_num=miig]Started forward pass
Batch size for logging: 32
Sampled prior
Generated molecules

Epoch 8:   3%|▎         | 5/172 [00:00<00:31,  5.38it/s, v_num=miig]
Epoch 8:   3%|▎         | 5/172 [00:00<00:31,  5.37it/s, v_num=miig]Started forward pass
Batch size for logging: 32
Sampled prior
Generated molecules

Epoch 8:   3%|▎         | 6/172 [00:01<00:30,  5.44it/s, v_num=miig]
Epoch 8:   3%|▎         | 6/172 [00:01<00:30,  5.43it/s, v_num=miig]Started forward pass
Batch size for logging: 32
Sampled prior
Generated molecules

Epoch 8:   4%|▍         | 7/172 [00:01<00:30,  5.48it/s, v_num=miig]
Epoch 8:   4%|▍         | 7/172 [00:01<00:30,  5.48it/s, v_num=miig]Started forward pass
Batch size for logging: 32
Sampled prior
Generated molecules

Epoch 8:   5%|▍         | 8/172 [00:01<00:29,  5.51it/s, v_num=miig]
Epoch 8:   5%|▍         | 8/172 [00:01<00:29,  5.50it/s, v_num=miig]Started forward pass
Batch size for logging: 32
Sampled prior
Generated molecules

Epoch 8:   5%|▌         | 9/172 [00:01<00:29,  5.53it/s, v_num=miig]
Epoch 8:   5%|▌         | 9/172 [00:01<00:29,  5.52it/s, v_num=miig]Started forward pass
Batch size for logging: 32
Sampled prior
Generated molecules

Epoch 8:   6%|▌         | 10/172 [00:01<00:29,  5.55it/s, v_num=miig]
Epoch 8:   6%|▌         | 10/172 [00:01<00:29,  5.55it/s, v_num=miig]Started forward pass
Batch size for logging: 32
Sampled prior
Generated molecules

Epoch 8:   6%|▋         | 11/172 [00:01<00:28,  5.56it/s, v_num=miig]
Epoch 8:   6%|▋         | 11/172 [00:01<00:28,  5.56it/s, v_num=miig]Started forward pass
Batch size for logging: 32
Sampled prior
Generated molecules

Epoch 8:   7%|▋         | 12/172 [00:02<00:28,  5.58it/s, v_num=miig]
Epoch 8:   7%|▋         | 12/172 [00:02<00:28,  5.58it/s, v_num=miig]Started forward pass
Batch size for logging: 32
Sampled prior
Generated molecules

Epoch 8:   8%|▊         | 13/172 [00:02<00:28,  5.59it/s, v_num=miig]
Epoch 8:   8%|▊         | 13/172 [00:02<00:28,  5.59it/s, v_num=miig]Started forward pass
Batch size for logging: 32
Sampled prior
Generated molecules

Epoch 8:   8%|▊         | 14/172 [00:02<00:28,  5.60it/s, v_num=miig]
Epoch 8:   8%|▊         | 14/172 [00:02<00:28,  5.60it/s, v_num=miig]Started forward pass
Batch size for logging: 32
Sampled prior
Generated molecules

Epoch 8:   9%|▊         | 15/172 [00:02<00:28,  5.60it/s, v_num=miig]
Epoch 8:   9%|▊         | 15/172 [00:02<00:28,  5.60it/s, v_num=miig]Started forward pass
Batch size for logging: 32
Sampled prior
Generated molecules

Epoch 8:   9%|▉         | 16/172 [00:02<00:27,  5.61it/s, v_num=miig]
Epoch 8:   9%|▉         | 16/172 [00:02<00:27,  5.61it/s, v_num=miig]Started forward pass
Batch size for logging: 32
Sampled prior
Generated molecules

Epoch 8:  10%|▉         | 17/172 [00:03<00:27,  5.61it/s, v_num=miig]
Epoch 8:  10%|▉         | 17/172 [00:03<00:27,  5.61it/s, v_num=miig]Started forward pass
Batch size for logging: 32
Sampled prior
Generated molecules

Epoch 8:  10%|█         | 18/172 [00:03<00:27,  5.62it/s, v_num=miig]
Epoch 8:  10%|█         | 18/172 [00:03<00:27,  5.62it/s, v_num=miig]Started forward pass
Batch size for logging: 32
Sampled prior
Generated molecules

Epoch 8:  11%|█         | 19/172 [00:03<00:27,  5.63it/s, v_num=miig]
Epoch 8:  11%|█         | 19/172 [00:03<00:27,  5.63it/s, v_num=miig]Started forward pass
Batch size for logging: 32
Sampled prior
Generated molecules

Epoch 8:  12%|█▏        | 20/172 [00:03<00:27,  5.63it/s, v_num=miig]
Epoch 8:  12%|█▏        | 20/172 [00:03<00:27,  5.63it/s, v_num=miig]Started forward pass
Batch size for logging: 32
Sampled prior
Generated molecules

Epoch 8:  12%|█▏        | 21/172 [00:03<00:26,  5.63it/s, v_num=miig]
Epoch 8:  12%|█▏        | 21/172 [00:03<00:26,  5.63it/s, v_num=miig]Started forward pass
Batch size for logging: 32
Sampled prior
Generated molecules

Epoch 8:  13%|█▎        | 22/172 [00:03<00:26,  5.63it/s, v_num=miig]
Epoch 8:  13%|█▎        | 22/172 [00:03<00:26,  5.63it/s, v_num=miig]Started forward pass
Batch size for logging: 32
Sampled prior
Generated molecules

Epoch 8:  13%|█▎        | 23/172 [00:04<00:26,  5.63it/s, v_num=miig]
Epoch 8:  13%|█▎        | 23/172 [00:04<00:26,  5.63it/s, v_num=miig]Started forward pass
Batch size for logging: 32
Sampled prior
Generated molecules

Epoch 8:  14%|█▍        | 24/172 [00:04<00:26,  5.64it/s, v_num=miig]
Epoch 8:  14%|█▍        | 24/172 [00:04<00:26,  5.63it/s, v_num=miig]Started forward pass
Batch size for logging: 32
Sampled prior
Generated molecules

Epoch 8:  15%|█▍        | 25/172 [00:04<00:26,  5.63it/s, v_num=miig]
Epoch 8:  15%|█▍        | 25/172 [00:04<00:26,  5.63it/s, v_num=miig]Started forward pass
Batch size for logging: 32
Sampled prior
Generated molecules

Epoch 8:  15%|█▌        | 26/172 [00:04<00:25,  5.64it/s, v_num=miig]
Epoch 8:  15%|█▌        | 26/172 [00:04<00:25,  5.64it/s, v_num=miig]Started forward pass
Batch size for logging: 32
Sampled prior
Generated molecules

Epoch 8:  16%|█▌        | 27/172 [00:04<00:25,  5.64it/s, v_num=miig]
Epoch 8:  16%|█▌        | 27/172 [00:04<00:25,  5.64it/s, v_num=miig]Started forward pass
Batch size for logging: 32
Sampled prior
Generated molecules

Epoch 8:  16%|█▋        | 28/172 [00:04<00:25,  5.64it/s, v_num=miig]
Epoch 8:  16%|█▋        | 28/172 [00:04<00:25,  5.64it/s, v_num=miig]Started forward pass
Batch size for logging: 32
Sampled prior
Generated molecules

Epoch 8:  17%|█▋        | 29/172 [00:05<00:25,  5.64it/s, v_num=miig]
Epoch 8:  17%|█▋        | 29/172 [00:05<00:25,  5.64it/s, v_num=miig]Started forward pass
Batch size for logging: 32
Sampled prior
Generated molecules

Epoch 8:  17%|█▋        | 30/172 [00:05<00:25,  5.65it/s, v_num=miig]
Epoch 8:  17%|█▋        | 30/172 [00:05<00:25,  5.65it/s, v_num=miig]Started forward pass
Batch size for logging: 32
Sampled prior
Generated molecules

Epoch 8:  18%|█▊        | 31/172 [00:05<00:24,  5.65it/s, v_num=miig]
Epoch 8:  18%|█▊        | 31/172 [00:05<00:24,  5.65it/s, v_num=miig]Started forward pass
Batch size for logging: 32
Sampled prior
Generated molecules

Epoch 8:  19%|█▊        | 32/172 [00:05<00:24,  5.65it/s, v_num=miig]
Epoch 8:  19%|█▊        | 32/172 [00:05<00:24,  5.65it/s, v_num=miig]Started forward pass
Batch size for logging: 32
Sampled prior
Generated molecules

Epoch 8:  19%|█▉        | 33/172 [00:05<00:24,  5.65it/s, v_num=miig]
Epoch 8:  19%|█▉        | 33/172 [00:05<00:24,  5.65it/s, v_num=miig]Started forward pass
Batch size for logging: 32
Sampled prior
Generated molecules

Epoch 8:  20%|█▉        | 34/172 [00:06<00:24,  5.66it/s, v_num=miig]
Epoch 8:  20%|█▉        | 34/172 [00:06<00:24,  5.65it/s, v_num=miig]Started forward pass
Batch size for logging: 32
Sampled prior
Generated molecules

Epoch 8:  20%|██        | 35/172 [00:06<00:24,  5.65it/s, v_num=miig]
Epoch 8:  20%|██        | 35/172 [00:06<00:24,  5.65it/s, v_num=miig]Started forward pass
Batch size for logging: 32
Sampled prior
Generated molecules

Epoch 8:  21%|██        | 36/172 [00:06<00:24,  5.66it/s, v_num=miig]
Epoch 8:  21%|██        | 36/172 [00:06<00:24,  5.66it/s, v_num=miig]Started forward pass
Batch size for logging: 32
Sampled prior
Generated molecules

Epoch 8:  22%|██▏       | 37/172 [00:06<00:23,  5.66it/s, v_num=miig]
Epoch 8:  22%|██▏       | 37/172 [00:06<00:23,  5.66it/s, v_num=miig]Started forward pass
Batch size for logging: 32
Sampled prior
Generated molecules

Epoch 8:  22%|██▏       | 38/172 [00:06<00:23,  5.66it/s, v_num=miig]
Epoch 8:  22%|██▏       | 38/172 [00:06<00:23,  5.66it/s, v_num=miig]Started forward pass
Batch size for logging: 32
Sampled prior
Generated molecules

Epoch 8:  23%|██▎       | 39/172 [00:06<00:23,  5.66it/s, v_num=miig]
Epoch 8:  23%|██▎       | 39/172 [00:06<00:23,  5.66it/s, v_num=miig]Started forward pass
Batch size for logging: 32
Sampled prior
Generated molecules

Epoch 8:  23%|██▎       | 40/172 [00:07<00:23,  5.66it/s, v_num=miig]
Epoch 8:  23%|██▎       | 40/172 [00:07<00:23,  5.66it/s, v_num=miig]Started forward pass
Batch size for logging: 32
Sampled prior
Generated molecules

Epoch 8:  24%|██▍       | 41/172 [00:07<00:23,  5.66it/s, v_num=miig]
Epoch 8:  24%|██▍       | 41/172 [00:07<00:23,  5.66it/s, v_num=miig]Started forward pass
Batch size for logging: 32
Sampled prior
Generated molecules

Epoch 8:  24%|██▍       | 42/172 [00:07<00:22,  5.67it/s, v_num=miig]
Epoch 8:  24%|██▍       | 42/172 [00:07<00:22,  5.67it/s, v_num=miig]Started forward pass
Batch size for logging: 32
Sampled prior
Generated molecules

Epoch 8:  25%|██▌       | 43/172 [00:07<00:22,  5.67it/s, v_num=miig]
Epoch 8:  25%|██▌       | 43/172 [00:07<00:22,  5.67it/s, v_num=miig]Started forward pass
Batch size for logging: 32
Sampled prior
Generated molecules

Epoch 8:  26%|██▌       | 44/172 [00:07<00:22,  5.67it/s, v_num=miig]
Epoch 8:  26%|██▌       | 44/172 [00:07<00:22,  5.67it/s, v_num=miig]Started forward pass
Batch size for logging: 32
Sampled prior
Generated molecules

Epoch 8:  26%|██▌       | 45/172 [00:07<00:22,  5.67it/s, v_num=miig]
Epoch 8:  26%|██▌       | 45/172 [00:07<00:22,  5.67it/s, v_num=miig]Started forward pass
Batch size for logging: 32
Sampled prior
Generated molecules

Epoch 8:  27%|██▋       | 46/172 [00:08<00:22,  5.67it/s, v_num=miig]
Epoch 8:  27%|██▋       | 46/172 [00:08<00:22,  5.67it/s, v_num=miig]Started forward pass
Batch size for logging: 32
Sampled prior
Generated molecules

Epoch 8:  27%|██▋       | 47/172 [00:08<00:22,  5.67it/s, v_num=miig]
Epoch 8:  27%|██▋       | 47/172 [00:08<00:22,  5.67it/s, v_num=miig]Started forward pass
Batch size for logging: 32
Sampled prior
Generated molecules

Epoch 8:  28%|██▊       | 48/172 [00:08<00:21,  5.67it/s, v_num=miig]
Epoch 8:  28%|██▊       | 48/172 [00:08<00:21,  5.67it/s, v_num=miig]Started forward pass
Batch size for logging: 32
Sampled prior
Generated molecules

Epoch 8:  28%|██▊       | 49/172 [00:08<00:21,  5.67it/s, v_num=miig]
Epoch 8:  28%|██▊       | 49/172 [00:08<00:21,  5.67it/s, v_num=miig]Started forward pass
Batch size for logging: 32
Sampled prior
Generated molecules

Epoch 8:  29%|██▉       | 50/172 [00:08<00:21,  5.67it/s, v_num=miig]
Epoch 8:  29%|██▉       | 50/172 [00:08<00:21,  5.67it/s, v_num=miig]Started forward pass
Batch size for logging: 32
Sampled prior
Generated molecules

Epoch 8:  30%|██▉       | 51/172 [00:08<00:21,  5.67it/s, v_num=miig]
Epoch 8:  30%|██▉       | 51/172 [00:08<00:21,  5.67it/s, v_num=miig]Started forward pass
Batch size for logging: 32
Sampled prior
Generated molecules

Epoch 8:  30%|███       | 52/172 [00:09<00:21,  5.67it/s, v_num=miig]
Epoch 8:  30%|███       | 52/172 [00:09<00:21,  5.67it/s, v_num=miig]Started forward pass
Batch size for logging: 32
Sampled prior
Generated molecules

Epoch 8:  31%|███       | 53/172 [00:09<00:20,  5.67it/s, v_num=miig]
Epoch 8:  31%|███       | 53/172 [00:09<00:20,  5.67it/s, v_num=miig]Started forward pass
Batch size for logging: 32
Sampled prior
Generated molecules

Epoch 8:  31%|███▏      | 54/172 [00:09<00:20,  5.67it/s, v_num=miig]
Epoch 8:  31%|███▏      | 54/172 [00:09<00:20,  5.67it/s, v_num=miig]Started forward pass
Batch size for logging: 32
Sampled prior
Generated molecules

Epoch 8:  32%|███▏      | 55/172 [00:09<00:20,  5.67it/s, v_num=miig]
Epoch 8:  32%|███▏      | 55/172 [00:09<00:20,  5.67it/s, v_num=miig]Started forward pass
Batch size for logging: 32
Sampled prior
Generated molecules

Epoch 8:  33%|███▎      | 56/172 [00:09<00:20,  5.67it/s, v_num=miig]
Epoch 8:  33%|███▎      | 56/172 [00:09<00:20,  5.67it/s, v_num=miig]Started forward pass
Batch size for logging: 32
Sampled prior
Generated molecules

Epoch 8:  33%|███▎      | 57/172 [00:10<00:20,  5.67it/s, v_num=miig]
Epoch 8:  33%|███▎      | 57/172 [00:10<00:20,  5.67it/s, v_num=miig]Started forward pass
Batch size for logging: 32
Sampled prior
Generated molecules

Epoch 8:  34%|███▎      | 58/172 [00:10<00:20,  5.67it/s, v_num=miig]
Epoch 8:  34%|███▎      | 58/172 [00:10<00:20,  5.67it/s, v_num=miig]Started forward pass
Batch size for logging: 32
Sampled prior
Generated molecules

Epoch 8:  34%|███▍      | 59/172 [00:10<00:19,  5.67it/s, v_num=miig]
Epoch 8:  34%|███▍      | 59/172 [00:10<00:19,  5.67it/s, v_num=miig]Started forward pass
Batch size for logging: 32
Sampled prior
Generated molecules

Epoch 8:  35%|███▍      | 60/172 [00:10<00:19,  5.68it/s, v_num=miig]
Epoch 8:  35%|███▍      | 60/172 [00:10<00:19,  5.67it/s, v_num=miig]Started forward pass
Batch size for logging: 32
Sampled prior
Generated molecules

Epoch 8:  35%|███▌      | 61/172 [00:10<00:19,  5.68it/s, v_num=miig]
Epoch 8:  35%|███▌      | 61/172 [00:10<00:19,  5.68it/s, v_num=miig]Started forward pass
Batch size for logging: 32
Sampled prior
Generated molecules

Epoch 8:  36%|███▌      | 62/172 [00:10<00:19,  5.68it/s, v_num=miig]
Epoch 8:  36%|███▌      | 62/172 [00:10<00:19,  5.68it/s, v_num=miig]Started forward pass
Batch size for logging: 32
Sampled prior
Generated molecules

Epoch 8:  37%|███▋      | 63/172 [00:11<00:19,  5.68it/s, v_num=miig]
Epoch 8:  37%|███▋      | 63/172 [00:11<00:19,  5.68it/s, v_num=miig]Started forward pass
Batch size for logging: 32
Sampled prior
Generated molecules

Epoch 8:  37%|███▋      | 64/172 [00:11<00:19,  5.68it/s, v_num=miig]
Epoch 8:  37%|███▋      | 64/172 [00:11<00:19,  5.68it/s, v_num=miig]Started forward pass
Batch size for logging: 32
Sampled prior
Generated molecules

Epoch 8:  38%|███▊      | 65/172 [00:11<00:18,  5.68it/s, v_num=miig]
Epoch 8:  38%|███▊      | 65/172 [00:11<00:18,  5.68it/s, v_num=miig]Started forward pass
Batch size for logging: 32
Sampled prior
Generated molecules

Epoch 8:  38%|███▊      | 66/172 [00:11<00:18,  5.68it/s, v_num=miig]
Epoch 8:  38%|███▊      | 66/172 [00:11<00:18,  5.68it/s, v_num=miig]Started forward pass
Batch size for logging: 32
Sampled prior
Generated molecules

Epoch 8:  39%|███▉      | 67/172 [00:11<00:18,  5.68it/s, v_num=miig]
Epoch 8:  39%|███▉      | 67/172 [00:11<00:18,  5.68it/s, v_num=miig]Started forward pass
Batch size for logging: 32
Sampled prior
Generated molecules

Epoch 8:  40%|███▉      | 68/172 [00:11<00:18,  5.68it/s, v_num=miig]
Epoch 8:  40%|███▉      | 68/172 [00:11<00:18,  5.68it/s, v_num=miig]Started forward pass
Batch size for logging: 32
Sampled prior
Generated molecules

Epoch 8:  40%|████      | 69/172 [00:12<00:18,  5.68it/s, v_num=miig]
Epoch 8:  40%|████      | 69/172 [00:12<00:18,  5.68it/s, v_num=miig]Started forward pass
Batch size for logging: 32
Sampled prior
Generated molecules

Epoch 8:  41%|████      | 70/172 [00:12<00:17,  5.68it/s, v_num=miig]
Epoch 8:  41%|████      | 70/172 [00:12<00:17,  5.68it/s, v_num=miig]Started forward pass
Batch size for logging: 32
Sampled prior
Generated molecules

Epoch 8:  41%|████▏     | 71/172 [00:12<00:17,  5.68it/s, v_num=miig]
Epoch 8:  41%|████▏     | 71/172 [00:12<00:17,  5.68it/s, v_num=miig]Started forward pass
Batch size for logging: 32
Sampled prior
Generated molecules

Epoch 8:  42%|████▏     | 72/172 [00:12<00:17,  5.68it/s, v_num=miig]
Epoch 8:  42%|████▏     | 72/172 [00:12<00:17,  5.68it/s, v_num=miig]Started forward pass
Batch size for logging: 32
Sampled prior
Generated molecules

Epoch 8:  42%|████▏     | 73/172 [00:12<00:17,  5.68it/s, v_num=miig]
Epoch 8:  42%|████▏     | 73/172 [00:12<00:17,  5.68it/s, v_num=miig]Started forward pass
Batch size for logging: 32
Sampled prior
Generated molecules

Epoch 8:  43%|████▎     | 74/172 [00:13<00:17,  5.68it/s, v_num=miig]
Epoch 8:  43%|████▎     | 74/172 [00:13<00:17,  5.68it/s, v_num=miig]Started forward pass
Batch size for logging: 32
Sampled prior
Generated molecules

Epoch 8:  44%|████▎     | 75/172 [00:13<00:17,  5.68it/s, v_num=miig]
Epoch 8:  44%|████▎     | 75/172 [00:13<00:17,  5.68it/s, v_num=miig]Started forward pass
Batch size for logging: 32
Sampled prior
Generated molecules

Epoch 8:  44%|████▍     | 76/172 [00:13<00:16,  5.68it/s, v_num=miig]
Epoch 8:  44%|████▍     | 76/172 [00:13<00:16,  5.68it/s, v_num=miig]Started forward pass
Batch size for logging: 32
Sampled prior
Generated molecules

Epoch 8:  45%|████▍     | 77/172 [00:13<00:16,  5.68it/s, v_num=miig]
Epoch 8:  45%|████▍     | 77/172 [00:13<00:16,  5.68it/s, v_num=miig]Started forward pass
Batch size for logging: 32
Sampled prior
Generated molecules

Epoch 8:  45%|████▌     | 78/172 [00:13<00:16,  5.68it/s, v_num=miig]
Epoch 8:  45%|████▌     | 78/172 [00:13<00:16,  5.68it/s, v_num=miig]Started forward pass
Batch size for logging: 32
Sampled prior
Generated molecules

Epoch 8:  46%|████▌     | 79/172 [00:13<00:16,  5.68it/s, v_num=miig]
Epoch 8:  46%|████▌     | 79/172 [00:13<00:16,  5.68it/s, v_num=miig]Started forward pass
Batch size for logging: 32
Sampled prior
Generated molecules

Epoch 8:  47%|████▋     | 80/172 [00:14<00:16,  5.68it/s, v_num=miig]
Epoch 8:  47%|████▋     | 80/172 [00:14<00:16,  5.68it/s, v_num=miig]Started forward pass
Batch size for logging: 32
Sampled prior
Generated molecules

Epoch 8:  47%|████▋     | 81/172 [00:14<00:16,  5.68it/s, v_num=miig]
Epoch 8:  47%|████▋     | 81/172 [00:14<00:16,  5.68it/s, v_num=miig]Started forward pass
Batch size for logging: 32
Sampled prior
Generated molecules

Epoch 8:  48%|████▊     | 82/172 [00:14<00:15,  5.68it/s, v_num=miig]
Epoch 8:  48%|████▊     | 82/172 [00:14<00:15,  5.68it/s, v_num=miig]Started forward pass
Batch size for logging: 32
Sampled prior
Generated molecules

Epoch 8:  48%|████▊     | 83/172 [00:14<00:15,  5.68it/s, v_num=miig]
Epoch 8:  48%|████▊     | 83/172 [00:14<00:15,  5.68it/s, v_num=miig]Started forward pass
Batch size for logging: 32
Sampled prior
Generated molecules

Epoch 8:  49%|████▉     | 84/172 [00:14<00:15,  5.68it/s, v_num=miig]
Epoch 8:  49%|████▉     | 84/172 [00:14<00:15,  5.68it/s, v_num=miig]Started forward pass
Batch size for logging: 32
Sampled prior
Generated molecules

Epoch 8:  49%|████▉     | 85/172 [00:14<00:15,  5.68it/s, v_num=miig]
Epoch 8:  49%|████▉     | 85/172 [00:14<00:15,  5.68it/s, v_num=miig]Started forward pass
Batch size for logging: 32
Sampled prior
Generated molecules

Epoch 8:  50%|█████     | 86/172 [00:15<00:15,  5.68it/s, v_num=miig]
Epoch 8:  50%|█████     | 86/172 [00:15<00:15,  5.68it/s, v_num=miig]Started forward pass
Batch size for logging: 32
Sampled prior
Generated molecules

Epoch 8:  51%|█████     | 87/172 [00:15<00:14,  5.68it/s, v_num=miig]
Epoch 8:  51%|█████     | 87/172 [00:15<00:14,  5.68it/s, v_num=miig]Started forward pass
Batch size for logging: 32
Sampled prior
Generated molecules

Epoch 8:  51%|█████     | 88/172 [00:15<00:14,  5.68it/s, v_num=miig]
Epoch 8:  51%|█████     | 88/172 [00:15<00:14,  5.68it/s, v_num=miig]Started forward pass
Batch size for logging: 32
Sampled prior
Generated molecules

Epoch 8:  52%|█████▏    | 89/172 [00:15<00:14,  5.68it/s, v_num=miig]
Epoch 8:  52%|█████▏    | 89/172 [00:15<00:14,  5.68it/s, v_num=miig]Started forward pass
Batch size for logging: 32
Sampled prior
Generated molecules

Epoch 8:  52%|█████▏    | 90/172 [00:15<00:14,  5.68it/s, v_num=miig]
Epoch 8:  52%|█████▏    | 90/172 [00:15<00:14,  5.68it/s, v_num=miig]Started forward pass
Batch size for logging: 32
Sampled prior
Generated molecules

Epoch 8:  53%|█████▎    | 91/172 [00:16<00:14,  5.68it/s, v_num=miig]
Epoch 8:  53%|█████▎    | 91/172 [00:16<00:14,  5.68it/s, v_num=miig]Started forward pass
Batch size for logging: 32
Sampled prior
Generated molecules

Epoch 8:  53%|█████▎    | 92/172 [00:16<00:14,  5.68it/s, v_num=miig]
Epoch 8:  53%|█████▎    | 92/172 [00:16<00:14,  5.68it/s, v_num=miig]Started forward pass
Batch size for logging: 32
Sampled prior
Generated molecules

Epoch 8:  54%|█████▍    | 93/172 [00:16<00:13,  5.68it/s, v_num=miig]
Epoch 8:  54%|█████▍    | 93/172 [00:16<00:13,  5.68it/s, v_num=miig]Started forward pass
Batch size for logging: 32
Sampled prior
Generated molecules

Epoch 8:  55%|█████▍    | 94/172 [00:16<00:13,  5.68it/s, v_num=miig]
Epoch 8:  55%|█████▍    | 94/172 [00:16<00:13,  5.68it/s, v_num=miig]Started forward pass
Batch size for logging: 32
Sampled prior
Generated molecules

Epoch 8:  55%|█████▌    | 95/172 [00:16<00:13,  5.68it/s, v_num=miig]
Epoch 8:  55%|█████▌    | 95/172 [00:16<00:13,  5.68it/s, v_num=miig]Started forward pass
Batch size for logging: 32
Sampled prior
Generated molecules

Epoch 8:  56%|█████▌    | 96/172 [00:16<00:13,  5.68it/s, v_num=miig]
Epoch 8:  56%|█████▌    | 96/172 [00:16<00:13,  5.68it/s, v_num=miig]Started forward pass
Batch size for logging: 32
Sampled prior
Generated molecules

Epoch 8:  56%|█████▋    | 97/172 [00:17<00:13,  5.68it/s, v_num=miig]
Epoch 8:  56%|█████▋    | 97/172 [00:17<00:13,  5.68it/s, v_num=miig]Started forward pass
Batch size for logging: 32
Sampled prior
Generated molecules

Epoch 8:  57%|█████▋    | 98/172 [00:17<00:13,  5.68it/s, v_num=miig]
Epoch 8:  57%|█████▋    | 98/172 [00:17<00:13,  5.68it/s, v_num=miig]Started forward pass
Batch size for logging: 32
Sampled prior
Generated molecules

Epoch 8:  58%|█████▊    | 99/172 [00:17<00:12,  5.68it/s, v_num=miig]
Epoch 8:  58%|█████▊    | 99/172 [00:17<00:12,  5.68it/s, v_num=miig]Started forward pass
Batch size for logging: 32
Sampled prior
Generated molecules

Epoch 8:  58%|█████▊    | 100/172 [00:17<00:12,  5.68it/s, v_num=miig]
Epoch 8:  58%|█████▊    | 100/172 [00:17<00:12,  5.68it/s, v_num=miig]Started forward pass
Batch size for logging: 32
Sampled prior
Generated molecules

Epoch 8:  59%|█████▊    | 101/172 [00:17<00:12,  5.68it/s, v_num=miig]
Epoch 8:  59%|█████▊    | 101/172 [00:17<00:12,  5.68it/s, v_num=miig]Started forward pass
Batch size for logging: 32
Sampled prior
Generated molecules

Epoch 8:  59%|█████▉    | 102/172 [00:17<00:12,  5.68it/s, v_num=miig]
Epoch 8:  59%|█████▉    | 102/172 [00:17<00:12,  5.68it/s, v_num=miig]Started forward pass
Batch size for logging: 32
Sampled prior
Generated molecules

Epoch 8:  60%|█████▉    | 103/172 [00:18<00:12,  5.68it/s, v_num=miig]
Epoch 8:  60%|█████▉    | 103/172 [00:18<00:12,  5.68it/s, v_num=miig]Started forward pass
Batch size for logging: 32
Sampled prior
Generated molecules

Epoch 8:  60%|██████    | 104/172 [00:18<00:11,  5.68it/s, v_num=miig]
Epoch 8:  60%|██████    | 104/172 [00:18<00:11,  5.68it/s, v_num=miig]Started forward pass
Batch size for logging: 32
Sampled prior
Generated molecules

Epoch 8:  61%|██████    | 105/172 [00:18<00:11,  5.68it/s, v_num=miig]
Epoch 8:  61%|██████    | 105/172 [00:18<00:11,  5.68it/s, v_num=miig]Started forward pass
Batch size for logging: 32
Sampled prior
Generated molecules

Epoch 8:  62%|██████▏   | 106/172 [00:18<00:11,  5.68it/s, v_num=miig]
Epoch 8:  62%|██████▏   | 106/172 [00:18<00:11,  5.68it/s, v_num=miig]Started forward pass
Batch size for logging: 32
Sampled prior
Generated molecules

Epoch 8:  62%|██████▏   | 107/172 [00:18<00:11,  5.68it/s, v_num=miig]
Epoch 8:  62%|██████▏   | 107/172 [00:18<00:11,  5.68it/s, v_num=miig]Started forward pass
Batch size for logging: 32
Sampled prior
Generated molecules

Epoch 8:  63%|██████▎   | 108/172 [00:19<00:11,  5.68it/s, v_num=miig]
Epoch 8:  63%|██████▎   | 108/172 [00:19<00:11,  5.68it/s, v_num=miig]Started forward pass
Batch size for logging: 32
Sampled prior
Generated molecules

Epoch 8:  63%|██████▎   | 109/172 [00:19<00:11,  5.68it/s, v_num=miig]
Epoch 8:  63%|██████▎   | 109/172 [00:19<00:11,  5.68it/s, v_num=miig]Started forward pass
Batch size for logging: 32
Sampled prior
Generated molecules

Epoch 8:  64%|██████▍   | 110/172 [00:19<00:10,  5.68it/s, v_num=miig]
Epoch 8:  64%|██████▍   | 110/172 [00:19<00:10,  5.68it/s, v_num=miig]Started forward pass
Batch size for logging: 32
Sampled prior
Generated molecules

Epoch 8:  65%|██████▍   | 111/172 [00:19<00:10,  5.68it/s, v_num=miig]
Epoch 8:  65%|██████▍   | 111/172 [00:19<00:10,  5.68it/s, v_num=miig]Started forward pass
Batch size for logging: 32
Sampled prior
Generated molecules

Epoch 8:  65%|██████▌   | 112/172 [00:19<00:10,  5.68it/s, v_num=miig]
Epoch 8:  65%|██████▌   | 112/172 [00:19<00:10,  5.68it/s, v_num=miig]Started forward pass
Batch size for logging: 32
Sampled prior
Generated molecules

Epoch 8:  66%|██████▌   | 113/172 [00:19<00:10,  5.68it/s, v_num=miig]
Epoch 8:  66%|██████▌   | 113/172 [00:19<00:10,  5.68it/s, v_num=miig]Started forward pass
Batch size for logging: 32
Sampled prior
Generated molecules

Epoch 8:  66%|██████▋   | 114/172 [00:20<00:10,  5.68it/s, v_num=miig]
Epoch 8:  66%|██████▋   | 114/172 [00:20<00:10,  5.68it/s, v_num=miig]Started forward pass
Batch size for logging: 32
Sampled prior
Generated molecules

Epoch 8:  67%|██████▋   | 115/172 [00:20<00:10,  5.68it/s, v_num=miig]
Epoch 8:  67%|██████▋   | 115/172 [00:20<00:10,  5.68it/s, v_num=miig]Started forward pass
Batch size for logging: 32
Sampled prior
Generated molecules

Epoch 8:  67%|██████▋   | 116/172 [00:20<00:09,  5.68it/s, v_num=miig]
Epoch 8:  67%|██████▋   | 116/172 [00:20<00:09,  5.68it/s, v_num=miig]Started forward pass
Batch size for logging: 32
Sampled prior
Generated molecules

Epoch 8:  68%|██████▊   | 117/172 [00:20<00:09,  5.68it/s, v_num=miig]
Epoch 8:  68%|██████▊   | 117/172 [00:20<00:09,  5.68it/s, v_num=miig]Started forward pass
Batch size for logging: 32
Sampled prior
Generated molecules

Epoch 8:  69%|██████▊   | 118/172 [00:20<00:09,  5.68it/s, v_num=miig]
Epoch 8:  69%|██████▊   | 118/172 [00:20<00:09,  5.68it/s, v_num=miig]Started forward pass
Batch size for logging: 32
Sampled prior
Generated molecules

Epoch 8:  69%|██████▉   | 119/172 [00:20<00:09,  5.68it/s, v_num=miig]
Epoch 8:  69%|██████▉   | 119/172 [00:20<00:09,  5.68it/s, v_num=miig]Started forward pass
Batch size for logging: 32
Sampled prior
Generated molecules

Epoch 8:  70%|██████▉   | 120/172 [00:21<00:09,  5.68it/s, v_num=miig]
Epoch 8:  70%|██████▉   | 120/172 [00:21<00:09,  5.68it/s, v_num=miig]Started forward pass
Batch size for logging: 32
Sampled prior
Generated molecules

Epoch 8:  70%|███████   | 121/172 [00:21<00:08,  5.68it/s, v_num=miig]
Epoch 8:  70%|███████   | 121/172 [00:21<00:08,  5.68it/s, v_num=miig]Started forward pass
Batch size for logging: 32
Sampled prior
Generated molecules

Epoch 8:  71%|███████   | 122/172 [00:21<00:08,  5.68it/s, v_num=miig]
Epoch 8:  71%|███████   | 122/172 [00:21<00:08,  5.68it/s, v_num=miig]Started forward pass
Batch size for logging: 32
Sampled prior
Generated molecules

Epoch 8:  72%|███████▏  | 123/172 [00:21<00:08,  5.68it/s, v_num=miig]
Epoch 8:  72%|███████▏  | 123/172 [00:21<00:08,  5.68it/s, v_num=miig]Started forward pass
Batch size for logging: 32
Sampled prior
Generated molecules

Epoch 8:  72%|███████▏  | 124/172 [00:21<00:08,  5.68it/s, v_num=miig]
Epoch 8:  72%|███████▏  | 124/172 [00:21<00:08,  5.68it/s, v_num=miig]Started forward pass
Batch size for logging: 32
Sampled prior
Generated molecules

Epoch 8:  73%|███████▎  | 125/172 [00:22<00:08,  5.68it/s, v_num=miig]
Epoch 8:  73%|███████▎  | 125/172 [00:22<00:08,  5.68it/s, v_num=miig]Started forward pass
Batch size for logging: 32
Sampled prior
Generated molecules

Epoch 8:  73%|███████▎  | 126/172 [00:22<00:08,  5.68it/s, v_num=miig]
Epoch 8:  73%|███████▎  | 126/172 [00:22<00:08,  5.68it/s, v_num=miig]Started forward pass
Batch size for logging: 32
Sampled prior
Generated molecules

Epoch 8:  74%|███████▍  | 127/172 [00:22<00:07,  5.68it/s, v_num=miig]
Epoch 8:  74%|███████▍  | 127/172 [00:22<00:07,  5.68it/s, v_num=miig]Started forward pass
Batch size for logging: 32
Sampled prior
Generated molecules

Epoch 8:  74%|███████▍  | 128/172 [00:22<00:07,  5.68it/s, v_num=miig]
Epoch 8:  74%|███████▍  | 128/172 [00:22<00:07,  5.68it/s, v_num=miig]Started forward pass
Batch size for logging: 32
Sampled prior
Generated molecules

Epoch 8:  75%|███████▌  | 129/172 [00:22<00:07,  5.68it/s, v_num=miig]
Epoch 8:  75%|███████▌  | 129/172 [00:22<00:07,  5.68it/s, v_num=miig]Started forward pass
Batch size for logging: 32
Sampled prior
Generated molecules

Epoch 8:  76%|███████▌  | 130/172 [00:22<00:07,  5.68it/s, v_num=miig]
Epoch 8:  76%|███████▌  | 130/172 [00:22<00:07,  5.68it/s, v_num=miig]Started forward pass
Batch size for logging: 32
Sampled prior
Generated molecules

Epoch 8:  76%|███████▌  | 131/172 [00:23<00:07,  5.68it/s, v_num=miig]
Epoch 8:  76%|███████▌  | 131/172 [00:23<00:07,  5.68it/s, v_num=miig]Started forward pass
Batch size for logging: 32
Sampled prior
Generated molecules

Epoch 8:  77%|███████▋  | 132/172 [00:23<00:07,  5.68it/s, v_num=miig]
Epoch 8:  77%|███████▋  | 132/172 [00:23<00:07,  5.68it/s, v_num=miig]Started forward pass
Batch size for logging: 32
Sampled prior
Generated molecules

Epoch 8:  77%|███████▋  | 133/172 [00:23<00:06,  5.68it/s, v_num=miig]
Epoch 8:  77%|███████▋  | 133/172 [00:23<00:06,  5.68it/s, v_num=miig]Started forward pass
Batch size for logging: 32
Sampled prior
Generated molecules

Epoch 8:  78%|███████▊  | 134/172 [00:23<00:06,  5.68it/s, v_num=miig]
Epoch 8:  78%|███████▊  | 134/172 [00:23<00:06,  5.68it/s, v_num=miig]Started forward pass
Batch size for logging: 32
Sampled prior
Generated molecules

Epoch 8:  78%|███████▊  | 135/172 [00:23<00:06,  5.68it/s, v_num=miig]
Epoch 8:  78%|███████▊  | 135/172 [00:23<00:06,  5.68it/s, v_num=miig]Started forward pass
Batch size for logging: 32
Sampled prior
Generated molecules

Epoch 8:  79%|███████▉  | 136/172 [00:23<00:06,  5.68it/s, v_num=miig]
Epoch 8:  79%|███████▉  | 136/172 [00:23<00:06,  5.68it/s, v_num=miig]Started forward pass
Batch size for logging: 32
Sampled prior
Generated molecules

Epoch 8:  80%|███████▉  | 137/172 [00:24<00:06,  5.68it/s, v_num=miig]
Epoch 8:  80%|███████▉  | 137/172 [00:24<00:06,  5.68it/s, v_num=miig]Started forward pass
Batch size for logging: 32
Sampled prior
Generated molecules

Epoch 8:  80%|████████  | 138/172 [00:24<00:05,  5.68it/s, v_num=miig]
Epoch 8:  80%|████████  | 138/172 [00:24<00:05,  5.68it/s, v_num=miig]Started forward pass
Batch size for logging: 32
Sampled prior
Generated molecules

Epoch 8:  81%|████████  | 139/172 [00:24<00:05,  5.68it/s, v_num=miig]
Epoch 8:  81%|████████  | 139/172 [00:24<00:05,  5.68it/s, v_num=miig]Started forward pass
Batch size for logging: 32
Sampled prior
Generated molecules

Epoch 8:  81%|████████▏ | 140/172 [00:24<00:05,  5.68it/s, v_num=miig]
Epoch 8:  81%|████████▏ | 140/172 [00:24<00:05,  5.68it/s, v_num=miig]Started forward pass
Batch size for logging: 32
Sampled prior
Generated molecules

Epoch 8:  82%|████████▏ | 141/172 [00:24<00:05,  5.68it/s, v_num=miig]
Epoch 8:  82%|████████▏ | 141/172 [00:24<00:05,  5.68it/s, v_num=miig]Started forward pass
Batch size for logging: 32
Sampled prior
Generated molecules

Epoch 8:  83%|████████▎ | 142/172 [00:24<00:05,  5.68it/s, v_num=miig]
Epoch 8:  83%|████████▎ | 142/172 [00:24<00:05,  5.68it/s, v_num=miig]Started forward pass
Batch size for logging: 32
Sampled prior
Generated molecules

Epoch 8:  83%|████████▎ | 143/172 [00:25<00:05,  5.68it/s, v_num=miig]
Epoch 8:  83%|████████▎ | 143/172 [00:25<00:05,  5.68it/s, v_num=miig]Started forward pass
Batch size for logging: 32
Sampled prior
Generated molecules

Epoch 8:  84%|████████▎ | 144/172 [00:25<00:04,  5.68it/s, v_num=miig]
Epoch 8:  84%|████████▎ | 144/172 [00:25<00:04,  5.68it/s, v_num=miig]Started forward pass
Batch size for logging: 32
Sampled prior
Generated molecules

Epoch 8:  84%|████████▍ | 145/172 [00:25<00:04,  5.68it/s, v_num=miig]
Epoch 8:  84%|████████▍ | 145/172 [00:25<00:04,  5.68it/s, v_num=miig]Started forward pass
Batch size for logging: 32
Sampled prior
Generated molecules

Epoch 8:  85%|████████▍ | 146/172 [00:25<00:04,  5.68it/s, v_num=miig]
Epoch 8:  85%|████████▍ | 146/172 [00:25<00:04,  5.68it/s, v_num=miig]Started forward pass
Batch size for logging: 32
Sampled prior
Generated molecules

Epoch 8:  85%|████████▌ | 147/172 [00:25<00:04,  5.68it/s, v_num=miig]
Epoch 8:  85%|████████▌ | 147/172 [00:25<00:04,  5.68it/s, v_num=miig]Started forward pass
Batch size for logging: 32
Sampled prior
Generated molecules

Epoch 8:  86%|████████▌ | 148/172 [00:26<00:04,  5.68it/s, v_num=miig]
Epoch 8:  86%|████████▌ | 148/172 [00:26<00:04,  5.68it/s, v_num=miig]Started forward pass
Batch size for logging: 32
Sampled prior
Generated molecules

Epoch 8:  87%|████████▋ | 149/172 [00:26<00:04,  5.68it/s, v_num=miig]
Epoch 8:  87%|████████▋ | 149/172 [00:26<00:04,  5.68it/s, v_num=miig]Started forward pass
Batch size for logging: 32
Sampled prior
Generated molecules

Epoch 8:  87%|████████▋ | 150/172 [00:26<00:03,  5.68it/s, v_num=miig]
Epoch 8:  87%|████████▋ | 150/172 [00:26<00:03,  5.68it/s, v_num=miig]Started forward pass
Batch size for logging: 32
Sampled prior
Generated molecules

Epoch 8:  88%|████████▊ | 151/172 [00:26<00:03,  5.68it/s, v_num=miig]
Epoch 8:  88%|████████▊ | 151/172 [00:26<00:03,  5.68it/s, v_num=miig]Started forward pass
Batch size for logging: 32
Sampled prior
Generated molecules

Epoch 8:  88%|████████▊ | 152/172 [00:26<00:03,  5.68it/s, v_num=miig]
Epoch 8:  88%|████████▊ | 152/172 [00:26<00:03,  5.68it/s, v_num=miig]Started forward pass
Batch size for logging: 32
Sampled prior
Generated molecules

Epoch 8:  89%|████████▉ | 153/172 [00:26<00:03,  5.68it/s, v_num=miig]
Epoch 8:  89%|████████▉ | 153/172 [00:26<00:03,  5.68it/s, v_num=miig]Started forward pass
Batch size for logging: 32
Sampled prior
Generated molecules

Epoch 8:  90%|████████▉ | 154/172 [00:27<00:03,  5.68it/s, v_num=miig]
Epoch 8:  90%|████████▉ | 154/172 [00:27<00:03,  5.68it/s, v_num=miig]Started forward pass
Batch size for logging: 32
Sampled prior
Generated molecules

Epoch 8:  90%|█████████ | 155/172 [00:27<00:02,  5.68it/s, v_num=miig]
Epoch 8:  90%|█████████ | 155/172 [00:27<00:02,  5.68it/s, v_num=miig]Started forward pass
Batch size for logging: 32
Sampled prior
Generated molecules

Epoch 8:  91%|█████████ | 156/172 [00:27<00:02,  5.68it/s, v_num=miig]
Epoch 8:  91%|█████████ | 156/172 [00:27<00:02,  5.68it/s, v_num=miig]Started forward pass
Batch size for logging: 32
Sampled prior
Generated molecules

Epoch 8:  91%|█████████▏| 157/172 [00:27<00:02,  5.68it/s, v_num=miig]
Epoch 8:  91%|█████████▏| 157/172 [00:27<00:02,  5.68it/s, v_num=miig]Started forward pass
Batch size for logging: 32
Sampled prior
Generated molecules

Epoch 8:  92%|█████████▏| 158/172 [00:27<00:02,  5.68it/s, v_num=miig]
Epoch 8:  92%|█████████▏| 158/172 [00:27<00:02,  5.68it/s, v_num=miig]Started forward pass
Batch size for logging: 32
Sampled prior
Generated molecules

Epoch 8:  92%|█████████▏| 159/172 [00:27<00:02,  5.68it/s, v_num=miig]
Epoch 8:  92%|█████████▏| 159/172 [00:27<00:02,  5.68it/s, v_num=miig]Started forward pass
Batch size for logging: 32
Sampled prior
Generated molecules

Epoch 8:  93%|█████████▎| 160/172 [00:28<00:02,  5.68it/s, v_num=miig]
Epoch 8:  93%|█████████▎| 160/172 [00:28<00:02,  5.68it/s, v_num=miig]Started forward pass
Batch size for logging: 32
Sampled prior
Generated molecules

Epoch 8:  94%|█████████▎| 161/172 [00:28<00:01,  5.68it/s, v_num=miig]
Epoch 8:  94%|█████████▎| 161/172 [00:28<00:01,  5.68it/s, v_num=miig]Started forward pass
Batch size for logging: 32
Sampled prior
Generated molecules

Epoch 8:  94%|█████████▍| 162/172 [00:28<00:01,  5.68it/s, v_num=miig]
Epoch 8:  94%|█████████▍| 162/172 [00:28<00:01,  5.68it/s, v_num=miig]Started forward pass
Batch size for logging: 32
Sampled prior
Generated molecules

Epoch 8:  95%|█████████▍| 163/172 [00:28<00:01,  5.68it/s, v_num=miig]
Epoch 8:  95%|█████████▍| 163/172 [00:28<00:01,  5.68it/s, v_num=miig]Started forward pass
Batch size for logging: 32
Sampled prior
Generated molecules

Epoch 8:  95%|█████████▌| 164/172 [00:28<00:01,  5.68it/s, v_num=miig]
Epoch 8:  95%|█████████▌| 164/172 [00:28<00:01,  5.68it/s, v_num=miig]Started forward pass
Batch size for logging: 32
Sampled prior
Generated molecules

Epoch 8:  96%|█████████▌| 165/172 [00:29<00:01,  5.69it/s, v_num=miig]
Epoch 8:  96%|█████████▌| 165/172 [00:29<00:01,  5.69it/s, v_num=miig]Started forward pass
Batch size for logging: 32
Sampled prior
Generated molecules

Epoch 8:  97%|█████████▋| 166/172 [00:29<00:01,  5.69it/s, v_num=miig]
Epoch 8:  97%|█████████▋| 166/172 [00:29<00:01,  5.69it/s, v_num=miig]Started forward pass
Batch size for logging: 32
Sampled prior
Generated molecules

Epoch 8:  97%|█████████▋| 167/172 [00:29<00:00,  5.69it/s, v_num=miig]
Epoch 8:  97%|█████████▋| 167/172 [00:29<00:00,  5.69it/s, v_num=miig]Started forward pass
Batch size for logging: 32
Sampled prior
Generated molecules

Epoch 8:  98%|█████████▊| 168/172 [00:29<00:00,  5.69it/s, v_num=miig]
Epoch 8:  98%|█████████▊| 168/172 [00:29<00:00,  5.69it/s, v_num=miig]Started forward pass
Batch size for logging: 32
Sampled prior
Generated molecules

Epoch 8:  98%|█████████▊| 169/172 [00:29<00:00,  5.69it/s, v_num=miig]
Epoch 8:  98%|█████████▊| 169/172 [00:29<00:00,  5.69it/s, v_num=miig]Started forward pass
Batch size for logging: 32
Sampled prior
Generated molecules

Epoch 8:  99%|█████████▉| 170/172 [00:29<00:00,  5.69it/s, v_num=miig]
Epoch 8:  99%|█████████▉| 170/172 [00:29<00:00,  5.69it/s, v_num=miig]Started forward pass
Batch size for logging: 32
Sampled prior
Generated molecules

Epoch 8:  99%|█████████▉| 171/172 [00:30<00:00,  5.69it/s, v_num=miig]
Epoch 8:  99%|█████████▉| 171/172 [00:30<00:00,  5.69it/s, v_num=miig]Started forward pass
Batch size for logging: 28
Sampled prior
Generated molecules

Epoch 8: 100%|██████████| 172/172 [00:30<00:00,  5.69it/s, v_num=miig]
Epoch 8: 100%|██████████| 172/172 [00:30<00:00,  5.69it/s, v_num=miig]

Validation: |          | 0/? [00:00<?, ?it/s][A

Validation: |          | 0/? [00:00<?, ?it/s][A

Validation DataLoader 0:   0%|          | 0/16 [00:00<?, ?it/s][AStarted validation step
Started forward pass
Batch size for logging: 32
Sampled prior
Generated molecules
Computed forward pass in validation step
Reached here


Validation DataLoader 0:   6%|▋         | 1/16 [00:00<00:02,  5.71it/s][AStarted validation step
Started forward pass
Batch size for logging: 32
Sampled prior
Generated molecules
Computed forward pass in validation step
Reached here


Validation DataLoader 0:  12%|█▎        | 2/16 [00:00<00:02,  6.11it/s][AStarted validation step
Started forward pass
Batch size for logging: 32
Sampled prior
Generated molecules
Computed forward pass in validation step
Reached here


Validation DataLoader 0:  19%|█▉        | 3/16 [00:00<00:02,  6.25it/s][AStarted validation step
Started forward pass
Batch size for logging: 32
Sampled prior
Generated molecules
Computed forward pass in validation step
Reached here


Validation DataLoader 0:  25%|██▌       | 4/16 [00:00<00:01,  6.33it/s][AStarted validation step
Started forward pass
Batch size for logging: 32
Sampled prior
Generated molecules
Computed forward pass in validation step
Reached here


Validation DataLoader 0:  31%|███▏      | 5/16 [00:00<00:01,  6.37it/s][AStarted validation step
Started forward pass
Batch size for logging: 32
Sampled prior
Generated molecules
Computed forward pass in validation step
Reached here


Validation DataLoader 0:  38%|███▊      | 6/16 [00:00<00:01,  6.41it/s][AStarted validation step
Started forward pass
Batch size for logging: 32
Sampled prior
Generated molecules
Computed forward pass in validation step
Reached here


Validation DataLoader 0:  44%|████▍     | 7/16 [00:01<00:01,  6.43it/s][AStarted validation step
Started forward pass
Batch size for logging: 32
Sampled prior
Generated molecules
Computed forward pass in validation step
Reached here


Validation DataLoader 0:  50%|█████     | 8/16 [00:01<00:01,  6.44it/s][AStarted validation step
Started forward pass
Batch size for logging: 32
Sampled prior
Generated molecules
Computed forward pass in validation step
Reached here


Validation DataLoader 0:  56%|█████▋    | 9/16 [00:01<00:01,  6.46it/s][AStarted validation step
Started forward pass
Batch size for logging: 32
Sampled prior
Generated molecules
Computed forward pass in validation step
Reached here


Validation DataLoader 0:  62%|██████▎   | 10/16 [00:01<00:00,  6.49it/s][AStarted validation step
Started forward pass
Batch size for logging: 32
Sampled prior
Generated molecules
Computed forward pass in validation step
Reached here


Validation DataLoader 0:  69%|██████▉   | 11/16 [00:01<00:00,  6.51it/s][AStarted validation step
Started forward pass
Batch size for logging: 32
Sampled prior
Generated molecules
Computed forward pass in validation step
Reached here


Validation DataLoader 0:  75%|███████▌  | 12/16 [00:01<00:00,  6.52it/s][AStarted validation step
Started forward pass
Batch size for logging: 32
Sampled prior
Generated molecules
Computed forward pass in validation step
Reached here


Validation DataLoader 0:  81%|████████▏ | 13/16 [00:01<00:00,  6.53it/s][AStarted validation step
Started forward pass
Batch size for logging: 32
Sampled prior
Generated molecules
Computed forward pass in validation step
Reached here


Validation DataLoader 0:  88%|████████▊ | 14/16 [00:02<00:00,  6.55it/s][AStarted validation step
Started forward pass
Batch size for logging: 32
Sampled prior
Generated molecules
Computed forward pass in validation step
Reached here


Validation DataLoader 0:  94%|█████████▍| 15/16 [00:02<00:00,  6.56it/s][AStarted validation step
Started forward pass
Batch size for logging: 20
Sampled prior
Generated molecules
Computed forward pass in validation step
Reached here


Validation DataLoader 0: 100%|██████████| 16/16 [00:02<00:00,  6.68it/s][A

                                                                        [A
Epoch 8: 100%|██████████| 172/172 [00:33<00:00,  5.10it/s, v_num=miig]
Epoch 8: 100%|██████████| 172/172 [00:33<00:00,  5.10it/s, v_num=miig]
Epoch 8:   0%|          | 0/172 [00:00<?, ?it/s, v_num=miig]          
Epoch 9:   0%|          | 0/172 [00:00<?, ?it/s, v_num=miig]Started forward pass
Batch size for logging: 32
Sampled prior
Generated molecules

Epoch 9:   1%|          | 1/172 [00:00<00:38,  4.44it/s, v_num=miig]
Epoch 9:   1%|          | 1/172 [00:00<00:38,  4.42it/s, v_num=miig]Started forward pass
Batch size for logging: 32
Sampled prior
Generated molecules

Epoch 9:   1%|          | 2/172 [00:00<00:34,  4.97it/s, v_num=miig]
Epoch 9:   1%|          | 2/172 [00:00<00:34,  4.96it/s, v_num=miig]Started forward pass
Batch size for logging: 32
Sampled prior
Generated molecules

Epoch 9:   2%|▏         | 3/172 [00:00<00:32,  5.15it/s, v_num=miig]
Epoch 9:   2%|▏         | 3/172 [00:00<00:32,  5.14it/s, v_num=miig]Started forward pass
Batch size for logging: 32
Sampled prior
Generated molecules

Epoch 9:   2%|▏         | 4/172 [00:00<00:31,  5.27it/s, v_num=miig]
Epoch 9:   2%|▏         | 4/172 [00:00<00:31,  5.27it/s, v_num=miig]Started forward pass
Batch size for logging: 32
Sampled prior
Generated molecules

Epoch 9:   3%|▎         | 5/172 [00:00<00:31,  5.35it/s, v_num=miig]
Epoch 9:   3%|▎         | 5/172 [00:00<00:31,  5.35it/s, v_num=miig]Started forward pass
Batch size for logging: 32
Sampled prior
Generated molecules

Epoch 9:   3%|▎         | 6/172 [00:01<00:30,  5.41it/s, v_num=miig]
Epoch 9:   3%|▎         | 6/172 [00:01<00:30,  5.41it/s, v_num=miig]Started forward pass
Batch size for logging: 32
Sampled prior
Generated molecules

Epoch 9:   4%|▍         | 7/172 [00:01<00:30,  5.45it/s, v_num=miig]
Epoch 9:   4%|▍         | 7/172 [00:01<00:30,  5.45it/s, v_num=miig]Started forward pass
Batch size for logging: 32
Sampled prior
Generated molecules

Epoch 9:   5%|▍         | 8/172 [00:01<00:29,  5.48it/s, v_num=miig]
Epoch 9:   5%|▍         | 8/172 [00:01<00:29,  5.48it/s, v_num=miig]Started forward pass
Batch size for logging: 32
Sampled prior
Generated molecules

Epoch 9:   5%|▌         | 9/172 [00:01<00:29,  5.50it/s, v_num=miig]
Epoch 9:   5%|▌         | 9/172 [00:01<00:29,  5.50it/s, v_num=miig]Started forward pass
Batch size for logging: 32
Sampled prior
Generated molecules

Epoch 9:   6%|▌         | 10/172 [00:01<00:29,  5.53it/s, v_num=miig]
Epoch 9:   6%|▌         | 10/172 [00:01<00:29,  5.53it/s, v_num=miig]Started forward pass
Batch size for logging: 32
Sampled prior
Generated molecules

Epoch 9:   6%|▋         | 11/172 [00:01<00:29,  5.55it/s, v_num=miig]
Epoch 9:   6%|▋         | 11/172 [00:01<00:29,  5.55it/s, v_num=miig]Started forward pass
Batch size for logging: 32
Sampled prior
Generated molecules

Epoch 9:   7%|▋         | 12/172 [00:02<00:28,  5.56it/s, v_num=miig]
Epoch 9:   7%|▋         | 12/172 [00:02<00:28,  5.56it/s, v_num=miig]Started forward pass
Batch size for logging: 32
Sampled prior
Generated molecules

Epoch 9:   8%|▊         | 13/172 [00:02<00:28,  5.56it/s, v_num=miig]
Epoch 9:   8%|▊         | 13/172 [00:02<00:28,  5.56it/s, v_num=miig]Started forward pass
Batch size for logging: 32
Sampled prior
Generated molecules

Epoch 9:   8%|▊         | 14/172 [00:02<00:28,  5.57it/s, v_num=miig]
Epoch 9:   8%|▊         | 14/172 [00:02<00:28,  5.57it/s, v_num=miig]Started forward pass
Batch size for logging: 32
Sampled prior
Generated molecules

Epoch 9:   9%|▊         | 15/172 [00:02<00:28,  5.57it/s, v_num=miig]
Epoch 9:   9%|▊         | 15/172 [00:02<00:28,  5.57it/s, v_num=miig]Started forward pass
Batch size for logging: 32
Sampled prior
Generated molecules

Epoch 9:   9%|▉         | 16/172 [00:02<00:27,  5.58it/s, v_num=miig]
Epoch 9:   9%|▉         | 16/172 [00:02<00:27,  5.58it/s, v_num=miig]Started forward pass
Batch size for logging: 32
Sampled prior
Generated molecules

Epoch 9:  10%|▉         | 17/172 [00:03<00:27,  5.59it/s, v_num=miig]
Epoch 9:  10%|▉         | 17/172 [00:03<00:27,  5.58it/s, v_num=miig]Started forward pass
Batch size for logging: 32
Sampled prior
Generated molecules

Epoch 9:  10%|█         | 18/172 [00:03<00:27,  5.59it/s, v_num=miig]
Epoch 9:  10%|█         | 18/172 [00:03<00:27,  5.59it/s, v_num=miig]Started forward pass
Batch size for logging: 32
Sampled prior
Generated molecules

Epoch 9:  11%|█         | 19/172 [00:03<00:27,  5.60it/s, v_num=miig]
Epoch 9:  11%|█         | 19/172 [00:03<00:27,  5.60it/s, v_num=miig]Started forward pass
Batch size for logging: 32
Sampled prior
Generated molecules

Epoch 9:  12%|█▏        | 20/172 [00:03<00:27,  5.60it/s, v_num=miig]
Epoch 9:  12%|█▏        | 20/172 [00:03<00:27,  5.60it/s, v_num=miig]Started forward pass
Batch size for logging: 32
Sampled prior
Generated molecules

Epoch 9:  12%|█▏        | 21/172 [00:03<00:26,  5.61it/s, v_num=miig]
Epoch 9:  12%|█▏        | 21/172 [00:03<00:26,  5.61it/s, v_num=miig]Started forward pass
Batch size for logging: 32
Sampled prior
Generated molecules

Epoch 9:  13%|█▎        | 22/172 [00:03<00:26,  5.61it/s, v_num=miig]
Epoch 9:  13%|█▎        | 22/172 [00:03<00:26,  5.61it/s, v_num=miig]Started forward pass
Batch size for logging: 32
Sampled prior
Generated molecules

Epoch 9:  13%|█▎        | 23/172 [00:04<00:26,  5.62it/s, v_num=miig]
Epoch 9:  13%|█▎        | 23/172 [00:04<00:26,  5.62it/s, v_num=miig]Started forward pass
Batch size for logging: 32
Sampled prior
Generated molecules

Epoch 9:  14%|█▍        | 24/172 [00:04<00:26,  5.62it/s, v_num=miig]
Epoch 9:  14%|█▍        | 24/172 [00:04<00:26,  5.62it/s, v_num=miig]Started forward pass
Batch size for logging: 32
Sampled prior
Generated molecules

Epoch 9:  15%|█▍        | 25/172 [00:04<00:26,  5.62it/s, v_num=miig]
Epoch 9:  15%|█▍        | 25/172 [00:04<00:26,  5.62it/s, v_num=miig]Started forward pass
Batch size for logging: 32
Sampled prior
Generated molecules

Epoch 9:  15%|█▌        | 26/172 [00:04<00:25,  5.63it/s, v_num=miig]
Epoch 9:  15%|█▌        | 26/172 [00:04<00:25,  5.62it/s, v_num=miig]Started forward pass
Batch size for logging: 32
Sampled prior
Generated molecules

Epoch 9:  16%|█▌        | 27/172 [00:04<00:25,  5.63it/s, v_num=miig]
Epoch 9:  16%|█▌        | 27/172 [00:04<00:25,  5.63it/s, v_num=miig]Started forward pass
Batch size for logging: 32
Sampled prior
Generated molecules

Epoch 9:  16%|█▋        | 28/172 [00:04<00:25,  5.63it/s, v_num=miig]
Epoch 9:  16%|█▋        | 28/172 [00:04<00:25,  5.63it/s, v_num=miig]Started forward pass
Batch size for logging: 32
Sampled prior
Generated molecules

Epoch 9:  17%|█▋        | 29/172 [00:05<00:25,  5.64it/s, v_num=miig]
Epoch 9:  17%|█▋        | 29/172 [00:05<00:25,  5.63it/s, v_num=miig]Started forward pass
Batch size for logging: 32
Sampled prior
Generated molecules

Epoch 9:  17%|█▋        | 30/172 [00:05<00:25,  5.64it/s, v_num=miig]
Epoch 9:  17%|█▋        | 30/172 [00:05<00:25,  5.63it/s, v_num=miig]Started forward pass
Batch size for logging: 32
Sampled prior
Generated molecules

Epoch 9:  18%|█▊        | 31/172 [00:05<00:25,  5.64it/s, v_num=miig]
Epoch 9:  18%|█▊        | 31/172 [00:05<00:25,  5.64it/s, v_num=miig]Started forward pass
Batch size for logging: 32
Sampled prior
Generated molecules

Epoch 9:  19%|█▊        | 32/172 [00:05<00:24,  5.64it/s, v_num=miig]
Epoch 9:  19%|█▊        | 32/172 [00:05<00:24,  5.64it/s, v_num=miig]Started forward pass
Batch size for logging: 32
Sampled prior
Generated molecules

Epoch 9:  19%|█▉        | 33/172 [00:05<00:24,  5.64it/s, v_num=miig]
Epoch 9:  19%|█▉        | 33/172 [00:05<00:24,  5.64it/s, v_num=miig]Started forward pass
Batch size for logging: 32
Sampled prior
Generated molecules

Epoch 9:  20%|█▉        | 34/172 [00:06<00:24,  5.64it/s, v_num=miig]
Epoch 9:  20%|█▉        | 34/172 [00:06<00:24,  5.64it/s, v_num=miig]Started forward pass
Batch size for logging: 32
Sampled prior
Generated molecules

Epoch 9:  20%|██        | 35/172 [00:06<00:24,  5.64it/s, v_num=miig]
Epoch 9:  20%|██        | 35/172 [00:06<00:24,  5.64it/s, v_num=miig]Started forward pass
Batch size for logging: 32
Sampled prior
Generated molecules

Epoch 9:  21%|██        | 36/172 [00:06<00:24,  5.64it/s, v_num=miig]
Epoch 9:  21%|██        | 36/172 [00:06<00:24,  5.64it/s, v_num=miig]Started forward pass
Batch size for logging: 32
Sampled prior
Generated molecules

Epoch 9:  22%|██▏       | 37/172 [00:06<00:23,  5.65it/s, v_num=miig]
Epoch 9:  22%|██▏       | 37/172 [00:06<00:23,  5.65it/s, v_num=miig]Started forward pass
Batch size for logging: 32
Sampled prior
Generated molecules

Epoch 9:  22%|██▏       | 38/172 [00:06<00:23,  5.65it/s, v_num=miig]
Epoch 9:  22%|██▏       | 38/172 [00:06<00:23,  5.65it/s, v_num=miig]Started forward pass
Batch size for logging: 32
Sampled prior
Generated molecules

Epoch 9:  23%|██▎       | 39/172 [00:06<00:23,  5.65it/s, v_num=miig]
Epoch 9:  23%|██▎       | 39/172 [00:06<00:23,  5.65it/s, v_num=miig]Started forward pass
Batch size for logging: 32
Sampled prior
Generated molecules

Epoch 9:  23%|██▎       | 40/172 [00:07<00:23,  5.65it/s, v_num=miig]
Epoch 9:  23%|██▎       | 40/172 [00:07<00:23,  5.65it/s, v_num=miig]Started forward pass
Batch size for logging: 32
Sampled prior
Generated molecules

Epoch 9:  24%|██▍       | 41/172 [00:07<00:23,  5.65it/s, v_num=miig]
Epoch 9:  24%|██▍       | 41/172 [00:07<00:23,  5.65it/s, v_num=miig]Started forward pass
Batch size for logging: 32
Sampled prior
Generated molecules

Epoch 9:  24%|██▍       | 42/172 [00:07<00:22,  5.65it/s, v_num=miig]
Epoch 9:  24%|██▍       | 42/172 [00:07<00:22,  5.65it/s, v_num=miig]Started forward pass
Batch size for logging: 32
Sampled prior
Generated molecules

Epoch 9:  25%|██▌       | 43/172 [00:07<00:22,  5.65it/s, v_num=miig]
Epoch 9:  25%|██▌       | 43/172 [00:07<00:22,  5.65it/s, v_num=miig]Started forward pass
Batch size for logging: 32
Sampled prior
Generated molecules

Epoch 9:  26%|██▌       | 44/172 [00:07<00:22,  5.66it/s, v_num=miig]
Epoch 9:  26%|██▌       | 44/172 [00:07<00:22,  5.66it/s, v_num=miig]Started forward pass
Batch size for logging: 32
Sampled prior
Generated molecules

Epoch 9:  26%|██▌       | 45/172 [00:07<00:22,  5.66it/s, v_num=miig]
Epoch 9:  26%|██▌       | 45/172 [00:07<00:22,  5.66it/s, v_num=miig]Started forward pass
Batch size for logging: 32
Sampled prior
Generated molecules

Epoch 9:  27%|██▋       | 46/172 [00:08<00:22,  5.66it/s, v_num=miig]
Epoch 9:  27%|██▋       | 46/172 [00:08<00:22,  5.66it/s, v_num=miig]Started forward pass
Batch size for logging: 32
Sampled prior
Generated molecules

Epoch 9:  27%|██▋       | 47/172 [00:08<00:22,  5.66it/s, v_num=miig]
Epoch 9:  27%|██▋       | 47/172 [00:08<00:22,  5.66it/s, v_num=miig]Started forward pass
Batch size for logging: 32
Sampled prior
Generated molecules

Epoch 9:  28%|██▊       | 48/172 [00:08<00:21,  5.66it/s, v_num=miig]
Epoch 9:  28%|██▊       | 48/172 [00:08<00:21,  5.66it/s, v_num=miig]Started forward pass
Batch size for logging: 32
Sampled prior
Generated molecules

Epoch 9:  28%|██▊       | 49/172 [00:08<00:21,  5.66it/s, v_num=miig]
Epoch 9:  28%|██▊       | 49/172 [00:08<00:21,  5.66it/s, v_num=miig]Started forward pass
Batch size for logging: 32
Sampled prior
Generated molecules

Epoch 9:  29%|██▉       | 50/172 [00:08<00:21,  5.66it/s, v_num=miig]
Epoch 9:  29%|██▉       | 50/172 [00:08<00:21,  5.66it/s, v_num=miig]Started forward pass
Batch size for logging: 32
Sampled prior
Generated molecules

Epoch 9:  30%|██▉       | 51/172 [00:09<00:21,  5.66it/s, v_num=miig]
Epoch 9:  30%|██▉       | 51/172 [00:09<00:21,  5.66it/s, v_num=miig]Started forward pass
Batch size for logging: 32
Sampled prior
Generated molecules

Epoch 9:  30%|███       | 52/172 [00:09<00:21,  5.66it/s, v_num=miig]
Epoch 9:  30%|███       | 52/172 [00:09<00:21,  5.66it/s, v_num=miig]Started forward pass
Batch size for logging: 32
Sampled prior
Generated molecules

Epoch 9:  31%|███       | 53/172 [00:09<00:21,  5.67it/s, v_num=miig]
Epoch 9:  31%|███       | 53/172 [00:09<00:21,  5.66it/s, v_num=miig]Started forward pass
Batch size for logging: 32
Sampled prior
Generated molecules

Epoch 9:  31%|███▏      | 54/172 [00:09<00:20,  5.67it/s, v_num=miig]
Epoch 9:  31%|███▏      | 54/172 [00:09<00:20,  5.67it/s, v_num=miig]Started forward pass
Batch size for logging: 32
Sampled prior
Generated molecules

Epoch 9:  32%|███▏      | 55/172 [00:09<00:20,  5.67it/s, v_num=miig]
Epoch 9:  32%|███▏      | 55/172 [00:09<00:20,  5.67it/s, v_num=miig]Started forward pass
Batch size for logging: 32
Sampled prior
Generated molecules

Epoch 9:  33%|███▎      | 56/172 [00:09<00:20,  5.67it/s, v_num=miig]
Epoch 9:  33%|███▎      | 56/172 [00:09<00:20,  5.67it/s, v_num=miig]Started forward pass
Batch size for logging: 32
Sampled prior
Generated molecules

Epoch 9:  33%|███▎      | 57/172 [00:10<00:20,  5.67it/s, v_num=miig]
Epoch 9:  33%|███▎      | 57/172 [00:10<00:20,  5.67it/s, v_num=miig]Started forward pass
Batch size for logging: 32
Sampled prior
Generated molecules

Epoch 9:  34%|███▎      | 58/172 [00:10<00:20,  5.67it/s, v_num=miig]
Epoch 9:  34%|███▎      | 58/172 [00:10<00:20,  5.67it/s, v_num=miig]Started forward pass
Batch size for logging: 32
Sampled prior
Generated molecules

Epoch 9:  34%|███▍      | 59/172 [00:10<00:19,  5.67it/s, v_num=miig]
Epoch 9:  34%|███▍      | 59/172 [00:10<00:19,  5.67it/s, v_num=miig]Started forward pass
Batch size for logging: 32
Sampled prior
Generated molecules

Epoch 9:  35%|███▍      | 60/172 [00:10<00:19,  5.67it/s, v_num=miig]
Epoch 9:  35%|███▍      | 60/172 [00:10<00:19,  5.67it/s, v_num=miig]Started forward pass
Batch size for logging: 32
Sampled prior
Generated molecules

Epoch 9:  35%|███▌      | 61/172 [00:10<00:19,  5.67it/s, v_num=miig]
Epoch 9:  35%|███▌      | 61/172 [00:10<00:19,  5.67it/s, v_num=miig]Started forward pass
Batch size for logging: 32
Sampled prior
Generated molecules

Epoch 9:  36%|███▌      | 62/172 [00:10<00:19,  5.67it/s, v_num=miig]
Epoch 9:  36%|███▌      | 62/172 [00:10<00:19,  5.67it/s, v_num=miig]Started forward pass
Batch size for logging: 32
Sampled prior
Generated molecules

Epoch 9:  37%|███▋      | 63/172 [00:11<00:19,  5.67it/s, v_num=miig]
Epoch 9:  37%|███▋      | 63/172 [00:11<00:19,  5.67it/s, v_num=miig]Started forward pass
Batch size for logging: 32
Sampled prior
Generated molecules

Epoch 9:  37%|███▋      | 64/172 [00:11<00:19,  5.67it/s, v_num=miig]
Epoch 9:  37%|███▋      | 64/172 [00:11<00:19,  5.67it/s, v_num=miig]Started forward pass
Batch size for logging: 32
Sampled prior
Generated molecules

Epoch 9:  38%|███▊      | 65/172 [00:11<00:18,  5.67it/s, v_num=miig]
Epoch 9:  38%|███▊      | 65/172 [00:11<00:18,  5.67it/s, v_num=miig]Started forward pass
Batch size for logging: 32
Sampled prior
Generated molecules

Epoch 9:  38%|███▊      | 66/172 [00:11<00:18,  5.67it/s, v_num=miig]
Epoch 9:  38%|███▊      | 66/172 [00:11<00:18,  5.67it/s, v_num=miig]Started forward pass
Batch size for logging: 32
Sampled prior
Generated molecules

Epoch 9:  39%|███▉      | 67/172 [00:11<00:18,  5.67it/s, v_num=miig]
Epoch 9:  39%|███▉      | 67/172 [00:11<00:18,  5.67it/s, v_num=miig]Started forward pass
Batch size for logging: 32
Sampled prior
Generated molecules

Epoch 9:  40%|███▉      | 68/172 [00:11<00:18,  5.67it/s, v_num=miig]
Epoch 9:  40%|███▉      | 68/172 [00:11<00:18,  5.67it/s, v_num=miig]Started forward pass
Batch size for logging: 32
Sampled prior
Generated molecules

Epoch 9:  40%|████      | 69/172 [00:12<00:18,  5.67it/s, v_num=miig]
Epoch 9:  40%|████      | 69/172 [00:12<00:18,  5.67it/s, v_num=miig]Started forward pass
Batch size for logging: 32
Sampled prior
Generated molecules

Epoch 9:  41%|████      | 70/172 [00:12<00:17,  5.67it/s, v_num=miig]
Epoch 9:  41%|████      | 70/172 [00:12<00:17,  5.67it/s, v_num=miig]Started forward pass
Batch size for logging: 32
Sampled prior
Generated molecules

Epoch 9:  41%|████▏     | 71/172 [00:12<00:17,  5.67it/s, v_num=miig]
Epoch 9:  41%|████▏     | 71/172 [00:12<00:17,  5.67it/s, v_num=miig]Started forward pass
Batch size for logging: 32
Sampled prior
Generated molecules

Epoch 9:  42%|████▏     | 72/172 [00:12<00:17,  5.67it/s, v_num=miig]
Epoch 9:  42%|████▏     | 72/172 [00:12<00:17,  5.67it/s, v_num=miig]Started forward pass
Batch size for logging: 32
Sampled prior
Generated molecules

Epoch 9:  42%|████▏     | 73/172 [00:12<00:17,  5.67it/s, v_num=miig]
Epoch 9:  42%|████▏     | 73/172 [00:12<00:17,  5.67it/s, v_num=miig]Started forward pass
Batch size for logging: 32
Sampled prior
Generated molecules

Epoch 9:  43%|████▎     | 74/172 [00:13<00:17,  5.67it/s, v_num=miig]
Epoch 9:  43%|████▎     | 74/172 [00:13<00:17,  5.67it/s, v_num=miig]Started forward pass
Batch size for logging: 32
Sampled prior
Generated molecules

Epoch 9:  44%|████▎     | 75/172 [00:13<00:17,  5.68it/s, v_num=miig]
Epoch 9:  44%|████▎     | 75/172 [00:13<00:17,  5.68it/s, v_num=miig]Started forward pass
Batch size for logging: 32
Sampled prior
Generated molecules

Epoch 9:  44%|████▍     | 76/172 [00:13<00:16,  5.68it/s, v_num=miig]
Epoch 9:  44%|████▍     | 76/172 [00:13<00:16,  5.67it/s, v_num=miig]Started forward pass
Batch size for logging: 32
Sampled prior
Generated molecules

Epoch 9:  45%|████▍     | 77/172 [00:13<00:16,  5.68it/s, v_num=miig]
Epoch 9:  45%|████▍     | 77/172 [00:13<00:16,  5.68it/s, v_num=miig]Started forward pass
Batch size for logging: 32
Sampled prior
Generated molecules

Epoch 9:  45%|████▌     | 78/172 [00:13<00:16,  5.68it/s, v_num=miig]
Epoch 9:  45%|████▌     | 78/172 [00:13<00:16,  5.67it/s, v_num=miig]Started forward pass
Batch size for logging: 32
Sampled prior
Generated molecules

Epoch 9:  46%|████▌     | 79/172 [00:13<00:16,  5.68it/s, v_num=miig]
Epoch 9:  46%|████▌     | 79/172 [00:13<00:16,  5.68it/s, v_num=miig]Started forward pass
Batch size for logging: 32
Sampled prior
Generated molecules

Epoch 9:  47%|████▋     | 80/172 [00:14<00:16,  5.68it/s, v_num=miig]
Epoch 9:  47%|████▋     | 80/172 [00:14<00:16,  5.68it/s, v_num=miig]Started forward pass
Batch size for logging: 32
Sampled prior
Generated molecules

Epoch 9:  47%|████▋     | 81/172 [00:14<00:16,  5.68it/s, v_num=miig]
Epoch 9:  47%|████▋     | 81/172 [00:14<00:16,  5.68it/s, v_num=miig]Started forward pass
Batch size for logging: 32
Sampled prior
Generated molecules

Epoch 9:  48%|████▊     | 82/172 [00:14<00:15,  5.68it/s, v_num=miig]
Epoch 9:  48%|████▊     | 82/172 [00:14<00:15,  5.68it/s, v_num=miig]Started forward pass
Batch size for logging: 32
Sampled prior
Generated molecules

Epoch 9:  48%|████▊     | 83/172 [00:14<00:15,  5.68it/s, v_num=miig]
Epoch 9:  48%|████▊     | 83/172 [00:14<00:15,  5.68it/s, v_num=miig]Started forward pass
Batch size for logging: 32
Sampled prior
Generated molecules

Epoch 9:  49%|████▉     | 84/172 [00:14<00:15,  5.68it/s, v_num=miig]
Epoch 9:  49%|████▉     | 84/172 [00:14<00:15,  5.68it/s, v_num=miig]Started forward pass
Batch size for logging: 32
Sampled prior
Generated molecules

Epoch 9:  49%|████▉     | 85/172 [00:14<00:15,  5.68it/s, v_num=miig]
Epoch 9:  49%|████▉     | 85/172 [00:14<00:15,  5.68it/s, v_num=miig]Started forward pass
Batch size for logging: 32
Sampled prior
Generated molecules

Epoch 9:  50%|█████     | 86/172 [00:15<00:15,  5.68it/s, v_num=miig]
Epoch 9:  50%|█████     | 86/172 [00:15<00:15,  5.68it/s, v_num=miig]Started forward pass
Batch size for logging: 32
Sampled prior
Generated molecules

Epoch 9:  51%|█████     | 87/172 [00:15<00:14,  5.68it/s, v_num=miig]
Epoch 9:  51%|█████     | 87/172 [00:15<00:14,  5.68it/s, v_num=miig]Started forward pass
Batch size for logging: 32
Sampled prior
Generated molecules

Epoch 9:  51%|█████     | 88/172 [00:15<00:14,  5.68it/s, v_num=miig]
Epoch 9:  51%|█████     | 88/172 [00:15<00:14,  5.68it/s, v_num=miig]Started forward pass
Batch size for logging: 32
Sampled prior
Generated molecules

Epoch 9:  52%|█████▏    | 89/172 [00:15<00:14,  5.68it/s, v_num=miig]
Epoch 9:  52%|█████▏    | 89/172 [00:15<00:14,  5.68it/s, v_num=miig]Started forward pass
Batch size for logging: 32
Sampled prior
Generated molecules

Epoch 9:  52%|█████▏    | 90/172 [00:15<00:14,  5.68it/s, v_num=miig]
Epoch 9:  52%|█████▏    | 90/172 [00:15<00:14,  5.68it/s, v_num=miig]Started forward pass
Batch size for logging: 32
Sampled prior
Generated molecules

Epoch 9:  53%|█████▎    | 91/172 [00:16<00:14,  5.68it/s, v_num=miig]
Epoch 9:  53%|█████▎    | 91/172 [00:16<00:14,  5.68it/s, v_num=miig]Started forward pass
Batch size for logging: 32
Sampled prior
Generated molecules

Epoch 9:  53%|█████▎    | 92/172 [00:16<00:14,  5.68it/s, v_num=miig]
Epoch 9:  53%|█████▎    | 92/172 [00:16<00:14,  5.68it/s, v_num=miig]Started forward pass
Batch size for logging: 32
Sampled prior
Generated molecules

Epoch 9:  54%|█████▍    | 93/172 [00:16<00:13,  5.68it/s, v_num=miig]
Epoch 9:  54%|█████▍    | 93/172 [00:16<00:13,  5.68it/s, v_num=miig]Started forward pass
Batch size for logging: 32
Sampled prior
Generated molecules

Epoch 9:  55%|█████▍    | 94/172 [00:16<00:13,  5.68it/s, v_num=miig]
Epoch 9:  55%|█████▍    | 94/172 [00:16<00:13,  5.68it/s, v_num=miig]Started forward pass
Batch size for logging: 32
Sampled prior
Generated molecules

Epoch 9:  55%|█████▌    | 95/172 [00:16<00:13,  5.68it/s, v_num=miig]
Epoch 9:  55%|█████▌    | 95/172 [00:16<00:13,  5.68it/s, v_num=miig]Started forward pass
Batch size for logging: 32
Sampled prior
Generated molecules

Epoch 9:  56%|█████▌    | 96/172 [00:16<00:13,  5.68it/s, v_num=miig]
Epoch 9:  56%|█████▌    | 96/172 [00:16<00:13,  5.68it/s, v_num=miig]Started forward pass
Batch size for logging: 32
Sampled prior
Generated molecules

Epoch 9:  56%|█████▋    | 97/172 [00:17<00:13,  5.68it/s, v_num=miig]
Epoch 9:  56%|█████▋    | 97/172 [00:17<00:13,  5.68it/s, v_num=miig]Started forward pass
Batch size for logging: 32
Sampled prior
Generated molecules

Epoch 9:  57%|█████▋    | 98/172 [00:17<00:13,  5.68it/s, v_num=miig]
Epoch 9:  57%|█████▋    | 98/172 [00:17<00:13,  5.68it/s, v_num=miig]Started forward pass
Batch size for logging: 32
Sampled prior
Generated molecules

Epoch 9:  58%|█████▊    | 99/172 [00:17<00:12,  5.68it/s, v_num=miig]
Epoch 9:  58%|█████▊    | 99/172 [00:17<00:12,  5.68it/s, v_num=miig]Started forward pass
Batch size for logging: 32
Sampled prior
Generated molecules

Epoch 9:  58%|█████▊    | 100/172 [00:17<00:12,  5.68it/s, v_num=miig]
Epoch 9:  58%|█████▊    | 100/172 [00:17<00:12,  5.68it/s, v_num=miig]Started forward pass
Batch size for logging: 32
Sampled prior
Generated molecules

Epoch 9:  59%|█████▊    | 101/172 [00:17<00:12,  5.68it/s, v_num=miig]
Epoch 9:  59%|█████▊    | 101/172 [00:17<00:12,  5.68it/s, v_num=miig]Started forward pass
Batch size for logging: 32
Sampled prior
Generated molecules

Epoch 9:  59%|█████▉    | 102/172 [00:17<00:12,  5.68it/s, v_num=miig]
Epoch 9:  59%|█████▉    | 102/172 [00:17<00:12,  5.68it/s, v_num=miig]Started forward pass
Batch size for logging: 32
Sampled prior
Generated molecules

Epoch 9:  60%|█████▉    | 103/172 [00:18<00:12,  5.68it/s, v_num=miig]
Epoch 9:  60%|█████▉    | 103/172 [00:18<00:12,  5.68it/s, v_num=miig]Started forward pass
Batch size for logging: 32
Sampled prior
Generated molecules

Epoch 9:  60%|██████    | 104/172 [00:18<00:11,  5.68it/s, v_num=miig]
Epoch 9:  60%|██████    | 104/172 [00:18<00:11,  5.68it/s, v_num=miig]Started forward pass
Batch size for logging: 32
Sampled prior
Generated molecules

Epoch 9:  61%|██████    | 105/172 [00:18<00:11,  5.68it/s, v_num=miig]
Epoch 9:  61%|██████    | 105/172 [00:18<00:11,  5.68it/s, v_num=miig]Started forward pass
Batch size for logging: 32
Sampled prior
Generated molecules

Epoch 9:  62%|██████▏   | 106/172 [00:18<00:11,  5.68it/s, v_num=miig]
Epoch 9:  62%|██████▏   | 106/172 [00:18<00:11,  5.68it/s, v_num=miig]Started forward pass
Batch size for logging: 32
Sampled prior
Generated molecules

Epoch 9:  62%|██████▏   | 107/172 [00:18<00:11,  5.68it/s, v_num=miig]
Epoch 9:  62%|██████▏   | 107/172 [00:18<00:11,  5.68it/s, v_num=miig]Started forward pass
Batch size for logging: 32
Sampled prior
Generated molecules

Epoch 9:  63%|██████▎   | 108/172 [00:19<00:11,  5.68it/s, v_num=miig]
Epoch 9:  63%|██████▎   | 108/172 [00:19<00:11,  5.68it/s, v_num=miig]Started forward pass
Batch size for logging: 32
Sampled prior
Generated molecules

Epoch 9:  63%|██████▎   | 109/172 [00:19<00:11,  5.68it/s, v_num=miig]
Epoch 9:  63%|██████▎   | 109/172 [00:19<00:11,  5.68it/s, v_num=miig]Started forward pass
Batch size for logging: 32
Sampled prior
Generated molecules

Epoch 9:  64%|██████▍   | 110/172 [00:19<00:10,  5.68it/s, v_num=miig]
Epoch 9:  64%|██████▍   | 110/172 [00:19<00:10,  5.68it/s, v_num=miig]Started forward pass
Batch size for logging: 32
Sampled prior
Generated molecules

Epoch 9:  65%|██████▍   | 111/172 [00:19<00:10,  5.68it/s, v_num=miig]
Epoch 9:  65%|██████▍   | 111/172 [00:19<00:10,  5.68it/s, v_num=miig]Started forward pass
Batch size for logging: 32
Sampled prior
Generated molecules

Epoch 9:  65%|██████▌   | 112/172 [00:19<00:10,  5.68it/s, v_num=miig]
Epoch 9:  65%|██████▌   | 112/172 [00:19<00:10,  5.68it/s, v_num=miig]Started forward pass
Batch size for logging: 32
Sampled prior
Generated molecules

Epoch 9:  66%|██████▌   | 113/172 [00:19<00:10,  5.68it/s, v_num=miig]
Epoch 9:  66%|██████▌   | 113/172 [00:19<00:10,  5.68it/s, v_num=miig]Started forward pass
Batch size for logging: 32
Sampled prior
Generated molecules

Epoch 9:  66%|██████▋   | 114/172 [00:20<00:10,  5.68it/s, v_num=miig]
Epoch 9:  66%|██████▋   | 114/172 [00:20<00:10,  5.68it/s, v_num=miig]Started forward pass
Batch size for logging: 32
Sampled prior
Generated molecules

Epoch 9:  67%|██████▋   | 115/172 [00:20<00:10,  5.68it/s, v_num=miig]
Epoch 9:  67%|██████▋   | 115/172 [00:20<00:10,  5.68it/s, v_num=miig]Started forward pass
Batch size for logging: 32
Sampled prior
Generated molecules

Epoch 9:  67%|██████▋   | 116/172 [00:20<00:09,  5.68it/s, v_num=miig]
Epoch 9:  67%|██████▋   | 116/172 [00:20<00:09,  5.68it/s, v_num=miig]Started forward pass
Batch size for logging: 32
Sampled prior
Generated molecules

Epoch 9:  68%|██████▊   | 117/172 [00:20<00:09,  5.68it/s, v_num=miig]
Epoch 9:  68%|██████▊   | 117/172 [00:20<00:09,  5.68it/s, v_num=miig]Started forward pass
Batch size for logging: 32
Sampled prior
Generated molecules

Epoch 9:  69%|██████▊   | 118/172 [00:20<00:09,  5.68it/s, v_num=miig]
Epoch 9:  69%|██████▊   | 118/172 [00:20<00:09,  5.68it/s, v_num=miig]Started forward pass
Batch size for logging: 32
Sampled prior
Generated molecules

Epoch 9:  69%|██████▉   | 119/172 [00:20<00:09,  5.68it/s, v_num=miig]
Epoch 9:  69%|██████▉   | 119/172 [00:20<00:09,  5.68it/s, v_num=miig]Started forward pass
Batch size for logging: 32
Sampled prior
Generated molecules

Epoch 9:  70%|██████▉   | 120/172 [00:21<00:09,  5.68it/s, v_num=miig]
Epoch 9:  70%|██████▉   | 120/172 [00:21<00:09,  5.68it/s, v_num=miig]Started forward pass
Batch size for logging: 32
Sampled prior
Generated molecules

Epoch 9:  70%|███████   | 121/172 [00:21<00:08,  5.68it/s, v_num=miig]
Epoch 9:  70%|███████   | 121/172 [00:21<00:08,  5.68it/s, v_num=miig]Started forward pass
Batch size for logging: 32
Sampled prior
Generated molecules

Epoch 9:  71%|███████   | 122/172 [00:21<00:08,  5.68it/s, v_num=miig]
Epoch 9:  71%|███████   | 122/172 [00:21<00:08,  5.68it/s, v_num=miig]Started forward pass
Batch size for logging: 32
Sampled prior
Generated molecules

Epoch 9:  72%|███████▏  | 123/172 [00:21<00:08,  5.68it/s, v_num=miig]
Epoch 9:  72%|███████▏  | 123/172 [00:21<00:08,  5.68it/s, v_num=miig]Started forward pass
Batch size for logging: 32
Sampled prior
Generated molecules

Epoch 9:  72%|███████▏  | 124/172 [00:21<00:08,  5.68it/s, v_num=miig]
Epoch 9:  72%|███████▏  | 124/172 [00:21<00:08,  5.68it/s, v_num=miig]Started forward pass
Batch size for logging: 32
Sampled prior
Generated molecules

Epoch 9:  73%|███████▎  | 125/172 [00:21<00:08,  5.68it/s, v_num=miig]
Epoch 9:  73%|███████▎  | 125/172 [00:21<00:08,  5.68it/s, v_num=miig]Started forward pass
Batch size for logging: 32
Sampled prior
Generated molecules

Epoch 9:  73%|███████▎  | 126/172 [00:22<00:08,  5.68it/s, v_num=miig]
Epoch 9:  73%|███████▎  | 126/172 [00:22<00:08,  5.68it/s, v_num=miig]Started forward pass
Batch size for logging: 32
Sampled prior
Generated molecules

Epoch 9:  74%|███████▍  | 127/172 [00:22<00:07,  5.68it/s, v_num=miig]
Epoch 9:  74%|███████▍  | 127/172 [00:22<00:07,  5.68it/s, v_num=miig]Started forward pass
Batch size for logging: 32
Sampled prior
Generated molecules

Epoch 9:  74%|███████▍  | 128/172 [00:22<00:07,  5.68it/s, v_num=miig]
Epoch 9:  74%|███████▍  | 128/172 [00:22<00:07,  5.68it/s, v_num=miig]Started forward pass
Batch size for logging: 32
Sampled prior
Generated molecules

Epoch 9:  75%|███████▌  | 129/172 [00:22<00:07,  5.68it/s, v_num=miig]
Epoch 9:  75%|███████▌  | 129/172 [00:22<00:07,  5.68it/s, v_num=miig]Started forward pass
Batch size for logging: 32
Sampled prior
Generated molecules

Epoch 9:  76%|███████▌  | 130/172 [00:22<00:07,  5.68it/s, v_num=miig]
Epoch 9:  76%|███████▌  | 130/172 [00:22<00:07,  5.68it/s, v_num=miig]Started forward pass
Batch size for logging: 32
Sampled prior
Generated molecules

Epoch 9:  76%|███████▌  | 131/172 [00:23<00:07,  5.68it/s, v_num=miig]
Epoch 9:  76%|███████▌  | 131/172 [00:23<00:07,  5.68it/s, v_num=miig]Started forward pass
Batch size for logging: 32
Sampled prior
Generated molecules

Epoch 9:  77%|███████▋  | 132/172 [00:23<00:07,  5.68it/s, v_num=miig]
Epoch 9:  77%|███████▋  | 132/172 [00:23<00:07,  5.68it/s, v_num=miig]Started forward pass
Batch size for logging: 32
Sampled prior
Generated molecules

Epoch 9:  77%|███████▋  | 133/172 [00:23<00:06,  5.68it/s, v_num=miig]
Epoch 9:  77%|███████▋  | 133/172 [00:23<00:06,  5.68it/s, v_num=miig]Started forward pass
Batch size for logging: 32
Sampled prior
Generated molecules

Epoch 9:  78%|███████▊  | 134/172 [00:23<00:06,  5.68it/s, v_num=miig]
Epoch 9:  78%|███████▊  | 134/172 [00:23<00:06,  5.68it/s, v_num=miig]Started forward pass
Batch size for logging: 32
Sampled prior
Generated molecules

Epoch 9:  78%|███████▊  | 135/172 [00:23<00:06,  5.68it/s, v_num=miig]
Epoch 9:  78%|███████▊  | 135/172 [00:23<00:06,  5.68it/s, v_num=miig]Started forward pass
Batch size for logging: 32
Sampled prior
Generated molecules

Epoch 9:  79%|███████▉  | 136/172 [00:23<00:06,  5.68it/s, v_num=miig]
Epoch 9:  79%|███████▉  | 136/172 [00:23<00:06,  5.68it/s, v_num=miig]Started forward pass
Batch size for logging: 32
Sampled prior
Generated molecules

Epoch 9:  80%|███████▉  | 137/172 [00:24<00:06,  5.68it/s, v_num=miig]
Epoch 9:  80%|███████▉  | 137/172 [00:24<00:06,  5.68it/s, v_num=miig]Started forward pass
Batch size for logging: 32
Sampled prior
Generated molecules

Epoch 9:  80%|████████  | 138/172 [00:24<00:05,  5.68it/s, v_num=miig]
Epoch 9:  80%|████████  | 138/172 [00:24<00:05,  5.68it/s, v_num=miig]Started forward pass
Batch size for logging: 32
Sampled prior
Generated molecules

Epoch 9:  81%|████████  | 139/172 [00:24<00:05,  5.68it/s, v_num=miig]
Epoch 9:  81%|████████  | 139/172 [00:24<00:05,  5.68it/s, v_num=miig]Started forward pass
Batch size for logging: 32
Sampled prior
Generated molecules

Epoch 9:  81%|████████▏ | 140/172 [00:24<00:05,  5.68it/s, v_num=miig]
Epoch 9:  81%|████████▏ | 140/172 [00:24<00:05,  5.68it/s, v_num=miig]Started forward pass
Batch size for logging: 32
Sampled prior
Generated molecules

Epoch 9:  82%|████████▏ | 141/172 [00:24<00:05,  5.69it/s, v_num=miig]
Epoch 9:  82%|████████▏ | 141/172 [00:24<00:05,  5.68it/s, v_num=miig]Started forward pass
Batch size for logging: 32
Sampled prior
Generated molecules

Epoch 9:  83%|████████▎ | 142/172 [00:24<00:05,  5.69it/s, v_num=miig]
Epoch 9:  83%|████████▎ | 142/172 [00:24<00:05,  5.69it/s, v_num=miig]Started forward pass
Batch size for logging: 32
Sampled prior
Generated molecules

Epoch 9:  83%|████████▎ | 143/172 [00:25<00:05,  5.69it/s, v_num=miig]
Epoch 9:  83%|████████▎ | 143/172 [00:25<00:05,  5.69it/s, v_num=miig]Started forward pass
Batch size for logging: 32
Sampled prior
Generated molecules

Epoch 9:  84%|████████▎ | 144/172 [00:25<00:04,  5.69it/s, v_num=miig]
Epoch 9:  84%|████████▎ | 144/172 [00:25<00:04,  5.69it/s, v_num=miig]Started forward pass
Batch size for logging: 32
Sampled prior
Generated molecules

Epoch 9:  84%|████████▍ | 145/172 [00:25<00:04,  5.69it/s, v_num=miig]
Epoch 9:  84%|████████▍ | 145/172 [00:25<00:04,  5.69it/s, v_num=miig]Started forward pass
Batch size for logging: 32
Sampled prior
Generated molecules

Epoch 9:  85%|████████▍ | 146/172 [00:25<00:04,  5.69it/s, v_num=miig]
Epoch 9:  85%|████████▍ | 146/172 [00:25<00:04,  5.69it/s, v_num=miig]Started forward pass
Batch size for logging: 32
Sampled prior
Generated molecules

Epoch 9:  85%|████████▌ | 147/172 [00:25<00:04,  5.69it/s, v_num=miig]
Epoch 9:  85%|████████▌ | 147/172 [00:25<00:04,  5.68it/s, v_num=miig]Started forward pass
Batch size for logging: 32
Sampled prior
Generated molecules

Epoch 9:  86%|████████▌ | 148/172 [00:26<00:04,  5.69it/s, v_num=miig]
Epoch 9:  86%|████████▌ | 148/172 [00:26<00:04,  5.69it/s, v_num=miig]Started forward pass
Batch size for logging: 32
Sampled prior
Generated molecules

Epoch 9:  87%|████████▋ | 149/172 [00:26<00:04,  5.69it/s, v_num=miig]
Epoch 9:  87%|████████▋ | 149/172 [00:26<00:04,  5.68it/s, v_num=miig]Started forward pass
Batch size for logging: 32
Sampled prior
Generated molecules

Epoch 9:  87%|████████▋ | 150/172 [00:26<00:03,  5.68it/s, v_num=miig]
Epoch 9:  87%|████████▋ | 150/172 [00:26<00:03,  5.68it/s, v_num=miig]Started forward pass
Batch size for logging: 32
Sampled prior
Generated molecules

Epoch 9:  88%|████████▊ | 151/172 [00:26<00:03,  5.69it/s, v_num=miig]
Epoch 9:  88%|████████▊ | 151/172 [00:26<00:03,  5.69it/s, v_num=miig]Started forward pass
Batch size for logging: 32
Sampled prior
Generated molecules

Epoch 9:  88%|████████▊ | 152/172 [00:26<00:03,  5.69it/s, v_num=miig]
Epoch 9:  88%|████████▊ | 152/172 [00:26<00:03,  5.69it/s, v_num=miig]Started forward pass
Batch size for logging: 32
Sampled prior
Generated molecules

Epoch 9:  89%|████████▉ | 153/172 [00:26<00:03,  5.69it/s, v_num=miig]
Epoch 9:  89%|████████▉ | 153/172 [00:26<00:03,  5.69it/s, v_num=miig]Started forward pass
Batch size for logging: 32
Sampled prior
Generated molecules

Epoch 9:  90%|████████▉ | 154/172 [00:27<00:03,  5.69it/s, v_num=miig]
Epoch 9:  90%|████████▉ | 154/172 [00:27<00:03,  5.69it/s, v_num=miig]Started forward pass
Batch size for logging: 32
Sampled prior
Generated molecules

Epoch 9:  90%|█████████ | 155/172 [00:27<00:02,  5.69it/s, v_num=miig]
Epoch 9:  90%|█████████ | 155/172 [00:27<00:02,  5.69it/s, v_num=miig]Started forward pass
Batch size for logging: 32
Sampled prior
Generated molecules

Epoch 9:  91%|█████████ | 156/172 [00:27<00:02,  5.69it/s, v_num=miig]
Epoch 9:  91%|█████████ | 156/172 [00:27<00:02,  5.68it/s, v_num=miig]Started forward pass
Batch size for logging: 32
Sampled prior
Generated molecules

Epoch 9:  91%|█████████▏| 157/172 [00:27<00:02,  5.69it/s, v_num=miig]
Epoch 9:  91%|█████████▏| 157/172 [00:27<00:02,  5.68it/s, v_num=miig]Started forward pass
Batch size for logging: 32
Sampled prior
Generated molecules

Epoch 9:  92%|█████████▏| 158/172 [00:27<00:02,  5.69it/s, v_num=miig]
Epoch 9:  92%|█████████▏| 158/172 [00:27<00:02,  5.69it/s, v_num=miig]Started forward pass
Batch size for logging: 32
Sampled prior
Generated molecules

Epoch 9:  92%|█████████▏| 159/172 [00:27<00:02,  5.69it/s, v_num=miig]
Epoch 9:  92%|█████████▏| 159/172 [00:27<00:02,  5.69it/s, v_num=miig]Started forward pass
Batch size for logging: 32
Sampled prior
Generated molecules

Epoch 9:  93%|█████████▎| 160/172 [00:28<00:02,  5.68it/s, v_num=miig]
Epoch 9:  93%|█████████▎| 160/172 [00:28<00:02,  5.68it/s, v_num=miig]Started forward pass
Batch size for logging: 32
Sampled prior
Generated molecules

Epoch 9:  94%|█████████▎| 161/172 [00:28<00:01,  5.68it/s, v_num=miig]
Epoch 9:  94%|█████████▎| 161/172 [00:28<00:01,  5.68it/s, v_num=miig]Started forward pass
Batch size for logging: 32
Sampled prior
Generated molecules

Epoch 9:  94%|█████████▍| 162/172 [00:28<00:01,  5.68it/s, v_num=miig]
Epoch 9:  94%|█████████▍| 162/172 [00:28<00:01,  5.68it/s, v_num=miig]Started forward pass
Batch size for logging: 32
Sampled prior
Generated molecules

Epoch 9:  95%|█████████▍| 163/172 [00:28<00:01,  5.68it/s, v_num=miig]
Epoch 9:  95%|█████████▍| 163/172 [00:28<00:01,  5.68it/s, v_num=miig]Started forward pass
Batch size for logging: 32
Sampled prior
Generated molecules

Epoch 9:  95%|█████████▌| 164/172 [00:28<00:01,  5.68it/s, v_num=miig]
Epoch 9:  95%|█████████▌| 164/172 [00:28<00:01,  5.68it/s, v_num=miig]Started forward pass
Batch size for logging: 32
Sampled prior
Generated molecules

Epoch 9:  96%|█████████▌| 165/172 [00:29<00:01,  5.68it/s, v_num=miig]
Epoch 9:  96%|█████████▌| 165/172 [00:29<00:01,  5.68it/s, v_num=miig]Started forward pass
Batch size for logging: 32
Sampled prior
Generated molecules

Epoch 9:  97%|█████████▋| 166/172 [00:29<00:01,  5.68it/s, v_num=miig]
Epoch 9:  97%|█████████▋| 166/172 [00:29<00:01,  5.68it/s, v_num=miig]Started forward pass
Batch size for logging: 32
Sampled prior
Generated molecules

Epoch 9:  97%|█████████▋| 167/172 [00:29<00:00,  5.69it/s, v_num=miig]
Epoch 9:  97%|█████████▋| 167/172 [00:29<00:00,  5.69it/s, v_num=miig]Started forward pass
Batch size for logging: 32
Sampled prior
Generated molecules

Epoch 9:  98%|█████████▊| 168/172 [00:29<00:00,  5.69it/s, v_num=miig]
Epoch 9:  98%|█████████▊| 168/172 [00:29<00:00,  5.69it/s, v_num=miig]Started forward pass
Batch size for logging: 32
Sampled prior
Generated molecules

Epoch 9:  98%|█████████▊| 169/172 [00:29<00:00,  5.69it/s, v_num=miig]
Epoch 9:  98%|█████████▊| 169/172 [00:29<00:00,  5.69it/s, v_num=miig]Started forward pass
Batch size for logging: 32
Sampled prior
Generated molecules

Epoch 9:  99%|█████████▉| 170/172 [00:29<00:00,  5.69it/s, v_num=miig]
Epoch 9:  99%|█████████▉| 170/172 [00:29<00:00,  5.69it/s, v_num=miig]Started forward pass
Batch size for logging: 32
Sampled prior
Generated molecules

Epoch 9:  99%|█████████▉| 171/172 [00:30<00:00,  5.69it/s, v_num=miig]
Epoch 9:  99%|█████████▉| 171/172 [00:30<00:00,  5.69it/s, v_num=miig]Started forward pass
Batch size for logging: 28
Sampled prior
Generated molecules

Epoch 9: 100%|██████████| 172/172 [00:30<00:00,  5.69it/s, v_num=miig]
Epoch 9: 100%|██████████| 172/172 [00:30<00:00,  5.69it/s, v_num=miig]

Validation: |          | 0/? [00:00<?, ?it/s][A

Validation: |          | 0/? [00:00<?, ?it/s][A

Validation DataLoader 0:   0%|          | 0/16 [00:00<?, ?it/s][AStarted validation step
Started forward pass
Batch size for logging: 32
Sampled prior
Generated molecules
Computed forward pass in validation step
Reached here


Validation DataLoader 0:   6%|▋         | 1/16 [00:00<00:02,  6.06it/s][AStarted validation step
Started forward pass
Batch size for logging: 32
Sampled prior
Generated molecules
Computed forward pass in validation step
Reached here


Validation DataLoader 0:  12%|█▎        | 2/16 [00:00<00:02,  6.22it/s][AStarted validation step
Started forward pass
Batch size for logging: 32
Sampled prior
Generated molecules
Computed forward pass in validation step
Reached here


Validation DataLoader 0:  19%|█▉        | 3/16 [00:00<00:02,  6.30it/s][AStarted validation step
Started forward pass
Batch size for logging: 32
Sampled prior
Generated molecules
Computed forward pass in validation step
Reached here


Validation DataLoader 0:  25%|██▌       | 4/16 [00:00<00:01,  6.35it/s][AStarted validation step
Started forward pass
Batch size for logging: 32
Sampled prior
Generated molecules
Computed forward pass in validation step
Reached here


Validation DataLoader 0:  31%|███▏      | 5/16 [00:00<00:01,  6.39it/s][AStarted validation step
Started forward pass
Batch size for logging: 32
Sampled prior
Generated molecules
Computed forward pass in validation step
Reached here


Validation DataLoader 0:  38%|███▊      | 6/16 [00:00<00:01,  6.42it/s][AStarted validation step
Started forward pass
Batch size for logging: 32
Sampled prior
Generated molecules
Computed forward pass in validation step
Reached here


Validation DataLoader 0:  44%|████▍     | 7/16 [00:01<00:01,  6.44it/s][AStarted validation step
Started forward pass
Batch size for logging: 32
Sampled prior
Generated molecules
Computed forward pass in validation step
Reached here


Validation DataLoader 0:  50%|█████     | 8/16 [00:01<00:01,  6.46it/s][AStarted validation step
Started forward pass
Batch size for logging: 32
Sampled prior
Generated molecules
Computed forward pass in validation step
Reached here


Validation DataLoader 0:  56%|█████▋    | 9/16 [00:01<00:01,  6.48it/s][AStarted validation step
Started forward pass
Batch size for logging: 32
Sampled prior
Generated molecules
Computed forward pass in validation step
Reached here


Validation DataLoader 0:  62%|██████▎   | 10/16 [00:01<00:00,  6.51it/s][AStarted validation step
Started forward pass
Batch size for logging: 32
Sampled prior
Generated molecules
Computed forward pass in validation step
Reached here


Validation DataLoader 0:  69%|██████▉   | 11/16 [00:01<00:00,  6.52it/s][AStarted validation step
Started forward pass
Batch size for logging: 32
Sampled prior
Generated molecules
Computed forward pass in validation step
Reached here


Validation DataLoader 0:  75%|███████▌  | 12/16 [00:01<00:00,  6.54it/s][AStarted validation step
Started forward pass
Batch size for logging: 32
Sampled prior
Generated molecules
Computed forward pass in validation step
Reached here


Validation DataLoader 0:  81%|████████▏ | 13/16 [00:01<00:00,  6.55it/s][AStarted validation step
Started forward pass
Batch size for logging: 32
Sampled prior
Generated molecules
Computed forward pass in validation step
Reached here


Validation DataLoader 0:  88%|████████▊ | 14/16 [00:02<00:00,  6.56it/s][AStarted validation step
Started forward pass
Batch size for logging: 32
Sampled prior
Generated molecules
Computed forward pass in validation step
Reached here


Validation DataLoader 0:  94%|█████████▍| 15/16 [00:02<00:00,  6.57it/s][AStarted validation step
Started forward pass
Batch size for logging: 20
Sampled prior
Generated molecules
Computed forward pass in validation step
Reached here


Validation DataLoader 0: 100%|██████████| 16/16 [00:02<00:00,  6.70it/s][A

                                                                        [A
Epoch 9: 100%|██████████| 172/172 [00:36<00:00,  4.75it/s, v_num=miig]
Epoch 9: 100%|██████████| 172/172 [00:36<00:00,  4.75it/s, v_num=miig]`Trainer.fit` stopped: `max_epochs=10` reached.
Logged generator_final.pth to wandb.
Logged generator_best.pth to wandb (val_loss=0.000436).

Epoch 9: 100%|██████████| 172/172 [00:36<00:00,  4.74it/s, v_num=miig]LOCAL_RANK: 0 - CUDA_VISIBLE_DEVICES: [0]
SLURM auto-requeueing enabled. Setting signal handlers.

Loaded best weights (val_loss=0.000436) into model.

Testing: |          | 0/? [00:00<?, ?it/s]
Testing: |          | 0/? [00:00<?, ?it/s]
Testing DataLoader 0:   0%|          | 0/17 [00:00<?, ?it/s]Started forward pass
Batch size for logging: 32
Sampled prior
Generated molecules

Testing DataLoader 0:   6%|▌         | 1/17 [00:00<00:02,  5.77it/s]Started forward pass
Batch size for logging: 32
Sampled prior
Generated molecules

Testing DataLoader 0:  12%|█▏        | 2/17 [00:00<00:02,  6.39it/s]Started forward pass
Batch size for logging: 32
Sampled prior
Generated molecules

Testing DataLoader 0:  18%|█▊        | 3/17 [00:00<00:02,  6.71it/s]Started forward pass
Batch size for logging: 32
Sampled prior
Generated molecules

Testing DataLoader 0:  24%|██▎       | 4/17 [00:00<00:01,  6.87it/s]Started forward pass
Batch size for logging: 32
Sampled prior
Generated molecules

Testing DataLoader 0:  29%|██▉       | 5/17 [00:00<00:01,  6.96it/s]Started forward pass
Batch size for logging: 32
Sampled prior
Generated molecules

Testing DataLoader 0:  35%|███▌      | 6/17 [00:00<00:01,  7.00it/s]Started forward pass
Batch size for logging: 32
Sampled prior
Generated molecules

Testing DataLoader 0:  41%|████      | 7/17 [00:00<00:01,  7.05it/s]Started forward pass
Batch size for logging: 32
Sampled prior
Generated molecules

Testing DataLoader 0:  47%|████▋     | 8/17 [00:01<00:01,  7.09it/s]Started forward pass
Batch size for logging: 32
Sampled prior
Generated molecules

Testing DataLoader 0:  53%|█████▎    | 9/17 [00:01<00:01,  7.13it/s]Started forward pass
Batch size for logging: 32
Sampled prior
Generated molecules

Testing DataLoader 0:  59%|█████▉    | 10/17 [00:01<00:00,  7.16it/s]Started forward pass
Batch size for logging: 32
Sampled prior
Generated molecules

Testing DataLoader 0:  65%|██████▍   | 11/17 [00:01<00:00,  7.20it/s]Started forward pass
Batch size for logging: 32
Sampled prior
Generated molecules

Testing DataLoader 0:  71%|███████   | 12/17 [00:01<00:00,  7.23it/s]Started forward pass
Batch size for logging: 32
Sampled prior
Generated molecules

Testing DataLoader 0:  76%|███████▋  | 13/17 [00:01<00:00,  7.26it/s]Started forward pass
Batch size for logging: 32
Sampled prior
Generated molecules

Testing DataLoader 0:  82%|████████▏ | 14/17 [00:01<00:00,  7.28it/s]Started forward pass
Batch size for logging: 32
Sampled prior
Generated molecules

Testing DataLoader 0:  88%|████████▊ | 15/17 [00:02<00:00,  7.30it/s]Started forward pass
Batch size for logging: 32
Sampled prior
Generated molecules

Testing DataLoader 0:  94%|█████████▍| 16/17 [00:02<00:00,  7.32it/s]Started forward pass
Batch size for logging: 29
Sampled prior
Generated molecules

Testing DataLoader 0: 100%|██████████| 17/17 [00:02<00:00,  7.37it/s]
Testing DataLoader 0: 100%|██████████| 17/17 [00:02<00:00,  7.36it/s]wandb: updating run metadata
wandb: uploading individual_components/generator_final.pth; uploading individual_components/generator_best.pth; uploading output.log; uploading wandb-summary.json; uploading config.yaml
wandb: uploading individual_components/generator_final.pth; uploading individual_components/generator_best.pth
wandb: 
wandb: Run history:
wandb:             chem/atom_stability ▅▇█▅▁▄▄▃▄▃
wandb:            chem/heavy_atom_mean ▃▂▁▆█▆▇█▇▇
wandb:              chem/mol_stability ▁▁▁▁▁▁▁▁▁▁
wandb:                 chem/uniqueness ▄▁▄▇▁█▅▅▅▆
wandb:                   chem/validity ▄▁▄▄█▃▆▅▅▅
wandb:      debug/gen_center_norm_mean ▁▁▁▃▄▇▆▆▆▇▇▇▇█▇▅▆▇▇▅▆▆█▆▆▅█▆▆▆▇▅▆▆▇▅▆▆▆▆
wandb:       debug/gen_center_norm_std ▁▁▁▁▁▆██▅▆▆▆▃▅▇▆▆▇▇▇▇▇▇▆▇▇▇█▇▇█▆▇▇▆▇▆█▇▆
wandb:     debug/real_center_norm_mean ▁▄▅▇▅▂▄▆▄▇▄▃█▇▃▃▄▇▆▃▆▄▄▅▄▃▆▆▄█▄▆▆▃▄▃▂▃▆▃
wandb:  debug/val_gen_center_norm_mean █▇▆█▁▇▆▆▅▆
wandb: debug/val_real_center_norm_mean ▇▄▄▁▂▅█▅▅▃
wandb:                             +86 ...
wandb: 
wandb: Run summary:
wandb:             chem/atom_stability 0.08175
wandb:            chem/heavy_atom_mean 10.878
wandb:              chem/mol_stability 0
wandb:                 chem/uniqueness 0.94318
wandb:                   chem/validity 0.528
wandb:      debug/gen_center_norm_mean 7.12998
wandb:       debug/gen_center_norm_std 3.51221
wandb:     debug/real_center_norm_mean 0.0
wandb:  debug/val_gen_center_norm_mean 7.03322
wandb: debug/val_real_center_norm_mean 0.0
wandb:                             +86 ...
wandb: 
wandb: 🚀 View run solar-frost-34 at: https://wandb.ai/equivariant-drifting/riemannian/runs/kce8miig
wandb: ⭐️ View project at: https://wandb.ai/equivariant-drifting/riemannian
wandb: Synced 5 W&B file(s), 11 media file(s), 22 artifact file(s) and 2 other file(s)
wandb: Find logs at: ./wandb/run-20260510_114507-kce8miig/logs

────────────────────────────────────────────────────────────────────────────────────────────────────────────────────────
       Test metric             DataLoader 0
────────────────────────────────────────────────────────────────────────────────────────────────────────────────────────
        test_loss          0.0006394024821929634
────────────────────────────────────────────────────────────────────────────────────────────────────────────────────────
